mu_1,mu_2,mu_3,mu_4,mu_5,mu_6,mu_7,mu_8,mu_9,mu_10,mu_11,mu_12,mu_13,mu_14,mu_15,mu_16,Cluster,GMM_Confidence,Recon_Error,Player
0.17975408,-0.0039523393,-0.11469717,-0.1102108,0.96355927,0.2788482,-0.14075102,0.08901058,0.13005182,1.4889067,0.24825075,-0.4876589,0.1623815,-0.4348428,0.2165556,-0.079061545,7,1.0,0.06527555,Yunis Abdelhamid
0.65802467,-0.070637725,-0.1801349,0.031058788,-0.5996832,0.24286988,0.2287658,0.7638957,0.8567352,-2.6034021,-0.14531073,0.65311956,0.43532428,0.31213352,-0.18681887,0.15420797,6,0.9987199,0.2797753,Himad Abdelli
-0.04098867,0.2712106,0.0033831596,-0.09505089,0.81155723,0.38856634,-0.11859611,-0.014238298,0.19193625,1.3301691,0.070877135,-0.60933816,0.1204137,-0.31619978,0.03721544,-0.09504444,7,0.99969673,0.1438985,Mohamed Abdelmoneim
-0.34870082,-0.3833397,-0.11593489,-0.05071414,-0.83147,-0.21254715,0.06260733,0.030816924,-0.16917863,-0.8806126,-0.10152416,0.5252183,-0.28930286,0.24070004,-0.0827464,0.074640125,2,1.0,0.11507748,Ali Abdi
0.3864168,0.8134861,0.24250469,-0.17174129,0.33006394,0.5373878,-0.12130788,0.047170054,0.5664163,-0.7227259,-0.17587484,-0.3882941,-0.15357444,-0.096300125,-0.29444346,-0.15994358,6,0.9985676,0.14355619,Abel
-0.7195221,-1.1389865,-0.48085868,0.43341088,-1.6288037,-1.0305847,0.44558412,0.0018599024,-0.6698647,-1.0518807,-0.098627076,1.2079059,-0.096926056,0.501395,-0.09852521,-0.07586663,4,0.9999829,0.13941646,Matthis Abline
0.19395715,0.10638818,0.114122465,-0.14245808,0.53112465,0.20424202,-0.11699858,0.054900784,0.0021808594,0.48877463,0.22778401,-0.1707301,-0.070521995,-0.23861054,0.07438566,0.024367154,3,0.6304708,0.053145804,Abner
-1.0049645,-1.0357913,-1.0756189,0.10388347,-1.949732,-1.1006908,0.6388844,0.33884758,-0.85908777,-0.22689414,-0.31307203,1.5336301,-0.5351352,0.58333534,0.24406636,0.0020167455,4,1.0,0.12229806,Zakaria Aboukhlal
1.4516584,0.786645,-0.16705115,0.14396998,1.642004,0.7009865,-0.159942,0.41738573,1.0566875,0.22034922,0.09417525,-0.2839362,0.6880694,-0.11255183,0.04194659,0.15884231,1,1.0,0.1525373,Abdel Abqar
-1.0283628,-0.7432491,-0.6044078,-0.13132337,-1.2716751,-0.7298325,0.41988677,-0.090855524,-0.89542824,0.3316586,-0.16402046,0.8559389,-0.5957654,0.36246687,0.14619973,0.22447085,5,0.99999905,0.1742054,Tammy Abraham
1.2732744,0.3289516,-0.15780403,0.21179578,1.5223861,0.50147164,-0.20734875,0.36811018,0.76160985,0.55796903,0.25765958,-0.24068956,0.6618388,-0.23661163,0.22689378,0.004165426,1,1.0,0.0823553,Francesco Acerbi
-0.8393935,-0.7498757,-0.63257027,-0.23164856,-0.8901957,-0.68381125,0.30199045,0.021242943,-0.9069731,1.1267488,-0.052408464,0.93843466,-0.80794615,0.1709984,0.29859444,0.12821366,5,1.0,0.09876551,Akor Adams
-0.8714026,-1.1569784,-0.99438214,0.15285292,-1.8081697,-1.0279183,0.61723506,0.29438654,-0.7792641,-0.46393067,-0.24057968,1.4427443,-0.36818382,0.64034647,0.17357737,0.11784786,4,1.0,0.08098808,Che Adams
0.04762112,1.2958928,-0.03553337,-0.388441,0.40531462,0.8513886,-0.012434885,0.1251713,0.8405458,-0.7203644,-0.25103837,-0.8705956,-0.3604013,0.11844075,-0.064111054,-0.22663817,6,0.9999814,0.28812373,Tyler Adams
-0.9296495,-0.55854326,-0.42819148,-0.14312005,-1.1563104,-0.73402834,0.35495365,-0.19051184,-0.7912587,0.386768,-0.21604688,0.83174115,-0.62714756,0.31981993,0.058233544,0.10376557,5,1.0,0.16033807,Junior Adamu
0.92627597,0.060575306,-0.1982535,0.07815678,1.4657862,0.33620164,-0.28158128,0.3579153,0.4980439,1.0493026,0.4245155,-0.317685,0.5420026,-0.46110088,0.36460733,0.023215927,7,1.0,0.079057515,Tosin Adarabioyo
-0.74448,-1.1685916,0.2508185,0.51492625,-1.3763363,-0.8610415,0.062681675,-0.5175542,-0.77001774,-1.247351,0.015416782,0.5051178,0.15265244,0.32409078,-0.26339436,0.1723668,2,1.0,0.13855304,Karim Adeyemi
-0.46442923,-0.5495526,0.41219693,0.129745,-0.70150566,-0.5341549,-0.2624785,-0.6955519,-0.70909745,-0.2950526,0.017790068,0.20671007,-0.18902056,0.056557715,-0.23556842,0.10770661,2,0.72547776,0.061504204,Simon Adingra
-0.5192212,-0.59875923,-0.008359894,0.009481609,-0.6137144,-0.48985648,-0.094230585,-0.49309793,-0.7029516,0.5628846,0.019836893,0.4676154,-0.45919523,0.11797652,0.036526978,0.16060889,5,1.0,0.08616705,Amine Adli
0.006931342,-0.13498539,0.33578402,-0.17449275,-0.2843827,0.038202867,-0.246787,-0.07225853,-0.24494323,-0.7264816,0.19328907,-0.12939167,-0.037743926,0.12542924,-0.059537776,0.27962533,2,0.99964815,0.19016492,Yacine Adli
-0.054577366,-0.35847664,0.023295477,-0.22189832,0.58733994,0.03928463,-0.16269577,0.08428763,-0.27535415,1.3525999,0.26093635,-0.207604,-0.2390613,-0.3810051,0.21175206,-0.021660335,0,0.99995613,0.036392637,Michel Aebischer
-0.47680822,-0.60314924,0.2644307,0.18614003,-0.6776623,-0.5745149,-0.19323997,-0.4934362,-0.6051711,-0.37139678,0.01851004,0.40800726,-0.21057573,0.13782409,-0.20228088,0.038473353,2,0.99999905,0.093205385,Oladapo Afolayan
1.044059,0.14575377,-0.24725951,0.13786644,1.5577676,0.3933274,-0.24839458,0.36614996,0.6073085,1.0306517,0.4090349,-0.29942772,0.59998107,-0.45630112,0.39777267,0.039591864,7,1.0,0.07294629,Emmanuel Agbadou
0.93709946,0.06934345,-0.16007797,0.090899475,1.4034606,0.36625743,-0.24833053,0.26339057,0.5201486,0.90858495,0.4208417,-0.26975393,0.44471452,-0.38751328,0.37858897,0.050009448,7,1.0,0.07197477,Emmanuel Agbadou
0.5826942,0.75913215,0.043074682,-0.12814564,0.5862025,0.78674126,-0.047528252,0.2558569,0.94277954,-1.3082839,-0.14707482,-0.2401606,-0.025206685,0.10829529,-0.09511532,0.26709107,6,1.0,0.24001189,Lucien Agoume
-0.04833266,0.38323224,0.44655454,-0.07838325,0.0023775138,0.068364576,-0.19327542,-0.1869679,4.9993396e-05,-0.32289308,-0.029502213,-0.12357546,-0.15071805,-0.0590597,-0.22455817,-0.085676335,3,0.99996567,0.13126838,Felix Agu
0.99912167,0.63782805,-0.15756209,0.18027362,1.1996456,0.5250303,-0.16588,0.4394967,0.7580557,0.3195899,-0.06662586,-0.1587499,0.46968082,-0.08320674,0.0933373,-0.06705973,1,0.99989885,0.109329656,Nayef Aguerd
-0.057685643,0.18552943,0.4285031,-0.037364665,-0.035638526,0.14849953,-0.25119466,-0.2536565,-0.09457381,-0.24529657,0.12226771,-0.18840821,-0.19085768,-0.01746738,-0.03546153,0.012161538,3,0.99845815,0.047101922,Ruben Aguilar
0.2129943,0.73713845,-0.07250045,-0.25386453,0.4907789,0.70583665,-0.008915126,0.14221804,0.6986357,-0.2890798,0.030541644,-0.27278337,-0.2883285,0.09139709,-0.078987524,-0.010874994,3,0.9979793,0.13912691,Jean-Eudes Aholou
0.820878,-0.80481195,-0.3118484,-0.019440405,1.4894897,0.12816401,-0.44757771,0.3339003,-0.03795618,2.0207784,0.88810205,-0.5997561,0.34962633,-0.6085492,0.67425257,-0.00409317,7,1.0,0.22404847,Joseph Aidoo
0.54910874,1.163035,0.25283805,-0.12850566,0.55956024,0.77235407,-0.12338227,0.23211032,0.8548416,-1.276403,-0.35398406,-0.43761885,-0.032328255,-0.11029831,-0.36469933,-0.123856835,6,1.0,0.17509314,Ola Aina
0.32032835,0.8632327,0.5380532,-0.11514882,-0.13382515,0.46423537,0.01906468,0.45183414,1.0289968,-2.8579252,-0.3687464,-0.35997063,0.038961075,0.17743829,-0.34499744,0.00075891614,6,1.0,0.2556677,Rayan Aït-Nouri
0.088041626,0.21791627,0.034527823,-0.095724784,0.61890477,0.2832078,-0.07359007,0.022359684,0.12570447,0.73827654,0.13709214,-0.2429355,-0.027608834,-0.2004557,0.05198279,-0.0037409961,7,0.99998474,0.051587157,Kristoffer Ajer
-0.6701615,-1.5122439,-1.1840181,0.082128294,-2.1353455,-1.0661807,0.8313223,0.54906005,-0.7694394,-0.7305757,-0.36384934,1.4118528,-0.25994432,0.7880173,0.18597019,0.25021452,4,1.0,0.21182394,Ludovic Ajorque
1.7878771,-0.007096991,-0.3645826,0.59086764,1.3481219,0.045447335,-0.10025129,0.7653215,0.6904668,0.33263808,0.21899664,0.030553406,0.95993036,0.031092942,0.4985782,-0.2885951,1,1.0,0.44927344,Manuel Akanji
0.67100453,-0.75671804,-0.29940873,-0.038615514,1.237009,0.08011326,-0.37560442,0.22645566,-0.12937285,1.766172,0.83677024,-0.38849044,0.16550058,-0.49791437,0.63939065,0.033946835,7,1.0,0.27187818,Ümit Akdag
0.87162685,-0.781885,-0.24382357,0.072995596,1.4406421,0.11178374,-0.42286897,0.28612056,-0.01647748,1.8028929,0.9117865,-0.5457519,0.4073288,-0.54173106,0.65380603,-0.030376725,7,1.0,0.22198352,Nathan Aké
-0.45474413,-0.4124683,0.17336726,-0.01812645,-0.19275142,-0.31933105,-0.1313314,-0.50654775,-0.57618374,0.98238397,0.14411658,0.110594675,-0.4251995,-0.17585771,0.00063185394,0.038193062,5,1.0,0.10836686,Ilias Akhomach
0.4016657,0.58292896,0.44894683,0.034536906,0.2949861,0.33746767,-0.19426993,0.13770473,0.4477967,-1.019136,-0.15894736,-0.10755011,0.05806867,-0.028746925,-0.28962457,-0.12400416,6,0.9921943,0.1226366,Sergio Akieme
-0.4053478,-0.717181,0.5371553,0.50865304,-1.4071285,-0.7960224,0.60127157,0.1326494,-0.21175739,-3.686666,0.03859763,0.19266547,1.260113,0.3155934,-0.29878038,0.13713391,2,1.0,0.26799908,Maghnes Akliouche
0.66150665,1.599036,-0.021665484,-0.09435492,1.1265011,1.0978284,-0.18845394,0.18785045,1.1947424,-0.3630598,-0.34228063,-0.7984506,0.21133041,0.066764146,-0.2085419,-0.1524069,1,0.9999943,0.13531855,Clément Akpa
-0.23085785,0.047856912,0.017013654,-0.22623065,0.43889126,0.18787998,-0.039798155,-0.10202555,-0.04546655,1.3152276,0.028857064,-0.33739412,-0.25742844,-0.23677123,0.06656571,-0.13479841,0,1.0,0.09086485,Jean-Daniel Akpa-Akpro
1.1852328,1.0836499,-0.1314012,0.13844264,1.4587119,0.8484966,-0.22914293,0.289121,1.1243967,0.06024241,-0.13648248,-0.4412495,0.46109614,-0.052833818,-0.004167214,0.07664636,1,1.0,0.06449608,Kevin Akpoguma
-0.8325664,-0.7448103,-0.6567685,-0.25314707,-0.91510516,-0.65452516,0.3429497,0.056696746,-0.89368385,1.2729565,-0.115535215,0.93062454,-0.8250775,0.13605565,0.2895909,0.089135826,5,1.0,0.06801441,Chuba Akpom
0.33038476,-0.054116946,-0.12982439,-0.022188552,1.124252,0.2550271,-0.1935986,0.17303951,0.17902747,1.4975909,0.32253766,-0.5107968,0.30678824,-0.4854058,0.22523889,-0.08624599,7,1.0,0.11011584,Raúl Albiol
-0.4110927,-0.5340645,0.09553137,0.0017516688,-0.35169414,-0.30816278,-0.11099885,-0.438162,-0.6281041,0.5673662,0.16607708,0.26440802,-0.38849074,0.023175493,0.031067088,0.24008948,5,1.0,0.14837328,Carlos Alcaraz
1.4539958,1.2420049,-0.13760523,0.20922384,1.5626662,0.7531132,-0.10121681,0.58345604,1.2504969,-0.33571532,-0.21708377,-0.17562366,0.69543415,0.032737836,-0.0971644,0.100409046,1,1.0,0.35040146,Omar Alderete
0.0172773,-0.82895714,-0.17057015,-0.17044368,0.6398163,-0.11817593,-0.24703583,0.1455573,-0.4513625,1.7713519,0.4750504,-0.04384557,-0.279657,-0.46467414,0.45100015,0.031806357,0,1.0,0.16300628,Carles Aleñá
-0.23623815,-0.24533507,0.30321553,-0.19809696,0.015572969,-0.11220189,-0.21804407,-0.3421359,-0.42163566,0.604006,0.23545647,-0.05738961,-0.36137167,-0.23301676,-0.026642434,0.1617975,0,0.8734291,0.070447765,Carles Aleñá
0.33458453,0.90014225,0.97291464,-0.08589812,0.04731268,0.34451932,0.014539972,0.61519134,0.7312213,-3.5809274,-0.48724627,-0.6623101,0.41076943,0.3218746,-0.38871533,0.45220724,6,1.0,0.2225729,Trent Alexander-Arnold
-0.7893404,-1.0223312,0.0930545,0.38867748,-1.2197605,-0.8805279,-0.022745103,-0.6499776,-0.9107413,-0.55007845,-0.010491516,0.67927027,-0.16520679,0.32814088,-0.22539371,-0.03154912,2,1.0,0.19435537,Alfon
-0.7373316,-0.60203207,0.7603578,0.35396188,-0.90823203,-0.9459485,-0.08440505,-0.7851096,-0.8676484,-1.10533,0.06127581,0.20838681,0.16433701,0.025296867,-0.4218961,0.07529536,2,1.0,0.0878108,Mohamed Ali Cho
-0.64398825,-0.45204347,0.08852196,0.041540883,-0.90106624,-0.635957,0.010246575,-0.32508293,-0.56870604,-0.31455013,-0.023227062,0.5015779,-0.3360726,0.18396404,-0.15875885,0.0013798848,2,1.0,0.13078026,Jim Allevinah
0.0030725002,-0.5726031,0.42355168,0.14992645,-0.3664277,-0.18142825,-0.25767618,-0.26934108,-0.44860864,-0.6273391,0.4225675,0.12988572,0.2029826,0.17293313,-0.032407135,0.20219162,2,0.9972154,0.18414791,Thiago Almada
-0.018992886,0.34932512,0.70276755,-0.09809068,-0.18779491,0.18598777,-0.2290208,-0.11951549,0.010953978,-1.4303402,-0.10660805,-0.5169798,-0.0013643876,0.06982139,-0.24170174,0.16908261,6,1.0,0.16756341,Domingos André Ribeiro Almeida
-0.4698181,-0.1361523,0.035861596,-0.2596053,-0.5128973,-0.28346568,0.04384941,-0.30475155,-0.4003913,0.6434736,-0.015461575,0.24301459,-0.58520085,0.055812836,-0.042293683,0.0784046,5,1.0,0.10568446,Pontus Almqvist
1.9360324,1.0566722,-0.51966083,0.42097574,1.2879407,0.5398998,0.1204841,1.1608775,1.5860108,-1.3172549,-0.55247456,0.49787614,0.7800984,0.1626035,-0.08065775,-0.26907602,1,1.0,0.24354038,Marcos Alonso
0.5290434,-0.31637818,-0.2691602,-0.11927324,1.2120211,0.13985835,-0.2346798,0.28019717,0.069792315,1.5115378,0.6102741,-0.30196428,0.16989169,-0.47596496,0.45965976,0.06058975,7,1.0,0.1975089,Giorgio Altare
-0.02582413,0.6105947,0.14405449,-0.14461663,0.5450185,0.53418314,-0.122598425,-0.14893728,0.26089618,0.46098632,-0.089289054,-0.62566745,-0.04157835,-0.17767926,-0.123015374,-0.121848784,3,1.0,0.0793079,Adrià Altimira
0.6731764,0.674456,-0.05314067,-0.07354193,0.74063224,0.5900925,-0.03055583,0.31409112,0.9011358,-0.9249631,-0.13880204,-0.088366225,-0.017324455,0.087373,-0.06618088,0.09087301,1,0.9895248,0.13180418,Sergi Altimira
0.3503437,0.72074026,0.02108857,-0.10432632,0.7299722,0.6700628,-0.19061492,0.054582264,0.5331406,-0.02523426,-0.10508712,-0.50975806,-0.026952788,-0.06802443,-0.030258998,-0.051089697,3,0.82421875,0.039246026,Edson Álvarez
-0.09176734,-0.42924923,0.17782374,0.20379019,-0.66140044,-0.41832745,-0.16850495,-0.21718681,-0.29360282,-0.7657743,0.09712353,0.5258149,0.0044284835,0.18952584,-0.10693295,-0.094606884,2,1.0,0.13505949,Hugo Álvarez
-0.4386324,-2.2033226,-1.1416891,0.6708142,-2.4682355,-1.181122,1.0736519,0.34214675,-0.75221175,-2.35923,-0.16749267,1.3752314,0.5351941,0.8698443,0.0021675825,0.24747482,4,1.0,0.16495194,Julián Álvarez
1.4374442,0.65808177,-0.20775639,0.22130859,1.6962452,0.58290666,-0.18684758,0.4728602,0.9678649,0.49703708,0.16606295,-0.24708839,0.7414399,-0.1819751,0.19808361,0.051960412,1,1.0,0.076695055,Yeray Álvarez
-0.27585173,-0.25961077,-0.24976029,-0.18307278,-0.5170866,-0.13441157,0.0682763,0.08771567,-0.21968131,0.24532169,0.08130333,0.5863592,-0.55594206,0.18475902,0.11599493,0.11334576,5,0.99923265,0.111382864,Selim Amallah
-0.037259564,-0.19887528,0.0046147704,-0.17119265,0.57065904,0.0045882985,-0.10343958,0.09429455,-0.15525384,1.1925973,0.22029693,-0.10766273,-0.23088306,-0.30279303,0.20489064,-0.041689493,0,0.99998474,0.06899543,Jordan Amavi
0.70657206,0.51528704,0.08555885,-0.07641578,0.70528764,0.5258549,-0.17638788,0.19877213,0.5392522,-0.33122325,-0.09170884,-0.22714029,0.13498726,-0.09869833,-0.11878838,-0.004776232,3,0.86279243,0.13641417,Kelvin Amian
0.80082726,0.7425546,0.27628127,0.16155353,0.43908325,0.435439,-0.11754652,0.523774,0.82508266,-1.6230203,-0.2965541,0.017005667,0.12959468,0.13595381,-0.25299796,-0.09183169,6,1.0,0.09053999,Michael Amir Murillo
0.2549538,-0.34494185,0.3556403,-0.028592642,-0.53160596,-0.1581189,0.29543275,0.68279296,0.07702762,-3.2462614,-0.15138918,0.050276816,0.728397,0.42973727,-0.17897998,0.522207,2,0.9981359,0.2998032,Nadiem Amiri
-0.3511644,-0.08592929,0.025662065,-0.27877164,0.2284514,0.049605563,-0.028089538,-0.12570514,-0.20867017,1.4213871,0.037557792,-0.17736039,-0.47624382,-0.23751315,0.050286323,-0.13021997,0,1.0,0.049184646,Mathis Amougou
-0.640306,-1.1882156,-0.24032776,0.55063593,-1.6487699,-0.95525765,0.42002553,-0.07053405,-0.4478974,-2.0762484,-0.01494804,0.8633112,0.43411252,0.46873367,-0.2537617,0.09293646,2,1.0,0.18748024,Mohamed Amoura
2.000812,1.169741,-0.3150251,0.4283995,2.1038918,0.6716749,-0.08539193,0.8551218,1.4470527,-0.0012637079,-0.11538966,-0.17485398,1.0677764,0.021503448,0.13184482,0.0008370802,1,1.0,0.11178694,Joachim Andersen
0.27108306,1.2298092,0.22278881,-0.34245706,0.18321572,0.9044351,0.02717562,0.40174147,1.0784141,-2.2030487,-0.2882222,-0.60655576,-0.27492952,0.09447871,-0.19106199,0.022285104,6,1.0,0.13045658,Elliot Anderson
0.40629646,1.4729979,-0.2640025,-0.32571882,0.7631835,1.0806708,0.022558331,0.04049434,1.2868403,-0.8649977,-0.20448938,-0.6338674,-0.34666896,0.11631882,-0.050449155,0.03196308,6,0.79383224,0.36252993,André
0.502581,1.7182373,-0.14875977,-0.29402333,0.5774295,1.2212547,0.088729754,0.4472197,1.5556912,-2.0260973,-0.396428,-0.7500503,-0.28159887,0.28411496,-0.14223532,0.015540823,6,1.0,0.19781463,Benjamin André
-0.6642326,-0.39674902,-0.27688998,-0.2281211,-0.5314765,-0.4108057,0.23728941,-0.092539236,-0.59625083,1.3039685,-0.048188016,0.5756368,-0.7187042,0.046452656,0.14533162,-0.0072254315,5,1.0,0.071788736,Marcos André
0.1551282,0.38745028,-0.08542962,-0.08553173,0.55000794,0.30235308,-0.056484737,0.1465217,0.31674272,0.45364955,0.13542032,-0.04095144,-0.06773226,-0.0514626,0.18500224,0.037015095,3,1.0,0.1177331,Robert Andrich
0.62545145,0.9184122,0.78908914,0.05368299,0.3759099,0.23283724,-0.04059007,0.32949013,0.6441535,-2.52653,-0.4422875,-0.3030882,0.43405196,0.034019053,-0.45488393,-0.017886616,6,1.0,0.33998528,Angeliño
-0.28978357,0.0976271,0.3035403,-0.15861362,-0.1639335,-0.052569978,-0.18495768,-0.3262271,-0.25457782,0.25172386,0.14486219,-0.04386338,-0.33898494,0.027297467,-0.017129265,0.08801709,3,0.99643385,0.056595348,Faustino Anjorin
1.9794216,0.74585986,-0.38582176,0.51036936,1.6691614,0.40924776,-0.008626044,0.89054996,1.2246505,-0.3501092,-0.089608625,0.20726678,0.98661596,0.14375713,0.16527703,-0.11450841,1,1.0,0.110778175,Waldemar Anton
-0.7961428,-0.428923,-0.13465424,-0.11193279,-0.7023213,-0.6072164,0.1819527,-0.38469973,-0.7712517,1.1556709,-0.11280882,0.52266204,-0.7007505,0.062072486,0.023257792,-0.037750177,5,1.0,0.07472725,Michail Antonio
-0.2557581,-0.2676289,0.04559417,-0.18177027,0.10986502,-0.14700365,-0.0711164,-0.1591123,-0.3574948,1.0452561,0.16022496,0.09776033,-0.45342752,-0.20411411,0.123497844,0.043620385,0,1.0,0.11248535,Antoniu
-0.4323534,-0.6044081,0.85403925,0.34973976,-0.8627894,-0.67342645,-0.14597063,-0.6677689,-0.6608657,-1.5242586,0.21095304,0.16567864,0.5127498,0.03450547,-0.37076592,0.23711267,2,1.0,0.18434216,Antony
-0.22299975,0.38423663,0.024701327,-0.2728997,0.09574799,0.2432009,0.018493071,-0.039454855,0.06652497,0.5179138,0.026524939,-0.13355778,-0.35635832,0.030896679,-0.013567299,-0.056887664,3,0.99992746,0.14789751,Anuar
0.41193837,1.211862,0.33329713,-0.21507934,0.44609225,0.8311663,-0.10721587,0.06219456,0.78676534,-1.2512536,-0.35964054,-0.7072005,-0.14302175,-0.110526815,-0.3132057,-0.050633304,6,1.0,0.12744674,Dennis Appiah
-0.15096135,-0.6438889,-1.1350778,-0.34727964,-1.5126137,-0.33513367,0.6947028,0.5533134,-0.033452928,-0.3656135,-0.21978761,1.1385072,-0.43432137,0.61133325,0.28410283,0.10916561,4,1.0,0.40477857,Mauro Arambarri
0.30787808,1.7506961,0.01478143,-0.35731328,0.58402306,1.0748572,-0.05351621,0.109653056,1.125485,-1.0511054,-0.48106968,-0.99454486,-0.27076146,0.016938984,-0.20030095,-0.22941211,6,1.0,0.24581842,Jon Aramburu
-0.6764525,0.03628102,0.03374073,-0.23203316,0.0876556,-0.014626332,0.115372196,-0.3066145,-0.25615096,2.024883,-0.11584501,-0.32371575,-0.43664825,-0.32901478,-0.061778314,-0.39137858,0,1.0,0.26466972,Julian Araujo
-0.48122808,0.28891957,-0.008352339,-0.19894865,0.1828607,0.06568878,0.02736108,-0.08897847,-0.033267103,1.4449706,-0.1002851,-0.27636406,-0.28511012,-0.1337959,0.002120331,-0.2782924,0,1.0,0.34260887,Ronald Araújo
-0.6638142,-0.5938731,-0.5658953,-0.22507107,-0.79340065,-0.5270735,0.25192767,0.04038476,-0.6818975,0.86526793,-0.1114316,0.813122,-0.6739716,0.13240838,0.23529968,0.13762587,5,1.0,0.22898087,Cameron Archer
0.3135511,0.9997431,0.2348655,-0.2134125,0.5078989,0.78988767,-0.14955665,-0.037060596,0.60000604,-0.66061133,-0.23298903,-0.6558298,-0.11952663,-0.15127134,-0.22418433,-0.049524494,6,0.9988658,0.078359365,Carlens Arcus
0.271157,0.8298975,1.2695941,0.0842089,-0.026273709,0.044625282,-0.20696701,-0.31635264,0.2687824,-1.9866111,-0.3441028,-0.76292104,0.21095064,-0.25886136,-0.5512308,-0.23284134,6,1.0,0.42665377,Jesús Areso
0.3395608,0.5369113,-0.09334959,-0.104717165,0.14217432,0.45466474,0.007985547,0.32272252,0.6638134,-0.5954063,-0.018133901,0.18026039,-0.250066,0.18381879,-0.076128006,-0.16092575,3,0.99699664,0.12084313,Joe Aribo
-0.54565525,-0.45927197,-0.23117067,-0.17402336,-0.52539265,-0.38432908,0.1264823,-0.17322272,-0.56266934,0.9338899,0.023552407,0.59315604,-0.6141436,0.066940695,0.12821722,0.16155529,5,1.0,0.094957426,Adam Armstrong
-0.094178125,-0.51667845,0.39371336,0.14945152,-0.7611419,-0.27231738,0.046112835,-0.10401249,-0.32828933,-1.7067486,0.053393513,0.18039773,0.41493353,0.23242709,-0.25941867,0.14055443,2,1.0,0.1222242,Hákon Arnar Haraldsson
-0.5125295,-0.8966408,-0.3985843,-0.17414546,-0.6272466,-0.44878304,0.08977164,-0.03532277,-0.7562592,1.053049,0.15735781,0.793108,-0.71351314,0.092290536,0.31353697,0.2950861,5,1.0,0.18963875,Marko Arnautović
0.055866458,0.7605427,0.560487,-0.16438514,0.15107901,0.23817718,-0.20172223,0.15425712,0.09677695,-1.2999603,-0.3099951,-0.5778115,0.11404543,0.06474945,-0.31648618,0.14060433,6,1.0,0.3634168,Maximilian Arnold
-0.6951182,-0.59823114,-0.21335109,-0.16468853,-0.80581313,-0.62181383,0.116491064,-0.29201773,-0.77559966,0.8820027,-0.0745096,0.57809657,-0.666808,0.15384686,0.028178066,0.08006182,5,1.0,0.13935629,Jann-Fiete Arp
-0.37132394,0.041401207,0.07216044,-0.26343673,0.24566078,0.084729016,0.021752328,-0.20998418,-0.17138314,1.4791968,-0.006678004,-0.34824705,-0.33236828,-0.29024273,5.3972006e-05,-0.15018934,0,1.0,0.11762923,Arthur
-0.86818755,-0.2084759,-0.30320913,-0.23429698,-0.87087744,-0.5036166,0.33395588,-0.15300852,-0.63169897,1.060251,-0.19883208,0.56017596,-0.7358806,0.14640918,0.051417023,-0.05347588,5,1.0,0.0612702,Takuma Asano
0.9394586,0.12318638,-0.15396912,0.093802266,1.572711,0.4588026,-0.28432935,0.28039068,0.5884002,1.0749754,0.3946259,-0.46609497,0.62059236,-0.48938242,0.31853297,0.010027684,7,1.0,0.07097469,Raúl Asencio
-0.3681572,-0.95352113,-0.25742882,-0.087113515,-0.68645144,-0.3770655,-0.080608055,-0.23458545,-0.7274086,0.49759698,0.2654563,0.6256275,-0.44940895,0.22245911,0.16984358,0.2986743,5,0.9999934,0.18590671,Marco Asensio
-0.6900667,-1.2265053,-0.32678866,0.10430867,-1.1057785,-0.56443167,0.036867574,-0.39340732,-0.9605665,0.11493689,0.20443963,0.6896424,-0.36380935,0.33591145,0.0995087,0.3134269,2,0.9998593,0.42888016,Marco Asensio
-0.3155904,0.058434576,0.1596727,-0.10668971,-0.03708194,-0.17260534,-0.020783246,-0.16842426,-0.31443343,0.5651487,0.16044736,-0.015996354,-0.24452278,-0.03733927,0.015652895,0.088413596,3,1.0,0.26235783,Kristjan Asllani
-0.20211712,-1.3065003,-0.12636046,0.39262655,-1.2350267,-0.49211878,0.34591442,0.12663677,-0.5225477,-2.0306635,0.18412854,0.5696903,0.58985233,0.4908353,-0.13578723,0.47382522,2,1.0,0.22564499,Iago Aspas
-0.33134454,-0.3953483,0.6510025,0.21760806,-0.6461286,-0.57638943,-0.17688093,-0.5751827,-0.6250903,-0.95305324,0.26869082,0.17783184,0.19336969,0.03124006,-0.18895659,0.11482674,2,1.0,0.12480871,Yaser Asprilla
0.11770642,0.37788552,0.8685214,0.09874167,-0.27290082,0.01341866,-0.050611533,-0.044247743,0.35143834,-1.9331982,-0.1849801,-0.15768681,0.20787093,-0.052560553,-0.5208174,-0.039352603,6,1.0,0.17595437,Lorenz Assignon
0.2807029,1.2878261,-0.123756334,-0.33381593,0.44363937,0.9286785,0.090915576,0.23247257,1.1175319,-0.98003256,-0.18443303,-0.41690513,-0.37532392,0.11522958,-0.1555864,-0.18386737,6,0.99999905,0.19589035,Valentin Atangana Edoa
-0.22744486,-0.0892527,0.25804657,-0.07473591,-0.06669411,-0.13757694,-0.2366314,-0.34383765,-0.3640595,0.38749915,0.17159773,0.056973614,-0.28589424,-0.07042692,0.012718305,0.070899025,3,0.8229024,0.055006884,Arthur Atta
0.31463686,0.79301214,1.062625,0.027231745,0.22679278,0.18819046,-0.23131824,0.017574586,0.32172015,-1.9780426,-0.30546004,-0.7359757,0.12181825,-0.16985828,-0.5047761,0.008076876,6,1.0,0.26805514,Tommaso Augello
0.7931831,0.058107793,-0.21632089,0.13982472,0.36869654,0.083770655,-0.102083,0.52459395,0.38985074,-0.28400528,0.052433025,0.47789663,0.24286354,0.1656771,0.1531964,-0.15032455,3,0.999957,0.17632525,Carlos Augusto
0.33469662,0.6862046,-0.1494524,0.06063489,0.3893394,0.26341313,-0.086127855,0.3990677,0.46778095,0.059064277,-0.2240286,0.092594616,0.13062268,0.1676772,0.053324446,-0.0900897,3,1.0,0.30852595,Yann Aurel Bisseck
-0.5623108,-0.57863134,0.009030595,-0.1128619,-0.45644984,-0.48273152,-0.053828694,-0.4611877,-0.7229193,1.0096123,0.09762304,0.39470577,-0.5994065,-0.03418102,0.055549204,0.10066194,5,1.0,0.08991502,Ezequiel Ávila
0.111555554,0.46995175,0.22078228,-0.18920434,-0.055630118,0.46099356,-0.111088276,0.1372755,0.4602887,-1.0620208,-0.10765603,-0.110641666,-0.32605055,0.07582514,-0.177975,-0.040696718,6,0.95264816,0.07826783,Yasin Ayari
0.34866357,-1.0241511,-0.27891052,-0.019723825,0.5242376,-0.18514144,-0.21399648,0.07141951,-0.47155067,1.6833831,0.6018077,0.053124685,-0.17628416,-0.20814568,0.701988,0.20423092,0,1.0,0.5273992,Florian Ayé
-0.7068864,-0.5357002,-0.56884,-0.27411422,-0.8056605,-0.43690532,0.30579966,0.14219794,-0.62236756,1.0227834,-0.0673914,0.83539385,-0.6922965,0.19318438,0.25927183,0.13628486,5,1.0,0.15573426,André Ayew
-0.38894376,-0.33400905,-0.102880016,0.053859137,-0.68279785,-0.37028378,-0.03115809,-0.08680314,-0.34370905,-0.2681798,-0.037526116,0.67649895,-0.3635362,0.23958829,0.022131696,0.021447726,2,0.9980326,0.10077206,Jordan Ayew
-0.0345831,0.067624584,-0.342974,-0.2245686,-0.35147375,0.042243168,0.19971673,0.47415015,0.19702333,-0.6375742,-0.13855363,0.5616455,-0.21976161,0.29201543,-0.047259025,0.23036954,2,1.0,0.44780406,Neil El Aynaoui
-0.16388011,-0.03302988,0.03768611,-0.24731559,0.45082176,0.09935854,-0.051449254,-0.011752197,-0.09505689,1.204678,0.11673948,-0.24444817,-0.26797226,-0.2593149,0.083223686,-0.07542556,0,1.0,0.09071147,Adam Aznou
0.19300029,-0.10338297,-0.08823471,-0.097161986,0.90966374,0.15355149,-0.1339965,0.12929252,0.044426054,1.2367111,0.32231206,-0.25578922,0.024505667,-0.3992873,0.23947755,-0.00052832067,7,1.0,0.055018675,César Azpilicueta
-0.8699614,-0.5158744,-0.12963034,-0.025175232,-1.0285473,-0.6945575,0.15417196,-0.34196258,-0.81861293,0.07889438,-0.21188675,0.6631201,-0.46666542,0.25923485,-0.06045559,0.12058701,5,1.0,0.07442029,Shavy Babicka
1.9345822,0.98592126,-0.32819122,0.35575122,2.034288,0.6935041,-0.12296514,0.7189712,1.3901443,0.19979388,0.013000127,-0.1769385,0.95457083,-0.085609235,0.12795296,0.019567244,1,1.0,0.07736015,Loïc Bade
0.27233255,0.37961257,0.007978648,-0.047385775,0.7799533,0.36440313,-0.09351856,0.15190753,0.31767574,0.49582535,0.1707994,-0.13866688,0.029754229,-0.14583303,0.07765095,0.059162203,7,0.9574007,0.034232777,Milan Badelj
-0.67904365,-0.6311599,0.9609675,0.35871452,-1.0622482,-0.77994335,0.4671892,-0.13345793,-0.61117387,-3.5233667,0.12783062,-0.22706889,1.2002417,0.180386,-0.44372472,0.60414803,2,1.0,0.25430608,Alex Baena
0.5675754,-0.35210836,-0.27304363,-0.09321067,1.3067676,0.1654166,-0.2617209,0.2987675,0.085764766,1.6824032,0.5987656,-0.43701607,0.2962357,-0.54886806,0.46001816,0.0039441064,7,1.0,0.10254153,Juma Bah
0.95738125,-0.56280285,-0.3115887,0.018196225,1.6264223,0.24040982,-0.3916735,0.34595641,0.18237811,1.8372431,0.8324079,-0.60371214,0.4995236,-0.5768058,0.6440466,0.064338855,7,1.0,0.20196745,Juma Bah
-0.4722567,-0.2732337,0.4129434,0.14031786,-0.4883299,-0.6003977,-0.19302908,-0.73815894,-0.72653174,0.11539284,0.06636907,0.13791125,-0.17208964,0.032870248,-0.17038164,0.0026038364,5,0.9999781,0.09437688,Leon Bailey
0.80688787,-0.80268717,-0.34007955,-0.023403939,1.4452313,0.11470372,-0.41747034,0.30849522,-0.0514988,1.9935435,0.88992125,-0.53096914,0.30368656,-0.5643507,0.6876253,0.021260165,7,1.0,0.21600032,Eric Bailly
-0.9428096,-0.33127424,-0.43190563,-0.25238103,-0.9682653,-0.60636556,0.4143291,-0.08865669,-0.7680296,1.2965618,-0.19350967,0.7204095,-0.7800481,0.1732524,0.11045703,-0.07992468,5,1.0,0.06797948,Theo Bair
-0.097273365,-0.028662268,-0.026412189,-0.19601397,0.53418136,0.08490563,-0.06222687,0.027807422,-0.06322378,1.1810977,0.14767125,-0.2044096,-0.19118422,-0.2839959,0.15061018,-0.051076464,0,1.0,0.079811886,Stefan Bajcetic
-1.0707502,-0.26382995,-0.46655,-0.25696158,-1.1111429,-0.61896634,0.5398663,-0.105940804,-0.7794801,1.3967309,-0.26707083,0.68528485,-0.74264216,0.18465132,0.10393806,-0.09840178,5,1.0,0.11486888,Cédric Bakambu
-0.29193908,-0.5030186,0.38855457,0.10303942,-0.6108504,-0.41495234,-0.18074073,-0.41891947,-0.4926204,-0.7560807,0.11626875,0.29482627,-0.026824214,0.13118431,-0.16604,0.12223392,2,1.0,0.046540745,Mitchel Bakker
-0.27150914,-0.025454868,0.1434969,-0.20887777,-0.25929904,-0.11802066,-0.09783799,-0.21956718,-0.2750368,0.45437557,0.091494635,0.17555624,-0.42925915,0.014721543,0.05066578,0.09248394,5,0.9851163,0.04709786,Ridle Baku
0.051799536,-0.13891535,0.19490515,-0.11102279,0.13668707,-0.05030913,-0.15553445,-0.03332097,-0.1732482,0.1492962,0.27694726,0.07325916,-0.1863487,-0.017738625,0.11197485,0.2087833,3,1.0,0.16986758,Ridle Baku
-0.51913965,-0.6536542,1.0219017,0.40907216,-1.1082015,-0.8372919,0.20112328,-0.32582906,-0.4970932,-2.6874433,0.07464902,-0.010182882,0.8373687,0.038265362,-0.5371876,0.24717733,2,1.0,0.06658225,Dilane Bakwa
-0.3290908,-0.41012907,0.13360691,-0.022411868,-0.12397334,-0.27450573,-0.17568307,-0.4511749,-0.57960784,0.74811053,0.22287185,0.1671096,-0.40271702,-0.14598016,0.05903603,0.119251244,5,0.99999815,0.078629285,Tommaso Baldanzi
0.0803441,-0.014606349,1.0754704,0.41518414,-0.40657154,-0.4409305,-0.025474936,-0.43595788,-0.38072342,-1.5840211,0.13877663,-0.31084347,0.5377991,-0.08892129,-0.27241844,-0.17096475,6,0.999996,0.4604934,Alejandro Balde
-0.43660167,-0.40316695,-0.056287542,-0.1381712,-0.02679921,-0.21028933,-0.036820814,-0.2117672,-0.5151697,1.4212728,0.14614855,0.14429417,-0.45757714,-0.2682921,0.119897455,0.017064817,0,0.9999675,0.11551331,Keita Baldé
0.7060566,0.89606404,-0.33598882,-0.32066846,0.5366888,0.856276,0.22287728,0.5256773,1.4288738,-1.6284705,-0.1252298,0.053565625,-0.28958905,0.21767089,-0.094646625,0.13882539,6,1.0,0.22209942,Carlos Baleba
1.8267007,1.2541614,-0.40580076,0.3047007,1.7160091,0.76903707,-0.06339719,0.594677,1.6144212,-0.52422625,-0.29859436,0.023436356,0.5662385,0.1481263,-0.0038705468,0.0038460717,1,1.0,0.23368654,Leonardo Balerdi
0.05025112,-0.03364116,0.0016717017,-0.12084374,0.71944803,0.14663073,-0.09716452,0.08327256,-0.0135506615,1.1402794,0.23549475,-0.2987138,-0.03722981,-0.34661102,0.16225323,-0.04943735,0,0.59692574,0.055354618,Iván Balliu
-0.16906592,-0.34661108,-0.06019582,-0.2188114,0.596088,0.076029174,-0.066672035,0.015597701,-0.252023,1.8391464,0.19521837,-0.33023113,-0.19158944,-0.3899205,0.21104753,-0.17895299,0,1.0,0.08589047,Fodé Ballo-Touré
0.85333467,0.74102926,-0.018926606,0.10235233,1.5735514,0.7362273,-0.26495445,0.20486803,0.8174752,0.88377655,0.09460956,-0.73916227,0.65317535,-0.29156804,0.05737725,-0.026844196,7,1.0,0.13961525,Botond Balogh
-1.1487157,-0.63564146,-0.72402817,-0.17331558,-1.3439461,-0.8675146,0.52931905,0.053195108,-1.0196767,1.1059895,-0.2709868,0.99462223,-0.7880432,0.2666107,0.16851693,-0.007383369,5,1.0,0.13637559,Folarin Balogun
1.1470097,-0.23165442,-0.29449153,0.16053334,1.7999073,0.37775055,-0.37789822,0.36363125,0.49519807,1.5533097,0.6675857,-0.5525008,0.6621668,-0.59289455,0.58318853,0.03165231,7,1.0,0.17588863,Abdoulaye Bamba
-0.32749492,-0.15853205,0.2541443,-0.14296404,-0.05835867,-0.20661336,-0.15291718,-0.4339247,-0.47507253,0.7997934,0.18286487,-0.041042984,-0.37113175,-0.24052218,-0.0274107,0.048378777,5,0.7565231,0.040744595,Jonathan Bamba
-0.59716225,-0.37249142,0.09677119,-0.12412079,-0.26624346,-0.34866053,-0.024515703,-0.49268064,-0.61060095,1.1533505,0.07400851,0.19035651,-0.5462371,-0.1671201,-0.015654467,0.026314631,5,1.0,0.05568365,Lameck Banda
0.4145536,0.39543247,-0.05899836,0.051212303,1.1428177,0.43502152,-0.18889686,0.14518882,0.44079822,1.0674082,0.16568969,-0.5052461,0.40881845,-0.33797795,0.112963215,-0.0675733,7,1.0,0.10389044,Mattia Bani
0.07437259,0.29920447,0.11176697,-0.1683703,0.49914807,0.38105538,-0.12314594,-0.0026953174,0.12850997,0.45475015,0.1046017,-0.34390786,-0.12284868,-0.11103879,0.020915508,0.009142064,3,0.9994985,0.052278817,Valentín Barco
-0.8008188,-1.9253273,-0.46024007,1.0353853,-2.504788,-1.5883683,0.9899846,-0.049372222,-0.5584482,-3.5582087,-0.1087143,1.2045207,1.1160583,0.56364256,-0.34767368,0.05927905,2,1.0,0.16986878,Bradley Barcola
0.37188652,0.7011712,0.23326474,-0.1382071,0.15994154,0.57636046,-0.07513685,0.25833,0.7364112,-1.291548,-0.18870161,-0.106763326,-0.2216064,0.042565122,-0.2209418,-0.07747076,6,0.9999962,0.06876598,Melvin Bard
0.3339817,0.35484827,0.603146,0.08270802,-0.2382519,0.02384372,0.08118975,0.49154615,0.24844852,-3.003022,-0.25856006,-0.2512423,0.551179,0.3232425,-0.24891722,0.24974754,6,1.0,0.19127871,Nicolò Barella
0.20442234,-0.75551087,-0.13284291,-0.02077043,0.20131247,-0.1424371,-0.1478523,0.027504768,-0.43018216,1.066565,0.4798801,0.14203249,-0.16121167,-0.12206833,0.46524948,0.2042731,0,1.0,0.23782595,Ross Barkley
-0.5611185,-1.1947892,-0.12323691,0.6086614,-1.6089619,-0.94731116,0.29127836,-0.31247056,-0.50146675,-1.7315624,0.012647565,0.89536095,0.4244075,0.36087483,-0.25148523,0.0879236,2,1.0,0.09518071,Harvey Barnes
0.3153146,1.032912,-0.066090494,-0.1512262,0.51698977,0.758094,-0.12424107,0.17505635,0.82915115,-0.5739634,-0.18344718,-0.38465342,-0.1454248,0.12667254,-0.09257594,-0.08724416,3,0.8797307,0.081508555,Enzo Barrenechea
-0.41544357,-0.06848918,0.6316509,-0.010249034,-0.4870969,-0.33928695,-0.27611783,-0.63195014,-0.47865847,-0.31920242,0.022460468,-0.105187275,-0.2881324,-0.06602336,-0.24855816,0.042529464,2,0.9792228,0.06361784,Ander Barrenetxea
0.57659984,0.6602077,0.16739227,0.0016312823,0.45093316,0.5612317,-0.13329104,0.3385638,0.7949866,-1.5380824,-0.17661965,-0.08182534,0.13802177,0.20643324,-0.10239309,0.21585676,6,1.0,0.12931821,Pablo Barrios
-1.2172971,-1.5369546,-1.4756806,0.3063004,-2.4621854,-1.4607772,0.9675432,0.4177612,-1.0372446,-0.55922914,-0.18766244,1.7811574,-0.34372607,0.7928201,0.4296189,0.030584864,4,1.0,0.089427605,Thierno Barry
1.1801833,0.96259224,-0.13514264,0.17936796,1.5480815,0.6753066,-0.20280735,0.4395403,0.9875543,0.3640907,-0.047909655,-0.3693666,0.6559149,-0.114000365,0.08016254,0.019510895,1,1.0,0.110935904,Marc Bartra
2.0085382,0.9526758,-0.40335274,0.3201871,2.1448016,0.6840152,-0.12614131,0.7712121,1.4299537,0.43188843,0.054680713,-0.21072492,1.0759796,-0.13764064,0.26790023,0.08044739,1,1.0,0.11647017,Federico Baschirotto
1.4782064,1.3551342,-0.2611997,0.34280637,1.4331607,0.7481943,-0.17433402,0.5829374,1.3330661,-0.2688392,-0.42095488,-0.23699723,0.535806,0.122823894,-0.0027658045,-0.2117509,1,1.0,0.21810195,Calvin Bassey
0.7912502,0.77913547,0.43027693,0.23208049,0.34209758,0.35365537,-0.09702678,0.54852647,0.69705635,-2.2145474,-0.29993075,-0.15373422,0.37811893,0.21858087,-0.19533992,0.022925116,6,1.0,0.29987708,Alessandro Bastoni
1.4952534,0.7020486,-0.24093808,0.25669104,1.9021102,0.6551105,-0.18749736,0.479349,1.0603317,0.7313248,0.2375942,-0.33696076,0.9142335,-0.27060056,0.2837831,0.024499558,1,1.0,0.09276856,Dylan Batubinsika
-0.031193644,-0.3142887,-0.09679641,-0.19972762,0.70961523,0.092558555,-0.099896215,0.08715321,-0.16042817,1.7223605,0.25027478,-0.34603786,-0.11866626,-0.3858791,0.25427616,-0.13559332,0,0.9998131,0.06169332,Maximilian Bauer
-0.44696477,-0.22507332,-0.17462467,-0.07001045,-0.80893326,-0.29721147,0.09792532,0.025706459,-0.22004485,-0.54938936,-0.14507978,0.5388388,-0.45076528,0.19325888,-0.017950505,-0.12281426,2,1.0,0.15659186,Christoph Baumgartner
-0.13326864,-0.49915266,-0.07002577,0.10210026,-0.6124146,-0.23061267,-0.09953992,-0.084674954,-0.24565265,-0.59733546,0.03434007,0.7158741,-0.09666946,0.30333358,-0.0065415353,0.06243975,2,0.99999815,0.07803636,Adrian Beck
-0.6671678,-0.39099663,0.08340974,0.010379754,-0.6710831,-0.6483159,-0.018745735,-0.6011207,-0.72085017,0.59181833,-0.11680579,0.35680768,-0.49692035,0.03794472,-0.102582976,0.021572985,5,1.0,0.16244125,Sheraldo Becker
0.4464788,0.8849916,0.041862175,-0.0970927,0.85029215,0.7137169,-0.17274167,0.1240962,0.6591569,-0.022761866,-0.16184072,-0.5214706,0.0956926,-0.08005019,-0.117914766,-0.14550427,3,0.972817,0.1111187,Timo Becker
2.520931,1.0265753,-0.5371768,0.5212704,2.5435371,0.7375091,-0.05441331,0.8256143,1.7614354,0.51682645,0.17392847,-0.17512012,1.3405911,-0.10670877,0.39395672,0.016936153,1,1.0,0.19124652,Jan Bednarek
-0.3221049,-0.158807,0.2476865,-0.24334195,-0.21192804,-0.09897401,-0.13521457,-0.2428033,-0.3222406,0.2202673,0.19916534,0.011777581,-0.43441117,-0.0064217597,-0.0034964979,0.16691005,3,0.99754256,0.12222962,Donny van de Beek
-0.7982006,-1.1769824,-0.7371692,0.13463017,-1.6947017,-0.8578669,0.49617636,0.07076697,-0.75335234,-0.68827236,-0.1814367,1.13174,-0.29990536,0.6066006,0.100353554,0.20844036,4,1.0,0.08919922,Maximilian Beier
0.35985845,0.124582335,0.084498584,-0.1503498,0.7398251,0.33579397,-0.15388346,0.114522964,0.17560676,0.24567467,0.24205321,-0.23326628,-0.05084877,-0.23688662,0.081164226,0.13273029,3,0.99997044,0.115679525,Reda Belahyane
0.26217884,1.0680851,-0.0443213,-0.24794796,0.8647152,0.9154149,-0.13531515,-0.036015898,0.74822426,0.117911376,-0.02796778,-0.77214015,0.03805878,-0.005418688,-0.073599696,0.023645073,1,0.9831697,0.16145216,Haris Belkebla
-0.29391074,0.7703176,0.05149608,-0.29628998,0.37178376,0.5449569,-0.005358532,-0.11199202,0.28023198,0.5857767,-0.075268686,-0.65348655,-0.14834836,-0.056109786,-0.13577141,-0.15890685,3,1.0,0.2094038,Yassin Belkhdim
0.21235822,0.68146706,0.037987843,0.0106597915,0.9249588,0.5700694,-0.14457484,0.08724804,0.5034,0.84721684,-0.065673456,-0.59605956,0.2949911,-0.17547104,-0.061299674,-0.16735756,7,0.9998417,0.1708778,Stefan Bell
-0.25710985,0.017246462,1.2040569,0.20845535,-0.4602787,-0.32419065,-0.06189041,-0.3950588,-0.28657535,-1.8186613,-0.0777591,-0.46816495,0.30563462,-0.12967472,-0.5384423,0.016681865,6,0.99998,0.29469275,Raoul Bellanova
-0.46502098,0.011061288,0.76446545,-0.11213968,-0.56816214,-0.22550261,-0.2905145,-0.5726316,-0.4721293,-0.76396966,-0.023256082,-0.42149758,-0.20472515,-0.111754015,-0.3262955,0.101496935,2,0.9997022,0.17336571,Jean-Ricner Bellegarde
0.1406913,-0.52942616,-0.064388394,-0.25473833,0.7858177,0.03287504,-0.25926372,0.16562465,-0.2934688,1.2966331,0.48190832,-0.21379091,-0.15888771,-0.45561725,0.31087202,0.11191096,7,0.5354483,0.15923278,Héctor Bellerín
0.25600797,-1.1621134,-1.1459299,0.17931405,-1.6760356,-0.3788759,0.67703056,0.9840061,0.5271121,-3.1855135,-0.20517582,1.037244,0.6873939,0.6819317,0.004197523,0.17608374,2,1.0,0.39792556,Jude Bellingham
-0.774946,-0.49947286,-0.36976784,-0.25477523,-0.6322339,-0.48047674,0.24201562,-0.10097997,-0.7058694,1.517348,-0.06337787,0.6511982,-0.7320644,-0.008827314,0.14290124,-0.02338577,5,1.0,0.059159447,Andrea Belotti
0.7008518,0.7660144,-0.07195556,-0.047793496,0.6056336,0.6277764,-0.08355661,0.36353585,0.9718263,-1.0164888,-0.18641137,0.014918788,-0.045533624,0.15965188,-0.08175841,0.0745115,6,0.9998684,0.091449365,Fran Beltrán
-0.41506067,-0.83648455,-0.014557019,0.11365796,-0.89738727,-0.45091045,0.02153501,-0.16148272,-0.56068575,-0.73720217,0.04743642,0.536922,-0.11315772,0.40086877,-0.06788882,0.2993084,2,0.9998751,0.109840155,Lucas Beltrán
-0.38641912,-0.5577841,0.5052592,0.33126694,-0.97016686,-0.46736872,0.13652782,-0.16227074,-0.34769332,-2.1578321,0.071335405,0.32610518,0.60421574,0.14623773,-0.32157135,0.3117215,2,1.0,0.12463306,Eliesse Ben Seghir
-0.07714388,-0.46938872,-0.119227156,-0.22073153,0.50227034,-0.10493981,-0.10659291,0.11530508,-0.2847445,1.4065367,0.31913215,0.038973577,-0.34397852,-0.29424232,0.33187646,0.06570706,0,1.0,0.14033021,Carlos Benavídez
-0.91337,-0.2605495,0.24412772,-0.07212976,-0.7013617,-0.54222953,0.03601426,-0.68708545,-0.72297764,1.0031283,-0.13571629,0.18064855,-0.60068107,0.00934653,-0.16338554,-0.09438742,5,1.0,0.18324205,László Bénes
0.34042084,-0.27740473,0.14738254,-0.1220149,0.62621725,0.078800276,-0.23780838,0.08412689,-0.1992724,0.611101,0.44128573,-0.18841664,0.023349136,-0.37359297,0.23941919,0.06573147,0,1.0,0.1867386,Ismaël Bennacer
-0.68158686,-0.25735033,0.42843574,0.08888549,-0.67953396,-0.6420667,-0.11100303,-0.796599,-0.8037605,0.23626837,-0.11354603,0.08819804,-0.30990714,0.017406091,-0.26132047,-0.018114008,5,1.0,0.07860626,Saïd Benrahma
0.31058848,1.0586812,0.19253352,-0.119845875,0.43433735,0.7311892,-0.17800277,0.2778533,0.8076931,-1.1867055,-0.31734216,-0.53262305,0.007977262,0.19861579,-0.15831427,-0.031939544,3,0.9520968,0.22106615,Ramy Bensebaini
0.52455723,0.7754999,-0.1301436,-0.06278562,0.7702189,0.6412253,-0.08415031,0.31367067,0.79696226,-0.32041478,-0.07534613,-0.027517414,0.010580182,0.039484233,0.044435963,0.0189697,3,0.99450207,0.14556539,Rodrigo Bentancur
2.1319346,0.6143149,-0.46592742,0.43027055,1.714635,0.4303883,-0.027291343,0.8062636,1.3141019,-0.2184403,-0.082338214,0.15638265,0.92135817,0.111701876,0.22034389,0.041227035,1,1.0,0.32878006,Lucas Beraldo
0.38082203,0.8377193,0.26501602,0.042108826,0.45915288,0.6062666,-0.23850545,0.205923,0.6470008,-0.96545684,-0.26044935,-0.30009794,0.07397025,0.1093736,-0.20951776,-0.00961671,3,0.9578984,0.13777778,Yuri Berchiche
-0.6636151,-0.82022023,0.48003834,0.45499587,-1.2774104,-0.9570527,0.120062426,-0.35481206,-0.63620764,-1.9855669,-0.064392604,0.27148694,0.4271581,0.21026212,-0.42913702,0.08473956,2,1.0,0.11533429,Álex Berenguer
0.6788293,0.79198337,-0.08478449,0.0200584,0.945602,0.66614693,-0.16273338,0.2144388,0.7676634,-0.21489859,-0.11176932,-0.24771433,0.09466606,-0.019519389,-0.009914517,0.05021728,1,0.99981695,0.14391606,Sander Berge
0.19277391,0.3806709,0.038945526,-0.121480525,0.6462996,0.53853667,-0.15431511,-0.006191509,0.2967335,0.44850153,0.059680093,-0.34161323,-0.013047732,-0.12094284,0.04236789,0.030343242,3,0.9978584,0.061072625,Lucas Bergvall
-0.52863026,-0.12417072,0.08765351,-0.1339278,-0.14910108,-0.17457384,-0.036465883,-0.36107937,-0.39782187,1.1524206,-0.0012704767,0.032959398,-0.5276747,-0.12243831,-0.043283753,-0.043269567,0,0.99997705,0.11742375,Medon Berisha
0.29630435,0.06491859,0.22287066,0.100615464,0.15219773,0.08040659,-0.23530021,0.111207336,0.038468957,-0.49021912,0.08384317,0.1920943,0.022059292,0.10625762,-0.005703971,-0.05392895,6,0.9876863,0.117358945,Adrian Bernabe
0.94591296,0.7668922,-0.053500623,0.07921641,1.206189,0.67968917,-0.19159676,0.2594896,0.839295,0.13347745,-0.022203244,-0.29926205,0.34245452,-0.09483954,-0.030049413,0.049095895,1,1.0,0.09364004,Bernardo
-0.22336596,-0.34383547,-0.008764178,-0.27131793,0.38712075,-0.0147991255,-0.037038848,-0.046918306,-0.2969026,1.5272605,0.18987253,-0.13500492,-0.40073943,-0.3193608,0.19926012,-0.05689908,0,1.0,0.08928994,Juan Bernat
0.43591678,-0.41879475,-0.1714942,-0.12792076,1.1545763,0.13878267,-0.26921797,0.260639,-0.023698993,1.6042264,0.55211604,-0.41455048,0.20813599,-0.55465746,0.38035667,-0.008120768,7,1.0,0.055273306,Maxime Bernauer
-0.25896215,-0.45615917,0.00071929395,-0.25473094,0.13845006,-0.1224862,-0.117258534,-0.09504707,-0.4088877,1.2810065,0.26432747,0.05470282,-0.49456015,-0.31383955,0.14931485,0.05387209,0,1.0,0.05866127,Antoine Bernede
-0.74934125,-0.6191046,-0.56732595,-0.090174146,-1.1552925,-0.53875774,0.25901067,0.07439278,-0.62067664,0.121004485,-0.17452219,0.9501299,-0.5641931,0.36763674,0.15497273,0.22499086,4,0.8920705,0.1069694,Alexander Bernhardsson
0.34318617,1.5185508,0.12365415,-0.34225094,0.4847816,1.0654876,-0.0012429059,0.06317426,1.1019689,-1.2985054,-0.37043273,-0.8821011,-0.29328525,-0.008613706,-0.23010227,-0.10089507,6,1.0,0.17478351,Victor Bernth Kristiansen
0.066644885,0.2743072,0.49413562,-0.18666682,-0.2891248,0.07995805,0.07884659,0.29794553,0.28583845,-2.1401165,-0.21173106,-0.20169473,0.14876923,0.16303125,-0.385624,0.22811557,6,0.9999256,0.32232866,Matúš Bero
0.03422727,-0.13471703,-0.13207756,-0.15186474,0.79759985,0.14728086,-0.080180995,0.10103735,-0.011683881,1.6090292,0.24097429,-0.35836774,-0.057103395,-0.36792922,0.25041187,-0.117357425,0,0.95199794,0.103941046,Juan Berrocal
-0.92802334,-1.0428929,-1.1496619,-0.06458844,-1.807917,-0.9573232,0.5203076,0.3513691,-0.8828506,0.4007945,-0.295762,1.5230325,-0.6872246,0.5114455,0.42636007,0.12619857,4,1.0,0.14981098,Beto
1.4697996,1.3521974,-0.27745968,0.33075806,1.3947082,0.7187485,-0.12455164,0.63594055,1.3811071,-0.7255191,-0.4356991,-0.10436014,0.5095746,0.14993516,-0.090844095,-0.16412741,1,1.0,0.10795413,Sam Beukema
0.73392653,0.98876786,-0.11312656,0.037073694,0.7218471,0.6263415,-0.11193879,0.39040196,0.9143826,-0.72814125,-0.33355463,-0.07610179,0.04449091,0.07113691,-0.11175158,-0.20362377,1,0.9969073,0.086901106,Alessandro Bianco
-1.4294958,-1.4328448,-1.2624197,0.25394654,-2.4032698,-1.4102814,0.93521327,0.36180803,-1.2008464,-0.2838056,-0.4158134,1.6467153,-0.4679479,0.635685,0.28173694,0.20495778,4,1.0,0.29037815,Mika Biereth
1.921638,1.3343338,-0.3568691,0.42644793,1.9322866,0.75368726,-0.037359565,0.82402587,1.5053312,-0.25200105,-0.21134475,-0.037160344,0.9486527,0.09024432,0.04411669,0.03585428,1,1.0,0.060796272,Jaka Bijol
-0.5840906,0.33301347,0.63232046,-0.1642054,-0.19617608,-0.21601704,-0.19393122,-0.70710677,-0.43426558,0.36251137,-0.12497082,-0.4887406,-0.35259423,-0.21162426,-0.43093395,-0.19707054,3,1.0,0.2150927,Cristiano Biraghi
-0.15349507,-0.1549236,0.16861938,-0.019852132,-0.23790747,-0.27689508,-0.1573765,-0.24851155,-0.27410328,-0.11894827,0.1285808,0.3317622,-0.18686761,0.020848095,-0.005898237,0.005111672,3,0.99736553,0.097116105,Samuele Birindelli
0.45113182,0.8932763,0.3250972,-0.38296056,0.018542444,0.7149512,0.029349461,0.54971784,1.055459,-2.5321174,-0.36150193,-0.32364535,-0.10368798,0.1840207,-0.27390093,0.25036108,6,1.0,0.23895164,Tom Bischof
0.19842294,0.79766554,-0.03159608,-0.1549168,0.77678907,0.61028796,-0.12400013,0.094472796,0.52631366,0.2817485,-0.018493012,-0.3989643,-0.065751985,-0.06934177,-0.03641752,0.017565884,3,0.9999923,0.097458676,Yves Bissouma
-0.5107161,0.11606069,0.24410886,-0.03767243,-0.37038204,-0.2333987,-0.073092796,-0.3642762,-0.35646176,0.38646588,-0.024243325,0.06670321,-0.3948027,0.0949586,-0.087892845,-0.026702456,3,0.54538405,0.16594766,Leonardo Bittencourt
0.58244026,-0.12764375,-0.21310274,-0.012456723,1.2868788,0.22894226,-0.22716127,0.2706019,0.23993564,1.4323347,0.44329035,-0.46765965,0.43125388,-0.5183418,0.36579466,-0.0038219616,7,1.0,0.0812999,Emmanuel Biumla
0.7944697,1.0132899,-0.16140278,-0.17458624,0.8771561,0.8721407,-0.0038616061,0.1984317,1.1956193,-1.0358868,-0.10466947,-0.27397934,-0.08605664,0.12144694,-0.061732806,0.21929038,1,0.9992935,0.22786734,Antonio Blanco
-0.47187164,-0.53002036,0.5876946,0.2743347,-1.0952089,-0.5735204,0.145335,-0.19226569,-0.3461139,-2.3801003,0.035807557,0.09299064,0.634345,0.22997943,-0.37850437,0.2203815,2,1.0,0.09505914,Ludovic Blas
1.3964739,1.22306,-0.06391509,0.36814812,0.98301226,0.6526857,-0.10707207,0.8737208,1.3037918,-1.7777106,-0.4799757,-0.04851211,0.48883453,0.22997192,-0.24423546,-0.17775896,6,0.99999446,0.302432,Daley Blind
-0.9285195,-1.2542137,-1.0798086,-0.056714468,-1.73892,-0.9016589,0.50390244,0.25905055,-0.9945968,0.4924495,-0.07978377,1.3746698,-0.6943979,0.501005,0.44183874,0.29327518,4,1.0,0.11703342,Myron Boadu
-0.39323774,-0.7209738,-0.0017089099,-0.025181133,-0.4597868,-0.3707569,-0.12999448,-0.42829055,-0.7031382,0.7640251,0.24405472,0.4342244,-0.49651584,0.043849573,0.108815044,0.18011218,5,1.0,0.13233568,Augustine Boakye
-0.17412937,-0.15989631,0.054571673,-0.20269331,0.45557892,0.065752946,-0.098687895,-0.09305093,-0.27651054,1.338045,0.13314387,-0.34154874,-0.22345912,-0.37584513,0.13582066,-0.06320312,0,1.0,0.13103403,Sacha Boey
-0.48236445,-0.55696446,0.5239879,0.21508053,-0.5710674,-0.52722037,-0.30805424,-0.8038074,-0.7879019,-0.23432866,0.16202356,0.13848312,-0.038910534,0.040859297,-0.20613602,0.1310929,2,0.5217603,0.11661945,Jeremie Boga
-0.046405047,-0.5351149,-0.041002378,-0.19297862,0.7002716,0.04107187,-0.19331627,0.074509114,-0.35975146,1.7059406,0.32273054,-0.3193679,-0.16627195,-0.49954152,0.25255919,-0.110785194,0,0.8075372,0.068318896,Lamare Bogarde
-0.19713679,0.053052276,0.04272878,-0.18234442,0.4144343,0.12648076,-0.0566466,-0.09671478,-0.09866585,1.1976885,0.062474497,-0.31614378,-0.22737235,-0.27504495,0.08142598,-0.08560338,0,1.0,0.062388618,Adama Boiro
1.5148871,0.6116699,-0.22989075,0.2206412,1.6908823,0.5846278,-0.19683705,0.5108537,1.0153493,0.3874445,0.13108382,-0.21270247,0.7072809,-0.15498412,0.14735067,0.041036814,1,1.0,0.07024012,Moïse Bombito
0.083547436,-0.0457254,0.017695352,-0.1538864,0.73943686,0.18702586,-0.12876618,0.07468578,-0.006576821,0.9899252,0.22735375,-0.1992803,-0.084956214,-0.32279187,0.15700164,0.008997671,7,0.99985313,0.10656843,Warren Bondo
-0.969718,-1.1733001,-1.112025,0.00839626,-1.7856869,-0.9293469,0.4996854,0.26420236,-1.0043955,0.42802003,-0.14334342,1.4318863,-0.6792361,0.44373322,0.42551422,0.19785634,4,1.0,0.11219956,Victor Boniface
-0.6104721,-1.0588957,-0.57976717,0.28230795,-1.4742297,-0.84524095,0.4408431,0.0853875,-0.59105134,-1.027727,-0.10982859,1.0510478,-0.070147395,0.57552904,0.01559712,0.014219001,4,0.9999962,0.119820796,Ange-Yoan Bonny
-0.741658,0.190156,-0.13710119,-0.3042033,-0.15739885,-0.084423,0.24448894,-0.07757154,-0.1873568,1.7514476,-0.11694847,-0.0060983896,-0.455488,-0.108471796,-0.018655784,-0.35717735,0,1.0,0.29822296,Sebastiaan Bornauw
0.06241293,0.21601395,0.021269709,-0.23177913,0.69802076,0.3994551,-0.096237116,-0.05325752,0.1888,0.86932296,0.15010065,-0.4066177,-0.05953179,-0.18265289,0.04903683,0.053124484,7,0.90933025,0.15747812,Ayyoub Bouaddi
-0.505077,-0.5381211,0.37738675,0.16437045,-0.72274935,-0.5190398,-0.2183642,-0.6522621,-0.7234841,-0.2619533,0.08287258,0.31051856,-0.15195253,0.13271359,-0.18736671,0.14382063,5,0.8583311,0.04816439,Badredine Bouanani
0.46963492,0.33533114,0.22967453,0.026393034,0.2400015,0.37330803,-0.17896649,0.21642677,0.40209544,-0.78764665,-0.008998059,0.038086418,0.052848153,0.067587286,-0.056450635,0.029724568,3,0.9524501,0.14225534,Benjamin Bouchouari
0.20822355,0.86163896,0.18958426,-0.3119257,-0.004528882,0.66542214,0.013970643,0.37847242,0.8364684,-1.8545268,-0.21751331,-0.32587293,-0.27977788,0.1711101,-0.071946345,0.042205364,6,1.0,0.121266805,Hicham Boudaoui
-0.30530363,-0.06465749,-0.04291764,-0.21976581,-0.04034562,-0.14100802,-0.0069794506,-0.026951455,-0.24026665,0.95323217,0.046313867,0.22613393,-0.46472153,-0.030100614,0.120731145,-0.024420477,0,1.0,0.06506777,Carlo Boukhalfa
-0.2254172,-0.21152744,0.13001426,-0.30100828,0.18913808,-0.020510174,-0.12839381,-0.13602139,-0.32517818,0.9501277,0.21839336,-0.07493586,-0.41107732,-0.22381297,0.062609315,0.112474106,0,1.0,0.0566098,Edoardo Bove
-0.63269556,-1.1628977,0.09950135,0.6061075,-1.6379935,-0.90681577,0.59243983,0.03503736,-0.44268513,-3.043268,-0.010789055,0.6252032,0.8658903,0.32501265,-0.34712684,0.39391857,2,1.0,0.1735416,Jarrod Bowen
1.3280528,1.5910157,-0.32653946,0.050436236,1.5138477,1.0150247,-0.054194167,0.41894507,1.5394747,-0.5438739,-0.22255896,-0.33355078,0.34744558,0.09856105,-0.107271686,0.06700432,1,1.0,0.11978376,Enzo Boyomo
-0.053385437,0.5152761,0.48381335,-0.21110189,0.06494356,0.212679,-0.16426596,-0.28012034,0.041071802,-0.3300717,-0.115462184,-0.49368635,-0.21078436,-0.17791042,-0.2756529,-0.13887674,3,0.9854921,0.08627901,Domagoj Bradarić
-0.11030431,-0.14697729,0.07504894,-0.19207434,0.35907462,-0.0074264184,-0.09755699,-0.05320612,-0.26112992,1.0431654,0.16971868,-0.1503902,-0.2630912,-0.321967,0.102663755,-0.011753254,0,1.0,0.06826827,Conor Bradley
-0.6136379,-0.5174203,1.1500702,0.3138598,-0.90714264,-0.765262,0.26780152,-0.25383547,-0.705907,-2.9335582,0.058582336,-0.39277962,0.89074695,0.060954988,-0.48134348,0.45460966,2,1.0,0.23663048,Julian Brandt
1.2638104,1.0458307,-0.116016224,0.20412943,1.7161893,0.7733991,-0.21152739,0.46113098,1.0986894,0.4500235,-0.058312356,-0.53416514,0.78719425,-0.15144977,0.036793843,-0.032193325,1,1.0,0.17852813,Jarrad Branthwaite
-0.41717067,0.17439024,-0.024273306,-0.28166094,-0.033360656,0.0028338358,0.07397044,-0.049935598,-0.12530303,1.0373578,0.0017802902,0.004825229,-0.4780962,-0.032308318,0.053559408,-0.124570556,0,1.0,0.09453913,Darko Brašanac
-0.36830342,0.12525856,-0.0075760484,-0.17502278,0.37171137,0.09257797,0.02376929,-0.09992416,-0.039639413,1.7238046,-0.048553467,-0.41892275,-0.15946597,-0.23945442,0.055382878,-0.25000203,0,1.0,0.21955045,Lilian Brassier
0.5558826,0.28416848,-0.06920801,0.0096294135,1.0244232,0.32044104,-0.1435157,0.26806745,0.38996673,0.55961597,0.21436703,-0.12729438,0.20613748,-0.21516636,0.17520109,0.025371477,7,0.99999815,0.06462435,Lilian Brassier
-0.4741377,-0.413683,-0.088639066,-0.1891151,-0.032015275,-0.19724265,0.059233606,-0.13682894,-0.46881503,1.5576276,0.08673211,0.23546979,-0.52722377,-0.20403068,0.15197945,-0.022924118,0,0.9999218,0.034962595,Iker Bravo
0.03938492,-0.109706245,0.05074507,-0.2206555,0.6598117,0.14196986,-0.094152465,0.06099586,-0.13266645,1.0984334,0.2380986,-0.30013397,-0.1021108,-0.3543204,0.18039364,0.03425329,0,1.0,0.035767756,James Bree
0.5351354,-0.5727718,-0.24087839,-0.106031016,1.225549,0.13035697,-0.34142688,0.2792858,-0.064163655,1.793987,0.64239377,-0.42782047,0.20031482,-0.5814419,0.46488416,-0.028061979,7,1.0,0.101351835,Gleison Bremer
-0.69617367,-0.32645503,-0.062374398,-0.18192971,-0.19467346,-0.29646966,0.12538035,-0.2861971,-0.5665704,1.8956807,-0.054214694,0.16496865,-0.6454392,-0.26298785,0.052891955,-0.21494013,0,0.988001,0.0620049,Ben Brereton
-0.6493778,-0.44070375,-0.18437923,-0.035437208,-0.79375887,-0.47862673,0.08429538,-0.17377092,-0.6273681,0.30423507,-0.0293921,0.58999586,-0.49566102,0.2031194,0.039987847,0.18543959,5,1.0,0.108580366,Marco Brescianini
-0.355804,-0.5812819,-0.12658383,-0.18940765,-0.10821187,-0.26863185,-0.07510855,-0.17369391,-0.56476104,1.2279882,0.22680114,0.35900715,-0.5757613,-0.1895107,0.20055073,0.10501647,5,0.99497914,0.047681797,Nathan Broadhead
-0.63770676,-0.43908244,0.30649173,0.117346935,-0.63204896,-0.58012694,-0.17113172,-0.70719683,-0.7874952,0.18055832,-0.07452495,0.24149656,-0.31648806,0.0641935,-0.1814577,0.05852465,5,0.99999815,0.07333766,David Brooks
-0.9252559,-0.3419431,-0.079505935,-0.08323513,-1.038559,-0.6870773,0.2422313,-0.40055832,-0.829329,0.31130573,-0.2007906,0.51383245,-0.51801234,0.26431248,-0.10889667,-0.020221941,5,1.0,0.15462527,Moritz Broschinski
-0.14428115,0.4673909,0.7548008,-0.22946447,-0.22972314,0.19834128,-0.10616201,-0.064436935,0.12465975,-1.7108753,-0.19078994,-0.6582392,-0.13850704,-0.046415642,-0.38942444,0.07480912,6,1.0,0.1945825,Nathaniel Brown
-1.4480113,-1.8065827,-2.2046182,0.25054646,-3.2240891,-1.8165449,1.346716,0.8483965,-1.1856635,-0.38474038,-0.40566677,2.2497628,-0.45072117,0.9359865,0.70333153,0.042456977,4,1.0,0.17120141,Ante Budimir
-0.24333727,0.8621269,0.05775789,-0.17549226,0.68156826,0.6015803,-0.05453922,0.0034679258,0.41347682,1.0771098,-0.12577632,-0.8123033,0.08011099,-0.09343302,-0.1848052,-0.2482908,3,0.99999523,0.34929734,Santiago Bueno
-0.49579665,-0.8588083,0.13661349,0.26635346,-0.93390554,-0.6351536,-0.072161555,-0.394538,-0.6146491,-0.7927603,-0.02168911,0.6167427,-0.10668087,0.24793372,-0.1993776,0.11403927,2,0.9973219,0.11252737,Marius Bülter
-0.3493486,-0.35705805,-0.06819916,-0.08825128,-0.8218029,-0.16982839,0.00068207085,0.021626528,-0.19365758,-0.89291,-0.084019214,0.42471507,-0.34469283,0.18299451,-0.11227509,0.078014284,2,1.0,0.16502485,Facundo Buonanotte
0.26362664,1.2863178,-0.054423586,-0.07385283,0.9107029,0.8396057,-0.1754144,0.17314062,0.8132968,0.15385021,-0.28173155,-0.6698235,0.11539308,0.06620999,-0.11056141,-0.083896555,3,0.9884392,0.21609434,Alessandro Buongiorno
0.47369224,0.3742202,0.0034425855,0.046528183,1.1506286,0.40844223,-0.20459835,0.20464751,0.44658548,0.8682632,0.11278473,-0.47306123,0.3877557,-0.33920854,0.06053996,-0.09097039,7,1.0,0.17755434,Cameron Burgess
-0.9992267,-2.0713835,-1.9312824,0.36380154,-3.072329,-1.6760014,1.2545024,0.67536765,-1.0642848,-0.80336887,-0.30986834,2.040309,-0.21841449,0.91560674,0.48641032,0.07378222,4,1.0,0.11528425,Jonathan Burkardt
-0.7078028,-0.9024892,-0.56034255,-0.07114147,-1.0668366,-0.6681204,0.15221454,-0.082285956,-0.8717652,0.62760234,-0.022619866,0.98257136,-0.67815155,0.32794884,0.24471357,0.20669436,5,0.99999815,0.17479366,Oliver Burke
2.115597,1.1759207,-0.3827572,0.43579918,2.1414084,0.6625447,-0.020947456,0.95337766,1.5277909,-0.062327452,-0.13445236,-0.08085329,1.1808887,0.037338004,0.1668911,0.0362838,1,1.0,0.10290666,Dan Burn
-0.49770573,0.009081654,0.19414043,-0.21210793,-0.20519154,-0.18936348,-0.025320753,-0.4816641,-0.37774745,0.970352,-0.009047974,-1.4323741e-05,-0.524996,-0.14251576,-0.096435174,-0.10734781,5,0.9887003,0.17080578,Wes Burns
0.04464652,0.44639295,0.25746614,-0.061788768,0.4483158,0.2891713,-0.13678566,-0.08341409,0.10889517,0.38402843,-0.004315421,-0.4237034,-0.025548093,-0.20422953,-0.1274451,-0.11769607,3,0.99941653,0.083036974,Marnon Busch
0.18483189,0.5870363,0.43988627,-0.09808638,-0.08143369,0.30322543,-0.0886761,0.07195793,0.4521063,-1.2293911,-0.14881417,-0.047801457,-0.20226493,-0.05295205,-0.34254223,-0.18595946,6,1.0,0.13094662,Gianluca Busio
0.254354,0.66474074,0.10708288,-0.08519436,0.6598012,0.6775042,-0.18947053,-0.025939228,0.43556553,0.063573524,-0.08744141,-0.5433397,0.03541074,-0.07791945,-0.062057614,-0.041150607,3,0.99623245,0.035446826,Aurélio Buta
-0.2843596,-0.60065746,0.29222026,0.22079,-0.7468972,-0.32627362,-0.20760447,-0.43604892,-0.49381337,-0.9303498,0.102700755,0.26126343,0.15147051,0.1751819,-0.12056054,0.12308888,2,1.0,0.20044029,Rémy Cabella
1.4314439,1.1479199,-0.19527169,0.22329453,1.6387893,0.6762926,-0.13423592,0.6783267,1.1349592,-0.11880521,-0.22029571,-0.24824421,0.81495404,-0.03945683,0.047038034,0.07178654,1,1.0,0.30064395,Leandro Cabrera
-0.2778774,0.4503126,0.56086916,-0.12665595,-0.30195212,0.079074144,-0.111440286,-0.18306366,0.038000777,-0.9676881,-0.0898339,-0.21814772,-0.23204407,-0.060475357,-0.34845942,-0.14830634,6,0.9997263,0.1379628,Liberato Cacace
-0.043308772,0.58271277,1.086356,0.061140455,-0.19424465,-0.061417304,-0.030022949,0.1443452,0.22708428,-2.7758956,-0.33861446,-0.6785507,0.27587283,0.15779379,-0.49294555,0.15264165,6,1.0,0.12981358,Anthony Caci
-0.60576546,-0.3791632,-0.012675241,-0.18444833,-0.44299865,-0.39962536,0.037816882,-0.3816258,-0.59881485,1.0743585,0.030334223,0.3739626,-0.63145447,-0.0071083456,0.01764898,0.05415049,5,1.0,0.054568518,Mathieu Cafaro
0.8188863,1.7072924,-0.03406775,-0.3788354,0.7165729,1.1775857,0.06945866,0.6814678,1.5420021,-2.6147969,-0.55195665,-0.64901644,-0.15266973,0.20495763,-0.19074881,0.28680104,6,1.0,0.17700782,Moisés Caicedo
-0.1840666,-0.3920263,0.1163998,-0.02250047,0.20634446,-0.16642052,-0.16194785,-0.23684254,-0.4672242,0.86263335,0.33116043,-0.009589562,-0.24487066,-0.24502751,0.16352352,0.14991307,0,0.9838629,0.1686264,Tom Cairney
0.33476394,0.4783684,-0.0018364191,-0.07835358,0.7123009,0.58183914,-0.1600406,0.064766854,0.42267287,0.25099847,0.07475087,-0.30865854,0.017463684,-0.097507626,0.03250709,0.04055635,3,0.8633786,0.05877139,Jens Cajuste
-0.5948286,0.16851138,0.35286736,-0.20031026,-0.009111172,-0.10005159,-0.04660757,-0.46705616,-0.35384846,1.2630514,-0.059376836,-0.40016103,-0.3617467,-0.2789293,-0.18664525,-0.2595692,0,0.99999815,0.28213292,Davide Calabria
0.34529737,-0.2645551,-0.08864252,-0.11669907,0.78251845,0.079806075,-0.15274344,0.20235988,-0.029561512,1.0091084,0.45682657,-0.07756985,0.0015050843,-0.3039342,0.34360558,0.09489273,7,0.99999046,0.100269556,Riccardo Calafiori
0.9851804,-0.5844213,-0.30717796,0.06691424,1.620522,0.19497405,-0.4109968,0.36130005,0.1659039,1.7993827,0.8511194,-0.5899312,0.5122057,-0.5600618,0.64407974,0.017029896,7,1.0,0.17392795,Luca Caldirola
0.13317549,-0.05700143,-0.12630193,-0.16551954,0.8684885,0.20573947,-0.10069942,0.1065727,0.043095767,1.5125295,0.26892534,-0.40495124,0.08110667,-0.40115032,0.25194338,-0.0646997,7,1.0,0.06382464,Fernando Calero
0.76355493,0.36547905,-0.15737735,0.09456847,1.3790903,0.41882917,-0.2226663,0.30584475,0.5803872,0.9567509,0.26614004,-0.3173225,0.5178007,-0.3666839,0.25199395,-0.0026105791,7,1.0,0.106671154,Duje Ćaleta-Car
0.2241686,-0.16768974,0.3754688,0.06906352,-0.36315084,0.052608594,0.036737233,0.37243956,0.14053085,-2.442827,-0.08020568,-0.014122164,0.5454351,0.33724546,-0.15115407,0.45551676,6,0.996242,0.26616874,Hakan Çalhanoğlu
-0.8945422,-0.64045674,-0.79556155,-0.1295994,-1.3934435,-0.7925207,0.43058717,0.15238115,-0.7691053,0.53463036,-0.21428028,1.178445,-0.6917994,0.4014374,0.2349019,0.046992563,5,0.9899684,0.14748654,Dominic Calvert-Lewin
-0.22226146,-0.7223685,-0.10374884,-0.11574088,0.00869847,-0.2371152,-0.11617179,-0.12994184,-0.5502773,1.3093015,0.2654437,0.2688847,-0.49867234,-0.21882617,0.25388706,0.15433355,0,0.99925834,0.16594057,Drissa Camara
0.15227598,0.7103796,0.3199552,-0.2016657,0.02364238,0.5569594,-0.06192834,0.39353576,0.60354996,-2.216863,-0.23194824,-0.41276246,0.020145975,0.26383105,-0.1523719,0.34045202,6,1.0,0.18120989,Lamine Camara
0.47557202,0.22521643,-0.39348412,-0.28787386,-0.33332658,0.52268875,0.17266174,0.6077101,1.0815312,-1.8066624,-0.04522597,0.39348662,-0.19462854,0.37935346,-0.14706072,0.03765981,6,1.0,0.18867272,Mahdi Camara
0.15050739,0.38081634,0.11844361,-0.14642103,0.51032996,0.5009061,-0.1675955,0.039540417,0.26597545,0.14861192,0.14903659,-0.26522034,-0.120203584,-0.07552003,0.041797683,0.06048743,3,0.9998588,0.0711845,Eduardo Camavinga
-0.44238427,-0.34818834,0.45012408,0.026909351,-0.37211224,-0.38968694,-0.22904134,-0.7257149,-0.6701651,0.39658737,0.1397016,-0.018566733,-0.34701258,-0.053738505,-0.15557072,0.10066507,5,1.0,0.09568372,Nicolò Cambiaghi
0.49498793,0.44248682,0.6487528,0.1799972,0.04596513,0.17165531,-0.15905422,0.122094974,0.45134526,-1.7861369,-0.14911051,-0.048801772,0.2866525,0.077511534,-0.27669594,-0.044961683,6,1.0,0.15680262,Andrea Cambiaso
-0.6054771,-0.78662366,-0.2819487,-0.115223184,-0.7721795,-0.45636207,0.031223536,-0.2313038,-0.7396452,0.4558611,0.121710055,0.6963793,-0.51859874,0.27419156,0.1406177,0.29910415,5,1.0,0.13280798,Sergio Camello
0.06887303,0.21790497,0.19197567,-0.1523464,0.44629893,0.23933709,-0.12952784,0.03036866,-0.009172693,0.40044346,0.16532342,-0.26172096,-0.119128965,-0.15322399,0.13366273,0.0790238,3,0.9999971,0.108617425,José Campaña
1.4497657,0.9544699,-0.30949622,0.29768956,1.435618,0.5702255,-0.10662039,0.6627996,1.1032072,-0.25936344,-0.25748092,0.091264434,0.5801919,0.031155169,0.049087808,-0.033487566,1,1.0,0.14190415,Emre Can
-0.5675005,-0.09734815,-0.15966089,-0.2203961,-0.6166936,-0.2840187,0.06472495,-0.07559377,-0.37079704,0.5114228,-0.08981321,0.50477576,-0.59633577,0.13339299,0.050269127,0.03631077,5,1.0,0.13873884,Matteo Cancellieri
1.083322,0.040642068,-0.25229532,0.14639905,1.516981,0.3273162,-0.25829622,0.3447249,0.56969064,1.0254557,0.4443618,-0.2739617,0.5758782,-0.43297914,0.41430843,0.045857184,7,1.0,0.14166547,Fali Candé
-0.11790934,-0.07677015,0.046822995,-0.2866601,0.46149382,0.11087333,-0.06686653,0.0020451006,-0.12503695,1.102585,0.16107823,-0.2386931,-0.27150604,-0.25967818,0.09750269,-0.0045272857,0,1.0,0.07873117,Antonio Candela
-0.118668705,-0.25198942,-0.0051473975,-0.20241182,0.54574484,0.043418214,-0.064899474,0.010198075,-0.22240916,1.5286344,0.19375965,-0.27926025,-0.20389938,-0.3744487,0.19010568,-0.12812573,0,1.0,0.07438045,Antonio Candela
0.57680345,-0.21120453,-0.16792767,-0.034183893,1.2386961,0.21082449,-0.2702672,0.27338818,0.1759811,1.2927673,0.51729023,-0.39062265,0.32370982,-0.5236183,0.36256886,0.010095216,7,1.0,0.03779962,Jaydee Canvot
-0.039815225,-0.42198068,0.003705576,-0.26134488,0.5482205,-0.0032316744,-0.18524638,0.099382505,-0.33586675,1.260104,0.32587874,-0.1263764,-0.31632623,-0.39815557,0.24633491,0.06523169,0,1.0,0.09328069,Pierrick Capelle
-0.43741897,-0.42264742,0.41694438,0.16367084,-0.6760801,-0.55348736,-0.17814939,-0.462173,-0.59765136,-0.7569916,0.008251702,0.35405788,-0.056932945,0.08002634,-0.25944674,0.10979487,2,1.0,0.1080006,Gianluca Caprari
-0.08298026,-0.007172048,0.36397243,-0.1660779,-0.07096501,0.08664791,-0.2230538,-0.21234109,-0.21217749,-0.06651405,0.2027211,-0.16536918,-0.25547495,-0.0028326958,0.0067320317,0.17860192,3,0.99999523,0.08155887,Maxence Caqueret
-0.25112164,-0.19023117,0.0381355,-0.23705867,0.26502845,-0.0065748096,-0.10096332,-0.088321075,-0.28324527,1.2774472,0.1489763,-0.122287564,-0.4245692,-0.29918638,0.09543933,-0.053394683,0,1.0,0.026668146,Maxence Caqueret
0.9226619,1.0422984,-0.076288804,-0.01134406,1.3852369,0.93319815,-0.20305601,0.15200701,1.001636,0.24871823,-0.036260605,-0.6389766,0.3968845,-0.103797235,-0.030759715,0.026711948,1,1.0,0.103575274,Andrea Carboni
-0.7326126,-0.17115016,0.0911158,-0.16876894,-0.51837224,-0.3620662,0.084657714,-0.4723299,-0.5409614,1.3068581,-0.10327953,0.20173259,-0.62175256,-0.07782415,-0.0645314,-0.18126291,5,0.9999638,0.087100424,Irvin Cardona
-0.95009315,-0.5788608,-0.18291284,0.016000465,-1.1685414,-0.77130556,0.2054606,-0.34841082,-0.8692123,0.05586388,-0.22020982,0.7331344,-0.4496916,0.27470815,-0.0556963,0.14603144,5,1.0,0.086659,Irvin Cardona
0.06382894,1.2308283,1.0541774,-0.13900934,0.19074519,0.29740444,0.01899305,0.111214235,0.5975547,-2.6274705,-0.5343945,-0.95837635,-0.042060927,-0.15380283,-0.6598596,-0.052668296,6,1.0,0.3289694,Sergi Cardona
0.8991567,0.9164611,-0.26318872,-0.02722593,1.0749259,0.68529934,0.029871792,0.3819277,1.0729783,-0.38401872,-0.028091408,-0.024988884,0.0903754,0.056971923,0.03302507,0.06320948,1,1.0,0.1949752,Johnny Cardoso
0.9190568,-0.718625,-0.3233713,0.06472417,1.5368809,0.119726695,-0.42683274,0.33263925,0.040162936,1.8766078,0.9191798,-0.56916124,0.43816474,-0.5551394,0.6702989,-0.0003793612,7,1.0,0.19313422,Diego Carlos
0.46680987,1.8130972,-0.018389687,-0.3482658,0.65565753,1.2461996,0.04228297,0.22530651,1.4374244,-1.5086907,-0.4354337,-0.80668247,-0.2875306,0.085229784,-0.29708505,-0.11420072,6,1.0,0.18455222,Carmona
-0.14885102,0.08902608,0.76123893,-0.0519165,-0.17546481,-0.054178096,-0.23965833,-0.4579363,-0.2716104,-0.6312295,0.0036215223,-0.44876257,-0.13435753,-0.16394056,-0.31844488,0.02723363,6,0.99792504,0.11400984,Sergio Carreira
-0.16809587,-0.24511759,-0.023794115,-0.25599325,0.40838596,-0.015545882,-0.04209155,0.040029034,-0.28794956,1.3780264,0.2007209,-0.11368843,-0.28877795,-0.28962284,0.2144419,-0.0040806606,0,1.0,0.04687884,Dani Carvajal
-0.9120264,-0.19312087,-0.3408659,-0.25669226,-0.8633028,-0.46385294,0.3941416,-0.099891484,-0.6092379,1.3901943,-0.18978594,0.5425422,-0.7188367,0.09017654,0.07375175,-0.13171783,5,1.0,0.08996511,Fabio Carvalho
0.04975859,-0.55391693,-0.044005617,-0.19577748,0.6846283,-0.023796268,-0.24406701,0.13643749,-0.35120058,1.4680921,0.42174214,-0.18975244,-0.19161595,-0.4860356,0.30738977,0.01429867,0,0.9999962,0.06324266,William Carvalho
0.16113624,-0.5447679,-0.14094947,-0.14749703,0.6388166,-0.093142055,-0.2015352,0.14319122,-0.2636953,1.2969646,0.47313476,-0.0035686716,-0.1293073,-0.33180842,0.40304285,0.0876732,0,1.0,0.09494355,Cesare Casadei
0.3599122,0.5982118,-0.012167379,-0.045893423,0.5148915,0.51931834,-0.18036063,0.17064135,0.6158244,-0.3605886,-0.07184767,-0.16537453,-0.050113104,0.111706585,0.048590466,-0.026003875,3,0.9999714,0.129846,Marc Casado
0.8780527,-0.5661768,-0.2552386,0.029280514,1.4505961,0.14976987,-0.3535337,0.29380494,0.09448384,1.6228143,0.8364372,-0.49512145,0.4096003,-0.4967336,0.5942969,0.053252693,7,1.0,0.20928676,Nicolò Casale
0.2036957,0.6958968,0.08741307,-0.3884023,0.2887751,0.64468294,-0.024061799,0.16533609,0.6524253,-1.0033325,-0.232825,-0.45848748,-0.47088414,0.02873233,-0.06896399,0.046364702,6,0.9999995,0.32800928,Casemiro
0.341725,0.75108945,0.15202022,-0.16876718,0.5376654,0.6800003,-0.13854904,0.01067674,0.5790652,-0.2724034,-0.14860073,-0.514166,-0.09516262,-0.11499204,-0.18407793,-0.18047825,3,0.9999923,0.10857415,Matty Cash
-0.39989296,-0.42222,0.50786304,0.11216409,-0.8350362,-0.47872442,-0.16050823,-0.38431877,-0.37152568,-0.98762155,-0.009732973,0.18523532,-0.09281118,0.09310272,-0.3113143,0.0068219826,2,1.0,0.12755395,Josué Casimir
0.33444756,1.251804,0.057254046,-0.3487843,0.47062242,1.0404699,0.04884611,0.30100352,1.1419076,-1.8165603,-0.3046736,-0.6562081,-0.38204813,0.11631039,-0.09916935,0.12807032,6,1.0,0.16843352,Cristian Cásseres Jr.
0.26739728,0.82024616,0.07782521,-0.14966978,0.83011395,0.76505065,-0.17201988,-0.01312807,0.5764491,0.15342572,-0.11579187,-0.6514376,0.075216465,-0.07442609,-0.10628785,-0.05282896,3,0.9999047,0.055198293,Timothy Castagne
-0.97807145,-1.5995578,-1.375768,0.36424753,-2.427966,-1.401806,0.93390876,0.4151341,-0.9578305,-0.8411442,-0.22133984,1.7188226,-0.18696244,0.7509214,0.32041305,-0.021425284,4,1.0,0.16784674,Valentín Castellanos
2.100763,0.5187627,-0.463628,0.45164883,2.050529,0.53998023,-0.12933178,0.6941669,1.2579429,0.67304605,0.21565968,-0.1959951,1.1209724,-0.13547239,0.40508288,-0.037973218,1,1.0,0.14277503,Jean-Charles Castelletto
-0.6792927,-1.1844649,-0.74689424,0.12738225,-1.592156,-0.7922045,0.46538424,0.13585523,-0.7146267,-0.54503626,-0.16571577,1.2115958,-0.29786894,0.6184327,0.07661678,0.20951083,4,1.0,0.08259434,Santiago Castro
-0.22445229,-0.39278656,0.016960874,-0.21665889,0.37840083,-0.07343241,-0.098921806,-0.067330495,-0.3826439,1.5413003,0.23490818,-0.14908622,-0.38658985,-0.40982112,0.17376086,-0.06763562,0,1.0,0.019752953,Gaetano Castrovilli
0.16523942,0.6036846,-0.017880946,-0.040711727,0.4996723,0.39552325,-0.105636284,0.22463517,0.37654847,0.2008175,-0.014326498,0.016248884,-0.023148283,0.022388622,0.02490741,0.0204425,3,1.0,0.09207872,Danilo Cataldi
1.9005461,1.1622102,-0.27820867,0.3583446,1.9440527,0.6805856,-0.039400905,0.8172386,1.4412347,-0.29544526,-0.15685365,-0.08593361,0.9643479,0.077567786,-0.009046182,0.07299745,1,1.0,0.19252823,Catena
0.74805844,0.3040312,0.118211925,0.13193482,0.62533057,0.31231752,-0.17347051,0.32150865,0.4198473,-0.5288999,-0.048552386,0.072444364,0.15893653,-0.026936427,-0.0009061545,-0.017815404,3,0.999408,0.32714844,Dani Ceballos
0.6009735,0.88477844,0.15048258,-0.0542157,0.62539274,0.66230327,-0.14974973,0.21305399,0.8044972,-0.9550197,-0.2030671,-0.36831424,-0.020247139,0.041857347,-0.20552549,-0.03859008,6,0.8762524,0.102603056,Zeki Çelik
1.8811755,1.1417131,-0.45433939,0.3641214,1.809526,0.6361976,-0.0430651,0.83422583,1.4341587,-0.29530796,-0.17783388,0.15442276,0.8431022,0.098207116,0.10399744,0.036630124,1,1.0,0.08203355,Julian Chabot
0.8834599,0.17388575,-0.1236511,0.078791134,1.4526732,0.42371595,-0.24598622,0.26785034,0.5397055,0.90689105,0.36625415,-0.35717514,0.5056946,-0.43882507,0.27241248,0.05304132,7,1.0,0.051652707,El Chadaille Bitshiabu
-0.40820155,-0.55784506,0.32186672,0.030956142,-0.5223145,-0.39059734,-0.26240194,-0.5260968,-0.6131203,-0.17451704,0.121557035,0.14453043,-0.22526598,0.10166812,-0.18354231,0.1950793,2,0.58665264,0.1691726,Fares Chaïbi
0.32575113,-0.039797913,-0.19017534,-0.1542433,0.85784173,0.07389228,-0.040611364,0.27798182,0.094273135,1.1418141,0.4064027,-0.06848211,0.050880454,-0.27928013,0.3352871,0.07416263,7,1.0,0.11564509,Trevoh Chalobah
0.080135815,-0.08653057,-0.039756954,-0.12586872,0.79126555,0.14207397,-0.1068214,0.15127137,-0.016231775,1.3355378,0.2632998,-0.34743628,0.04956875,-0.35227615,0.18139866,-0.070024796,7,0.98583996,0.07203597,Trevoh Chalobah
-0.3778317,-0.48298806,-0.10356231,-0.18996961,-0.04765364,-0.22996756,-0.03291303,-0.11698954,-0.49444956,1.3007754,0.16526897,0.31422028,-0.57812166,-0.18860035,0.178886,0.05561204,0,0.976427,0.037849925,Conor Chaplin
0.97970176,1.2840495,-0.09045373,0.08045518,1.5106578,0.9259304,-0.19016352,0.34229198,1.1260824,0.22160551,-0.20624,-0.60226953,0.55994976,-0.10684496,-0.060094386,-0.059561424,1,1.0,0.14923431,Brendan Chardonnet
0.057936244,-0.23152602,-0.08620088,-0.1469833,0.8581965,0.15386873,-0.16134079,0.09511384,-0.11108121,1.6707586,0.2732634,-0.46435776,0.035775743,-0.44695064,0.25281528,-0.10545624,7,0.99436074,0.081921615,Anrie Chase
0.4735189,1.2105675,0.40352303,-0.12407735,0.46473658,0.69191855,-0.09028184,0.15991797,0.7713275,-1.4922017,-0.40017402,-0.50314766,-0.04140387,-0.09277043,-0.36310205,-0.10868969,6,1.0,0.1634235,Pep Chavarría
0.47436297,1.5326494,-0.07456817,-0.10673061,1.1847807,1.0248826,-0.17165264,0.13850807,1.0193056,0.09141311,-0.28944707,-0.84699506,0.22989309,-0.018708363,-0.11759184,-0.12050947,1,0.9994242,0.163385,Arthur Chaves
-0.19041938,-0.36330163,0.013346404,-0.22076169,0.3075142,-0.099602394,-0.07033718,-0.073103815,-0.3749514,1.3721011,0.2536074,-0.06073294,-0.3788215,-0.3693692,0.195304,0.00949052,0,1.0,0.0419862,Jhoanner Chávez
-0.8041042,-0.2761387,-0.04344526,-0.20088732,-0.40073037,-0.35667318,0.1464041,-0.35597476,-0.6144558,1.6627135,-0.030595891,0.25242308,-0.6807995,-0.15286806,0.003427133,-0.18087542,5,0.9995023,0.06506214,Walid Cheddira
-0.39961404,-0.83901036,1.2125705,0.4860294,-1.0280497,-0.8552113,0.41389024,-0.1706274,-0.8004921,-3.6312408,0.2845206,-0.26429027,1.2837936,0.13975477,-0.48050797,0.5793174,2,1.0,0.20694688,Rayan Cherki
0.5802121,0.8168729,0.13603292,-0.08881758,0.5647308,0.53454226,-0.18450317,0.33897442,0.6695554,-1.1043007,-0.2433291,-0.28419647,0.039545245,0.086183295,-0.08211273,0.11959066,6,0.99481404,0.16041736,Pedro Chirivella
0.4325486,0.5311679,-0.03893143,-0.071494,0.78166264,0.52659816,-0.111421786,0.153263,0.5007321,0.26129854,0.10528973,-0.17342077,0.0069190636,-0.07920679,0.048337787,0.039782368,3,0.8847097,0.028739516,Joris Chotard
0.24151473,0.6130688,0.48485512,-0.2251853,0.13011281,0.5113968,-0.13764681,0.23105459,0.47040313,-1.7921901,-0.23581497,-0.32478368,0.050729014,0.12728778,-0.24045256,0.29619387,6,1.0,0.10640359,Ryan Christie
-0.43391725,-0.8090725,0.39125252,0.23050326,-0.7544621,-0.47767627,-0.31627625,-0.73814875,-0.743093,-0.49726123,0.1354385,0.28971082,-0.050656,0.15218797,-0.18544212,0.19945714,2,0.9999323,0.10586752,Samuel Chukwueze
-0.036090195,-0.4244038,-0.120650515,-0.22795686,0.7614282,0.0825188,-0.108049355,0.12146929,-0.23391557,1.9564278,0.2856636,-0.36876756,-0.09766778,-0.44507313,0.29326105,-0.16125584,0,0.9999943,0.09124721,Alessandro Circati
1.0795412,0.6910571,-0.2877676,0.03277339,0.97256035,0.57480395,-0.023930743,0.52579045,1.0547669,-0.5596924,-0.13985384,0.23188232,0.2279751,0.06717767,0.015585557,0.09010429,1,1.0,0.14355953,Pathé Ciss
0.43949422,-0.24121144,-0.03863935,-0.05314501,0.82905585,0.11916414,-0.17348465,0.16338854,0.042792454,0.89691603,0.44677854,-0.06556601,0.041454367,-0.32578444,0.360885,0.051575914,7,1.0,0.14709474,Djaoui Cissé
0.79806554,0.30603188,-0.27321827,-0.11176816,0.32364693,0.4251539,0.035250798,0.46618223,0.91369486,-0.86623234,-0.12951685,0.3792092,-0.028098628,0.19322595,-0.07093848,-0.02209691,6,1.0,0.17919998,Seydouba Cissé
-0.32879767,-0.045259513,0.16924778,-0.27836066,-0.05450605,-0.114025734,-0.07648314,-0.2940076,-0.3158471,0.8216154,0.09254211,-0.020667886,-0.43754968,-0.1476385,-0.043506518,-0.029471241,0,0.9994013,0.058482587,Patrick Ciurria
-0.31881025,-0.13712288,0.6045118,-0.09382687,-0.32358015,-0.19714588,-0.3047032,-0.53392786,-0.43027276,-0.2328105,0.094278604,-0.2064962,-0.26716247,-0.061667077,-0.20619221,0.10428709,3,0.6555015,0.10566266,Jack Clarke
-0.14086886,-0.75817764,-0.5453937,0.060254194,-1.0937756,-0.23492858,0.2505644,0.26126698,-0.05900962,-1.1759948,-0.045894533,0.84954095,0.040140577,0.43315768,-0.03350298,0.15524337,2,1.0,0.18716401,Alexis Claude-Maurice
-0.25047866,0.57424587,1.3595139,0.060705684,-0.12957396,-0.10722593,0.00896132,0.03598414,0.083639294,-2.9639375,-0.36005968,-0.7749809,0.37739477,0.010722011,-0.75490093,0.32940125,6,1.0,0.3190748,Jonathan Clauss
-0.71939766,0.0694059,0.015399173,-0.23769692,-0.0061220713,-0.02782651,0.15424712,-0.2826152,-0.26789045,2.0094557,-0.13693593,-0.26077873,-0.50201577,-0.28497285,-0.07509883,-0.4479916,0,1.0,0.26848096,Nathaniel Clyne
0.6713371,0.11179978,-0.15192951,0.093596496,1.3650272,0.34228545,-0.24180943,0.25061944,0.4139368,1.2006942,0.33600122,-0.46409184,0.51981205,-0.4775195,0.2704411,-0.043117188,7,1.0,0.108826555,Conor Coady
-0.15293035,0.32118577,0.18589652,-0.25143638,0.41390294,0.31290418,-0.07507226,-0.16026527,0.0053978264,0.7709257,0.050466884,-0.5466631,-0.13328747,-0.23960087,-0.08775914,-0.060756795,0,0.8509274,0.07145893,Marcus Coco
2.0294588,1.033427,-0.41345167,0.37128985,2.0555568,0.68145454,-0.08790349,0.7169469,1.4661531,0.25944892,0.05423228,-0.08675513,0.97128516,-0.06051337,0.19258174,0.052133135,1,1.0,0.06514514,Saúl Coco
1.7319324,1.4443847,-0.29494923,0.50459284,1.7211578,0.6449614,-0.047419265,0.9334439,1.4732814,-0.6956561,-0.4104244,0.03914661,0.9064892,0.14594129,-0.04704745,-0.14554054,1,1.0,0.21831565,Nathan Collins
0.33221325,0.61894,0.078206286,-0.04065599,0.83806354,0.61719733,-0.18138675,0.062402654,0.468764,0.3804032,-0.024423804,-0.42871952,0.20141327,-0.14635187,-0.086189374,-0.045736723,3,0.9801271,0.062876746,Nnamdi Collins
-0.5847839,-0.84547323,-0.47417247,0.10529106,-1.211415,-0.6168057,0.2122534,0.08029267,-0.596494,-0.4067629,-0.18166544,1.0408313,-0.35726687,0.44738215,0.036751285,0.13154599,4,1.0,0.0611236,Lorenzo Colombo
-0.35407752,-0.39307976,0.13902777,0.047385536,-0.5551607,-0.42115015,-0.15297192,-0.416613,-0.53241444,-0.002447702,0.1088991,0.448814,-0.2514217,0.19000193,-0.020431459,0.11800695,5,0.9977842,0.068217024,Andrea Colpani
1.6424246,1.3857931,-0.3724652,0.33115697,1.5555116,0.6921009,-0.07623991,0.79511935,1.5258276,-0.801115,-0.47626328,0.11543937,0.59619194,0.13101888,-0.07726901,-0.1219982,1,1.0,0.12934683,Levi Colwill
-0.36396566,-1.0909522,0.43569732,0.4277401,-1.023353,-0.6425089,-0.15626211,-0.59901977,-0.65501326,-1.3160996,0.1162571,0.3627898,0.38431057,0.24472728,-0.30979687,0.1503838,2,1.0,0.17527808,Kingsley Coman
1.2863382,-0.10240802,-0.30817103,0.20912856,1.7498391,0.39261615,-0.31790254,0.3672499,0.60080314,1.3589401,0.5867522,-0.41590542,0.7192082,-0.506452,0.5568046,0.0008226037,7,1.0,0.17253253,Eray Cömert
0.6550889,0.4818576,-0.3670231,-0.3705743,-0.12171714,0.5527358,0.20194294,0.6985043,1.1684355,-2.0806484,-0.22880413,0.2060103,-0.11297708,0.41653126,-0.07200605,0.07551599,6,1.0,0.2567916,Santi Comesaña
0.06960814,1.4517219,0.02176109,-0.11112645,0.9651235,0.88087976,-0.18751357,0.1471683,0.7884236,0.40513632,-0.39865667,-0.96932465,0.18327904,0.045489356,-0.18657437,-0.20370936,3,1.0,0.3403793,Pietro Comuzzo
-0.47326455,-0.6890391,0.7989518,0.34516168,-0.74432576,-0.6852963,-0.22215784,-0.71593326,-0.7358847,-0.986971,0.24943003,0.08135171,0.20619711,0.04191275,-0.2876913,0.1502151,2,1.0,0.1247618,Francisco Conceição
-0.53010976,-0.2842065,-0.21733977,-0.19421369,-0.5039049,-0.37401018,0.1809739,-0.093730524,-0.46454003,1.1519443,-0.108290434,0.51035297,-0.6581728,0.043797627,0.13046974,0.049202118,5,1.0,0.11127864,Tomás Conechny
-0.5958047,-0.49398667,0.043203324,-0.1330196,-0.42897904,-0.4517215,-0.05695153,-0.46898925,-0.68060094,0.7933591,0.0958858,0.3553355,-0.5530085,-0.009857535,-0.0055249184,0.12861498,5,1.0,0.083249435,Sirlord Conteh
0.58581495,1.2094157,0.33006114,-0.22477087,0.58069724,0.8635378,-0.05692132,0.45260876,0.99663365,-2.1507514,-0.4014228,-0.5659772,-0.008214481,0.07713616,-0.2782294,0.27513352,6,1.0,0.18829846,Lewis Cook
1.1887169,0.20794849,-0.2507406,0.1571202,1.7613332,0.48569617,-0.28703326,0.3745129,0.7418787,1.1144664,0.4197805,-0.40284052,0.7145293,-0.49900916,0.41982388,0.036556274,7,1.0,0.089746766,Copete
0.6443747,2.048231,-0.1552618,-0.13141601,1.4270265,1.2693039,-0.16480646,0.23807319,1.3696996,-0.0012023896,-0.38712454,-1.0752454,0.37810656,0.035544977,-0.18186499,-0.17536399,1,1.0,0.4483703,Diego Coppola
-0.028300077,0.9732152,0.035211965,-0.083964825,0.74952996,0.5979796,-0.14960004,0.12327807,0.5386709,0.8158325,-0.1894562,-0.6944677,0.12311337,-0.021010995,-0.135236,-0.1542542,3,1.0,0.41879946,Derek Cornelius
-0.2350379,-0.16768579,-0.009206235,-0.25641868,0.49368405,0.110676326,-0.035490572,-0.07372476,-0.18277918,1.6748942,0.11928241,-0.37832677,-0.22975037,-0.33794823,0.13872156,-0.15931854,0,1.0,0.0836113,Pierre Cornud
-0.90282464,-0.7984474,-0.32731044,0.0222973,-1.122405,-0.7222639,0.16151224,-0.33592173,-0.9495943,0.3603919,-0.11274652,0.77239525,-0.581193,0.2432588,0.059437275,0.21969864,5,1.0,0.1399416,Ángel Correa
-0.11965416,-0.6162466,0.039865464,-0.07088125,-0.087766066,-0.12021176,-0.20242694,-0.19147944,-0.47792798,0.729489,0.36518854,0.25667214,-0.36136347,-0.106694005,0.166625,0.26432154,5,1.0,0.13444228,Joaquín Correa
-0.28320232,-0.020503968,0.110174894,-0.21961677,0.2130803,0.043691903,-0.04695487,-0.18943404,-0.17950849,1.2027246,0.021496233,-0.23471893,-0.35810456,-0.25309864,-0.00014314055,-0.1156835,0,1.0,0.06591109,Thierry Correia
-0.5768113,-0.06479965,0.34159678,-0.08765572,-0.52601653,-0.3859259,-0.10452202,-0.6119036,-0.5073011,0.5378476,-0.1255054,0.040622853,-0.50424093,-0.04020667,-0.19556344,-0.08040819,5,1.0,0.108014904,Coba da Costa
0.72673273,0.8683766,0.031673312,0.0784392,1.0166537,0.7442344,-0.24664982,0.20604257,0.7419432,-0.17564747,-0.21635146,-0.42036852,0.23756272,-0.046496436,-0.10250147,0.010315172,1,0.99914014,0.070089705,Danny da Costa
0.21590196,1.3980753,-0.040592477,-0.026135996,0.8945503,0.810115,-0.2299284,0.2484573,0.8216944,0.2414962,-0.40292966,-0.7589304,0.17307866,0.06275982,-0.15567231,-0.20020938,3,0.99999523,0.40653214,Logan Costa
0.43230188,1.462299,-0.03335318,-0.26474527,0.58900404,0.9755639,-0.01750812,0.21836907,1.1577798,-1.2296067,-0.31345457,-0.68540287,-0.26492888,0.13012847,-0.13737118,-0.18100807,6,1.0,0.1151005,Samu Costa
-0.113257885,0.1424492,0.11653811,-0.17308892,0.42929852,0.16065595,-0.06540557,-0.090438634,-0.06487806,0.9678784,0.09317771,-0.36182067,-0.15985222,-0.28512636,0.017875463,-0.07709593,0,1.0,0.06200375,Vladimír Coufal
0.3626959,0.69397235,0.0063295662,-0.060882982,0.6680264,0.62066114,-0.14584051,0.09275599,0.55082464,-0.06607907,-0.06554829,-0.29052076,-0.059273098,-0.023298204,-0.05342623,-0.053428836,1,0.66787386,0.037861824,Lassana Coulibaly
-0.31816906,-0.6082285,-0.07797103,-0.05939147,-0.7279779,-0.29350016,-0.10232611,-0.1712313,-0.42227665,-0.17722666,0.019078854,0.5279346,-0.41056713,0.24638149,-0.041501738,0.1327182,2,1.0,0.14173195,Tanguy Coulibaly
0.07369688,-0.18783608,0.019641325,-0.17355014,0.69588196,0.11086951,-0.14861186,0.09319547,-0.15444466,1.0927962,0.2788257,-0.24056615,-0.07417148,-0.38399804,0.20377904,-0.005023122,0,0.98967576,0.07222435,Woyo Coulibaly
0.063532226,0.24381252,0.37645435,0.027290098,0.19977659,0.114362806,-0.23182935,-0.2502957,-0.14589407,0.1140084,0.123454206,-0.31356874,-0.030889556,-0.17157136,-0.050719425,-0.094823055,3,0.99999136,0.11079347,Yan Couto
0.00887315,1.0201359,0.08380221,-0.29243624,0.41603255,0.7206428,-0.04018072,-0.009212989,0.62583035,-0.28104317,-0.20506749,-0.6622125,-0.2321119,-0.0008137226,-0.20760693,-0.18810597,3,1.0,0.15622538,Nicolas Cozza
0.084996946,-0.26638687,0.00028151274,-0.17168477,0.75011826,0.075981796,-0.13914125,0.15008588,-0.15809347,1.3107718,0.339073,-0.29196236,-0.043231886,-0.39701024,0.21063888,-0.052128516,7,0.85410136,0.033274945,Aaron Cresswell
1.015705,1.3525007,-0.17384328,0.21277672,1.353882,0.6499861,-0.11485563,0.61437654,1.0833952,0.10565233,-0.31063265,-0.25072336,0.6252518,0.07547897,0.0004220754,-0.13033059,1,1.0,0.42468,Charlie Cresswell
0.5083327,0.41252375,-0.15472193,-0.10300997,0.08052972,0.43881956,-0.04173498,0.42371574,0.749695,-1.1419619,-0.15224501,0.26084906,-0.099431336,0.24286741,-0.10209664,0.029680751,6,0.99999815,0.11705311,Bryan Cristante
-0.09820442,0.31924438,0.027303427,-0.06990953,0.64509845,0.30772674,-0.041177608,-0.027631335,0.18571928,1.2492396,0.02939819,-0.54848385,0.049968265,-0.23907346,-0.0032749176,-0.17698589,0,1.0,0.1459182,Juan Cruz Armada
-0.28340054,-0.29609394,0.62650543,0.061893262,-0.62507266,-0.3517539,-0.08687788,-0.25646275,-0.35200626,-1.2716017,0.08890737,0.08361715,0.022556767,0.052525863,-0.2883717,0.14504355,2,0.9999829,0.12047615,Juan Cruz
-0.24699533,-0.10749719,0.57635313,0.046632297,-0.19589217,-0.27872294,-0.32378522,-0.5779299,-0.50753033,-0.016501866,0.21650824,-0.14285365,-0.1597648,-0.11497679,-0.08758907,0.07201858,3,0.9877881,0.06842655,Juan Cuadrado
1.9234741,0.79501015,-0.4037016,0.56926507,1.5811765,0.34905225,-0.077841334,0.9398738,1.2444555,-0.6147593,-0.19265154,0.20799662,0.8981767,0.16030979,0.098344415,-0.18749383,1,1.0,0.34154838,Pau Cubarsí
-0.39124808,-0.96872133,-0.39038336,0.0042855144,-0.95482737,-0.41401064,0.016678765,-0.17221703,-0.7155035,0.24642283,0.10953274,0.8076198,-0.4442532,0.34503067,0.17741975,0.28161818,4,0.999939,0.16294108,Cucho
0.65323985,1.0950371,-0.049108535,-0.14884049,0.4370729,0.7116477,0.034258813,0.5437733,1.2039938,-1.4726504,-0.33635324,0.0024344623,-0.15494081,0.19499639,-0.28664047,-0.15278286,6,0.99999905,0.26011637,Marc Cucurella
-0.39985028,-1.3839693,-0.10235904,0.58489966,-1.6126736,-0.7206729,0.76320237,0.42858234,-0.43314457,-3.5273185,0.061324105,0.71617395,1.1144897,0.3870662,-0.2534411,0.59453243,2,1.0,0.23124185,Matheus Cunha
-0.8003222,-0.95866376,-0.6790773,0.20978156,-1.5366856,-0.8569395,0.4154603,0.060728554,-0.7174964,-0.52520365,-0.16461492,1.2166684,-0.33014706,0.50896305,0.068216056,0.07434237,4,1.0,0.063288905,Patrick Cutrone
-0.7701471,-0.4576897,-0.47404534,-0.25136346,-0.83797055,-0.54545593,0.29817325,-0.055256423,-0.69953525,1.1742707,-0.14326565,0.74414074,-0.7284849,0.08857983,0.16145465,0.040812373,5,1.0,0.07892059,Tomáš Čvančara
-0.0629272,0.2678243,0.022530302,-0.1230546,0.63490283,0.35416555,-0.07118542,-0.039292634,0.15474215,1.0618061,0.041124787,-0.43666193,-0.018276937,-0.21930265,0.042074636,-0.062169485,7,0.99083924,0.08612639,Danilo D'Ambrosio
0.3178927,0.31618673,0.56714827,0.0670682,-0.10698316,0.1033664,-0.12452062,0.25556952,0.36521834,-2.0361753,-0.23402198,-0.004149694,0.2572268,0.19525549,-0.38282192,0.091952726,6,1.0,0.17791978,Lucas Da Cunha
-0.80216575,-0.08120062,-0.16635282,-0.23856488,-0.41446018,-0.28986683,0.2768532,-0.13457456,-0.47512347,1.7749584,-0.15360497,0.2554927,-0.65151554,-0.071574055,0.032568514,-0.32876235,5,0.99996275,0.11843093,Patson Daka
-1.0351026,-0.3633272,-0.47964066,-0.20510484,-1.1250867,-0.66135544,0.45398617,-0.064864926,-0.81892186,0.89818907,-0.21919589,0.7523251,-0.6682501,0.26504093,0.09105536,0.035397187,5,1.0,0.1133178,Thijs Dallinga
0.49511245,1.0797408,0.26745266,-0.087382354,0.37077898,0.70351666,-0.00141114,0.3092985,1.0408478,-1.8429891,-0.29009593,-0.34409347,-0.14835948,0.049199402,-0.29397032,-0.12530157,6,1.0,0.12734659,Diogo Dalot
0.015049748,0.69661945,1.2128061,0.026279166,-0.27709517,0.057963245,0.052366003,0.43524364,0.31508937,-3.806881,-0.3872704,-0.98865294,0.5626466,0.30215538,-0.4277392,0.46890375,6,1.0,0.22160172,Mikkel Damsgaard
0.16223493,-0.19755375,-0.08604021,-0.16954511,0.9120469,0.14039713,-0.14618216,0.13660029,-0.028043106,1.3766549,0.36044103,-0.30439883,-0.019461028,-0.41593876,0.2560248,-0.0093376115,7,0.9999675,0.059586145,Flavius Daniliuc
0.035804152,-0.28259194,-0.05407943,-0.15429886,0.7817157,0.08891949,-0.18110462,0.11229196,-0.17699447,1.4526289,0.3073784,-0.3434078,-0.044700596,-0.41872704,0.24783486,-0.056775488,7,0.9807799,0.0685368,Danilo
-0.57892966,-0.6105781,0.39955235,0.2846341,-0.8038549,-0.8497175,-0.17002103,-0.74954844,-0.73574555,-0.505647,0.050553467,0.40240186,-0.023571774,0.12501612,-0.279482,-0.10154713,2,1.0,0.24801707,Arnaut Danjuma
0.06998238,0.39747488,0.18176283,-0.18687713,0.14777474,0.47641483,-0.18073465,-0.0012750607,0.3115275,-0.5114764,-0.010507368,-0.23626254,-0.25067052,0.04643756,-0.076907374,0.04282309,3,0.9696474,0.11277648,Kévin Danois
0.5946598,-0.33433113,-0.19768725,-0.038026597,1.2845143,0.16973191,-0.29257214,0.31390533,0.11339572,1.5318782,0.53675324,-0.43885905,0.34482783,-0.54995835,0.41032523,-0.021575965,7,1.0,0.07896582,Kevin Danso
-0.15930642,0.5016532,0.07553408,-0.06779961,0.61012715,0.34645155,-0.0144684315,0.010919513,0.22786549,1.0852028,-0.023164596,-0.50692976,0.041911133,-0.14819272,-0.06948162,-0.15336934,0,0.99998474,0.18778205,Kevin Danso
0.8323729,0.9115684,-0.064153016,0.14607033,1.246276,0.7360738,-0.24019669,0.26418373,0.87291014,0.28433433,-0.11362718,-0.43693018,0.3936341,-0.049432263,0.047191173,-0.008127376,1,0.9999543,0.11684445,Dante
-0.3123242,0.16755216,0.07233931,-0.29616418,0.13307187,0.075861014,0.0006686896,-0.12669268,-0.10007091,1.0673611,0.016152116,-0.17461671,-0.35953665,-0.13026063,-0.0013330132,-0.111944295,0,1.0,0.060780764,Bence Dárdai
0.026256934,0.30623013,0.76705617,-0.016111411,-0.20324382,0.032178305,-0.10985872,0.051924404,0.013337612,-1.9334359,-0.14100146,-0.44519666,0.2208578,0.1780836,-0.33242294,0.22157842,6,1.0,0.1351651,Sergi Darder
0.023991846,0.040179163,0.087335974,-0.06765541,0.09254734,-0.0033265725,-0.0406508,0.15841883,-0.030709647,-0.071264036,0.13234597,0.23299402,-0.14987615,0.053787023,0.061858147,0.062063485,3,1.0,0.09398341,Matteo Darmian
0.10469259,-0.5412151,-0.12541507,-0.14031827,0.8304699,0.019049183,-0.218618,0.15153344,-0.29020798,1.7563503,0.37490416,-0.27239943,-0.092327215,-0.50899476,0.34618318,-0.09745576,7,0.77342725,0.08193003,Juan David Cabal
-0.7060381,-2.2498705,-1.4959521,0.46159923,-2.7712536,-1.4443848,1.1863533,0.42708293,-0.94030386,-1.7002568,-0.19982162,1.6125576,0.12953463,0.9197124,0.2181449,0.2375277,4,1.0,0.19050696,Jonathan David
0.31273237,0.10326737,0.46528375,0.21392614,-0.19303562,0.0308064,-0.15675981,-0.060388394,0.09279889,-1.1187428,0.06826746,0.11716676,0.25604314,0.10034174,-0.1610058,-0.09532615,6,1.0,0.20022765,Alphonso Davies
1.274403,-0.19771814,-0.3040989,0.23202029,1.7815936,0.33273828,-0.35733378,0.4322431,0.5358437,1.44128,0.62810016,-0.46840617,0.72712773,-0.53303474,0.58362436,-0.04606568,7,1.0,0.16223952,Ben Davies
-0.6584985,-0.637174,-0.03895174,-0.07773644,-0.6412119,-0.5167493,-0.03802003,-0.4550111,-0.75506073,0.6191518,0.0703332,0.5208747,-0.5386246,0.15752614,0.03783852,0.22002822,5,1.0,0.08816383,Keinan Davis
-0.10291085,0.7160322,1.2380551,-0.0758011,-0.019449446,-0.058847986,-0.1271653,-0.33109608,-0.042168155,-1.7415922,-0.38129497,-0.79949546,-0.009962618,-0.3039565,-0.64343077,-0.08898593,6,1.0,0.20889005,Leif Davis
-0.520707,-1.1822897,0.111888215,0.60825926,-1.5411438,-0.9683441,0.2915961,-0.21399684,-0.44765982,-2.323463,-0.026223041,0.63059217,0.6515731,0.37715077,-0.39399648,0.10235858,2,1.0,0.13312076,Zuriko Davitashvili
0.48927134,0.49330074,-0.023572743,-0.010921001,1.1178131,0.5764794,-0.19009072,0.061927456,0.5305274,0.89949906,0.1250765,-0.5560703,0.35344055,-0.29767376,0.04073912,-0.024964057,7,1.0,0.07732199,Paweł Dawidowicz
-0.2211842,0.035724208,-0.043673247,-0.18318158,0.57642186,0.17686011,-0.019816548,0.012051232,-0.021188617,1.7084935,0.058749158,-0.47906384,-0.038894236,-0.26269567,0.12411791,-0.19675058,0,1.0,0.16101775,Craig Dawson
-0.68477106,-0.614818,1.1576717,0.3332746,-0.8526309,-0.78643906,0.20419116,-0.36498398,-0.89438,-2.737968,0.15094326,-0.35048047,0.94317764,0.11184791,-0.45457363,0.490701,2,1.0,0.3623891,Kevin De Bruyne
-0.87239313,0.0895568,0.060113624,-0.26432154,-0.49212635,-0.27482468,0.21543647,-0.4071227,-0.4839066,1.581978,-0.1326269,0.011731412,-0.6041575,-0.09573431,-0.09771056,-0.37644267,5,0.9999399,0.2216862,Bobby De Cordova-Reid
-0.46658155,-1.0958496,0.4846666,0.67387354,-1.4396608,-0.9846909,0.31483608,-0.30124158,-0.6271336,-2.6498811,0.14302392,0.35641435,0.91584915,0.24004093,-0.37104797,0.14697015,2,1.0,0.095916264,Charles De Ketelaere
0.43815246,0.20563094,0.8506932,0.19814721,-0.30288133,-0.057842202,0.010471359,0.2619842,0.012705728,-2.7468443,0.002069667,-0.36021215,0.62545216,0.20711371,-0.21803214,0.29470658,6,1.0,0.39355913,Rodrigo De Paul
-0.35340828,-0.098986305,-0.051801354,-0.26838464,0.26442578,0.032697327,0.055389196,-0.061201762,-0.16322303,1.6649737,0.00941525,-0.19515464,-0.32343876,-0.212856,0.10665536,-0.18481913,0,1.0,0.09143702,Mattia De Sciglio
-0.41731238,0.030761175,-0.0073548853,-0.22641966,0.17172171,-0.014557488,0.045676097,-0.13000794,-0.1600684,1.5074629,-0.044248052,-0.16569898,-0.36177164,-0.20338546,0.051745698,-0.1779418,0,1.0,0.100645624,Lorenzo De Silvestri
0.7787247,0.92191243,-0.09913324,0.11843718,1.2112697,0.59273833,-0.17089124,0.37834188,0.7733744,0.45461842,-0.054344177,-0.3043149,0.47640064,-0.08465356,0.05312872,-0.0100023225,1,0.9999886,0.1463406,Koni De Winter
0.2735269,-0.21736975,-0.109711036,-0.14174905,0.6575996,-0.011405237,-0.08751177,0.17134698,-0.05435107,0.8698041,0.43310755,0.043101408,-0.14660847,-0.16325231,0.32959658,0.18114488,7,1.0,0.19058338,Alessandro Deiola
-0.42759606,-0.6581326,0.5327042,0.11435019,-0.7520412,-0.3880059,-0.115137234,-0.47401074,-0.6006213,-1.1357431,0.02486609,0.021871734,0.08856902,0.1407502,-0.29610854,0.3448583,2,1.0,0.20275776,Romain Del Castillo
1.241382,0.8111403,-0.19781815,0.18737829,1.3679227,0.5104651,-0.11867347,0.61103374,0.87212455,-0.019614592,-0.12573892,0.031167796,0.66770285,-0.05540429,0.09947994,0.06254033,1,1.0,0.15179338,Enrico Del Prato
-0.8354806,-1.3090452,-1.1040664,0.26210135,-1.9202733,-1.052855,0.6457022,0.27689174,-0.8466962,-0.3896174,-0.077931024,1.4954406,-0.34704244,0.67165583,0.32543296,0.04536522,4,1.0,0.17160924,Liam Delap
0.059175644,-0.6138781,-0.07525201,-0.11489532,0.22972035,-0.10604616,-0.15806408,0.003126028,-0.41898316,1.0583038,0.40272307,0.123875104,-0.23650527,-0.19785367,0.3647511,0.17481385,0,1.0,0.12997514,Fisayo Dele-Bashiru
-0.4815636,-0.70230573,-0.20481415,-0.15220004,-0.19657472,-0.4143142,0.05788532,-0.092310995,-0.6750362,1.6875783,0.101853915,0.49863106,-0.7017029,-0.15020277,0.2868447,0.051409617,5,0.88658226,0.21032588,Andy Delort
-0.64026046,-2.6451762,-0.70376146,1.2415026,-2.7757974,-1.4934411,1.1703988,-0.009498229,-0.8071881,-3.6821756,0.06791517,1.3630857,1.3278027,0.79127663,-0.26223773,0.27865076,2,1.0,0.13251695,Ousmane Dembélé
-1.2832594,-1.7288584,-1.8616711,0.19865471,-2.8934584,-1.6055574,1.1866485,0.67125034,-1.1038213,-0.29932386,-0.38188398,2.019948,-0.4651421,0.800291,0.5214797,0.1362611,4,1.0,0.12280331,Ermedin Demirović
1.1904886,0.81967264,-0.13973461,0.17664725,1.4672638,0.63618773,-0.14660798,0.42235124,0.9509387,0.2838737,-0.0026649907,-0.21604435,0.5721593,-0.0953051,0.07185595,0.031705804,1,1.0,0.059256263,Sepp van den Berg
-0.36649987,-0.4992115,-0.058607638,-0.17899612,0.06737228,-0.2028242,-0.014392838,-0.07853313,-0.4663586,1.446835,0.15610912,0.19425079,-0.51744133,-0.22017051,0.18049896,0.006315507,0,1.0,0.06311278,Justin Devenny
0.59247553,1.242118,0.44789165,-0.080655396,0.24517347,0.5476126,0.043684155,0.73977387,1.0666767,-2.935437,-0.5856493,-0.2645457,0.155348,0.28860778,-0.3788132,0.13078511,6,1.0,0.35497484,Giovanni Di Lorenzo
-0.54969215,-1.2073524,-0.6489374,0.1264529,-1.5520955,-0.72822016,0.485429,0.17556089,-0.56909394,-0.6653112,-0.099973336,1.103412,-0.21796088,0.611926,0.02862379,0.28361756,4,1.0,0.1768378,Boulaye Dia
0.07772507,-0.3243977,-0.19006373,-0.1816409,0.6572161,-0.053910993,-0.049041025,0.23634072,-0.14188246,1.5997525,0.29395682,-0.063386075,-0.040923018,-0.29187816,0.35656714,-0.036465622,0,1.0,0.15112987,Mouctar Diakhaby
-0.3894555,-0.4227767,0.30750853,0.06866651,-0.3276717,-0.38887984,-0.21570711,-0.6291607,-0.64592236,0.46894902,0.1651814,0.12231725,-0.3462782,-0.068849124,-0.06369434,0.05809832,5,1.0,0.10439726,Mamadou Diakhon
2.347963,0.5707992,-0.6435464,0.62844527,1.802972,0.3082995,-0.053961292,0.9686507,1.3510318,0.21733394,0.047882244,0.19114953,1.0955377,0.08504006,0.3928827,-0.15812492,1,1.0,0.30617008,Bafodé Diakité
-0.64661527,-0.62930465,-0.446809,-0.11503279,-0.98972416,-0.50798535,0.20914178,-0.011743187,-0.59778666,0.09529608,-0.090040445,0.84662455,-0.5065783,0.35259175,0.102270454,0.26830718,5,0.87580127,0.13553344,Oumar Diakité
-0.35268414,-0.7233561,0.6891683,0.31546015,-1.1012254,-0.5763176,0.1592351,-0.26931155,-0.30017817,-2.3939998,0.10137089,0.16234243,0.69121516,0.24288297,-0.4976616,0.23518759,2,1.0,0.15565455,Amad Diallo
-0.6898277,-0.5397974,-0.53625196,-0.05135493,-1.1172428,-0.5287691,0.23245205,0.023189567,-0.5625659,-0.026820406,-0.09600015,0.9141387,-0.4274214,0.3678609,0.13436484,0.23715696,5,0.6493015,0.22908087,Assane Diao
-0.12137112,-0.14702153,0.6872706,0.11831982,-0.51771736,-0.18524975,-0.06598654,-0.15914181,-0.17844327,-1.5285048,0.010126559,-0.06922,0.30689672,0.048663914,-0.32339528,0.2258465,2,0.7788015,0.19332221,Habib Diarra
0.36213222,0.48339438,0.017361626,-0.036747232,0.8942589,0.5769147,-0.16431354,-0.0045820745,0.4480425,0.6320948,0.094065785,-0.44651687,0.1739653,-0.21009149,0.016686141,0.0041252077,7,0.9998779,0.0751334,Moussa Diarra
1.7880478,0.55319357,-0.40677017,0.53612006,1.4315304,0.26436943,-0.06337383,0.859903,1.0080649,-0.13220504,-0.08673702,0.18228984,0.8731207,0.10577923,0.22269225,-0.24504751,1,1.0,0.34022707,Rúben Dias
-0.003687419,-0.37020808,-0.021920413,-0.22612283,0.61278564,-0.0005699247,-0.15132017,0.10537909,-0.28568238,1.3029127,0.32890987,-0.14343536,-0.242472,-0.39175588,0.27883637,0.010247454,0,0.9996796,0.07488908,Krépin Diatta
-0.15739189,-0.291676,-0.0073908865,-0.26814967,0.4871096,0.045309275,-0.11457583,0.016154401,-0.2727228,1.4220701,0.21275352,-0.20533171,-0.32946053,-0.3339277,0.17801532,-0.039318614,0,1.0,0.036651075,Mahamadou Diawara
-0.33267814,-0.96261305,-0.013100058,0.16307622,-0.94634384,-0.45121193,-0.022605985,-0.2143508,-0.47786346,-0.8765015,0.12562458,0.54013133,-0.033533372,0.3682806,-0.10261661,0.21260998,2,0.99995136,0.13747919,Brahim Díaz
-0.43077978,-1.7381812,-0.54401076,0.7554444,-2.0939703,-1.1093115,0.8153855,0.17400788,-0.4571795,-3.055271,-0.08047242,1.0604128,0.8970605,0.6066351,-0.31433082,0.08970264,2,1.0,0.17623201,Luis Díaz
-0.1292015,-0.53037995,0.21125317,-0.022616088,-0.40687442,-0.17136765,-0.26397592,-0.288922,-0.46168533,-0.1777528,0.2778235,0.3303011,-0.191937,0.15519214,-0.037456796,0.22569935,2,0.9898759,0.12325181,Pedro Díaz
-0.10585679,-0.11708703,0.30749696,0.16768119,-0.42675272,-0.19811475,-0.21403553,-0.26135096,-0.22319224,-0.63456386,0.0661188,0.32090995,-0.06153179,0.11554748,-0.1135256,-0.087129645,2,1.0,0.095016286,Tyler Dibling
-0.83103776,-0.5589354,-0.61784685,-0.26564193,-0.93072337,-0.59354573,0.35816973,0.07574043,-0.77486384,1.3529109,-0.19920789,0.90789413,-0.81869215,0.117593944,0.24895158,-0.0014236122,5,1.0,0.09953711,Diego
-0.95080924,-0.3584265,-0.51215065,-0.29065853,-0.7968554,-0.5072616,0.42313594,-0.0152710695,-0.65992874,1.7940605,-0.20724244,0.6574738,-0.7058582,0.007972941,0.16194555,-0.16790122,5,1.0,0.15610236,Bamba Dieng
1.2433195,0.26495004,-0.27298588,0.2034652,1.4530395,0.36359733,-0.23067224,0.45744574,0.68314046,0.7020682,0.29826534,-0.21341856,0.6338655,-0.2436913,0.31972328,-0.0031402186,1,1.0,0.0850965,Eric Dier
0.122113325,0.86630213,0.86606,-0.19757065,0.22447306,0.35878733,-0.16411655,-0.10622075,0.3261796,-1.569409,-0.3734548,-0.8716574,-0.13317063,-0.26830122,-0.48324347,-0.02807001,6,1.0,0.17214529,Lucas Digne
-0.47819552,-0.37748528,1.2133548,0.19957626,-0.7107249,-0.6745302,0.024895638,-0.42649955,-0.59211445,-2.1461723,0.023714302,-0.27355957,0.5243637,-0.040905982,-0.57702726,0.21993273,2,1.0,0.14818087,Federico Dimarco
-0.42281774,-0.11722336,0.50851196,-0.13247326,-0.3014079,-0.2576201,-0.2184764,-0.6053936,-0.51695454,0.24036822,0.11802706,-0.14818434,-0.36340973,-0.09699342,-0.21591532,0.08743371,5,0.999939,0.05565799,Eren Dinkçi
1.0566905,0.6222207,-0.16337986,0.13356036,1.300561,0.5358246,-0.1759474,0.35813,0.7527615,0.35830164,0.101565205,-0.18959026,0.47216383,-0.12873034,0.1287204,0.040616684,1,1.0,0.08105544,Sinaly Diomande
-0.22652957,-0.7296886,0.24756159,0.044942133,-0.2397173,-0.17326048,-0.33078653,-0.50167423,-0.5848224,0.50119543,0.40009934,0.15112461,-0.27682203,-0.03850256,0.051628456,0.21360755,5,1.0,0.20612839,Yan Diomandé
0.4602711,0.06264952,-0.13707604,0.032365948,1.1991552,0.32510638,-0.21471007,0.16310744,0.31166667,1.2769406,0.3057778,-0.47576678,0.36378244,-0.4771162,0.22537977,-0.057219215,7,1.0,0.063445196,Issa Diop
-0.6395831,-0.90776205,-0.37473267,0.031048007,-1.331273,-0.6057461,0.263054,-0.05021321,-0.56976825,-0.749237,-0.113192275,0.8013393,-0.23075312,0.47331476,-0.027402095,0.31600404,4,0.9995433,0.14700201,Sofiane Diop
0.11857891,-0.032237045,0.5936205,0.15901348,-0.43248028,-0.07328438,-0.059781983,-0.07505484,0.055002436,-1.5400473,0.08397648,0.093248636,0.32109705,0.13400602,-0.23925585,-0.0506723,6,0.9463982,0.10623314,Andy Diouf
-0.16518243,-0.23827471,-0.037981987,-0.2189847,0.622812,0.12837093,-0.1143499,0.009502122,-0.19587328,1.6825998,0.16539685,-0.41158405,-0.16431141,-0.3639614,0.2049379,-0.13005003,0,0.9984144,0.07261416,Assane Dioussé
0.12472466,-0.5699929,-0.07609995,-0.19938852,0.8222471,0.029184446,-0.2310574,0.17815603,-0.31151238,1.614866,0.44982082,-0.2798249,-0.08264735,-0.5200151,0.32221025,-0.05540835,7,0.98707235,0.05472467,Axel Disasi
-0.57891214,-0.34623015,-0.08059408,-0.16761658,-0.2930804,-0.3636446,0.103619054,-0.24906027,-0.5478759,1.5265845,-0.036749855,0.33472836,-0.68735003,-0.14351836,0.098374635,-0.08389435,5,0.99963766,0.05859623,Álvaro djaló
0.43825382,0.5893072,0.07838498,0.07044404,0.99555796,0.5337476,-0.15699302,0.11069006,0.471613,0.55939925,-0.016582858,-0.4717674,0.3110044,-0.20471245,-0.055457175,-0.049193047,7,0.99917257,0.1329496,Djené
0.7021502,1.6256337,-0.15285109,-0.0034037754,0.88361806,0.8848027,-0.028300121,0.45525813,1.2975557,-0.87489504,-0.4086606,-0.3849077,0.13236284,0.16775459,-0.20413572,-0.2674122,1,1.0,0.20317376,Berat Djimsiti
-0.038606107,-0.6063275,-0.40611273,0.13999468,-1.0783544,-0.09760929,0.39070743,0.63724816,0.22100234,-2.6786501,-0.14723794,0.56610805,0.4953414,0.5186627,-0.11328875,0.3207754,2,1.0,0.3741788,Ritsu Doan
0.35379413,0.5586196,1.0552167,0.3002537,-0.19915596,-0.034649186,-0.049536362,-0.043101206,0.5296131,-2.413989,-0.31406057,-0.26755375,0.4060137,-0.0765616,-0.5602045,-0.29173857,6,1.0,0.36493927,Dodô
1.4896619,1.2031729,-0.23855002,0.28219876,1.6418728,0.7302614,-0.06818084,0.61526227,1.2848611,-0.25846645,-0.15729146,-0.07750696,0.69732606,0.09226103,-0.026327386,0.06139722,1,1.0,0.16342826,Danilho Doekhi
0.9774835,0.6831749,-0.036928207,0.14350739,1.1125319,0.58145416,-0.1657943,0.40023518,0.71158546,-0.1861209,-0.121282175,-0.097529806,0.43864587,-0.06317732,-0.044184327,0.0065936893,1,0.99995613,0.043538876,Matt Doherty
-0.30154663,-0.44556153,1.4882395,0.35878927,-0.7537571,-0.73118705,-0.04268772,-0.7429314,-0.6675504,-2.0315464,0.280795,-0.3714693,0.6630232,-0.21385974,-0.52939546,0.09310302,2,1.0,0.34382844,Jeremy Doku
-0.5050955,-0.3585406,0.11820858,0.05775977,-0.6627836,-0.48129606,-0.10754934,-0.4679697,-0.6525079,0.19812533,0.006108729,0.4122297,-0.31328237,0.14175832,-0.028651536,0.1073728,5,1.0,0.08153717,Benjamín Domínguez
0.89751863,0.069520265,-0.19805865,0.09127306,1.5176752,0.40319452,-0.282382,0.27690965,0.520575,1.1552832,0.4403429,-0.39704406,0.57059795,-0.522259,0.3458459,-0.009056926,7,1.0,0.054637443,Carlos Dominguez
0.13013679,1.154228,-0.025950283,-0.36975056,0.4887973,0.8588302,-0.03835012,0.07332437,0.8643594,-0.68599755,-0.19789673,-0.73434263,-0.3484506,0.090619296,-0.108391136,-0.0837762,6,0.9924678,0.18916823,Nicolás Domínguez
-0.3022036,0.34045905,0.3141067,-0.1572896,-0.014245829,0.11277579,-0.16407423,-0.4485461,-0.17760918,0.55322975,-0.110147044,-0.43019646,-0.36792433,-0.1675332,-0.20654741,-0.22385842,3,1.0,0.119952105,Patrick Dorgu
-0.14364319,0.16584043,0.30952027,-0.06841676,-0.5063332,-0.07118472,-0.10347259,-0.08350138,0.042849585,-0.9538553,-0.08741374,0.19232364,-0.2974949,-0.06687817,-0.286253,-0.16084716,2,0.9998899,0.16275752,Patrick Dorgu
0.11129169,0.07612418,0.10193271,-0.17509796,0.33907065,0.17484984,-0.10438217,0.09111239,-0.049597934,0.37384722,0.2849619,-0.015709845,-0.17872521,-0.1197184,0.1973269,0.13616243,3,1.0,0.050763942,Niklas Dorsch
0.97963023,0.3216865,-0.124407366,0.0804689,1.4898026,0.49780625,-0.2461761,0.29112667,0.6696746,0.7399027,0.2971993,-0.3560399,0.5227107,-0.3380906,0.21553454,0.04040455,7,0.9972535,0.060911674,Alberto Dossena
0.021886624,-0.16419597,-0.027033255,0.004263997,-0.4945647,0.006918542,0.003625065,0.219134,0.16539282,-1.1778524,-0.020808138,0.42620546,-0.14230664,0.3373509,-0.15835634,-0.07053187,2,0.998393,0.13131961,Abdoulaye Doucouré
-0.24614057,-0.36990345,-0.06185037,-0.20405331,0.46836823,0.013439879,-0.09655831,0.011225419,-0.30303454,1.7408003,0.16044316,-0.20485777,-0.3183402,-0.346749,0.19779322,-0.15142882,0,1.0,0.04826747,Cheick Doucouré
-0.4900364,-0.5255557,1.0593796,0.3389097,-0.95785093,-0.62446076,0.31494898,-0.1969986,-0.4438509,-3.0914285,0.14293855,-0.17756195,0.9741129,0.1689592,-0.46696576,0.36075002,2,1.0,0.12424494,Désiré Doué
1.5823065,1.4916713,-0.20314382,0.23949662,1.4416084,0.8753998,-0.08564467,0.6189887,1.6424819,-1.2344655,-0.41504663,-0.13345268,0.51649135,0.1759882,-0.24234322,-0.01735311,1,1.0,0.13693294,Guela Doué
0.76177824,0.5396681,-0.41263437,-0.2817601,0.42686868,0.6478956,0.18283279,0.42433062,1.2431982,-1.1686519,-0.071959496,0.24777746,-0.24091744,0.2830423,-0.038108267,0.12102011,6,1.0,0.2420133,Douglas
1.6990538,0.76432204,-0.30607682,0.3630512,1.6576749,0.5477688,-0.12293951,0.6307293,1.1380069,-0.002412811,0.022547403,0.0027736276,0.78174424,-0.025202349,0.09141664,0.0031905025,1,1.0,0.07850975,Ismaël Doukouré
0.0020444766,-0.55576843,-0.14972736,-0.18350556,0.55507594,-0.10426942,-0.16378218,0.14408147,-0.3244184,1.4806807,0.35971165,0.022177633,-0.29024985,-0.33945552,0.36894935,0.040094584,0,1.0,0.12629376,Issa Doumbia
-0.038421333,0.13546896,-0.11313875,-0.30604634,-0.12313989,0.39239535,-0.022328824,0.18308073,0.35138538,-0.65770733,0.12943497,0.19992389,-0.35778132,0.18518186,-0.042387307,0.16110429,6,0.99997336,0.19329706,Kamory Doumbia
-0.5409682,-0.7827344,-0.26219106,-0.20385642,-0.36448255,-0.41995257,0.052925736,-0.1594237,-0.7359824,1.2924025,0.1874562,0.60181534,-0.70153576,-0.06345719,0.2244707,0.189379,5,1.0,0.10721431,Anastasios Douvikas
-0.923553,-0.56515294,-0.6749397,-0.2960461,-1.0374473,-0.5971169,0.45243782,0.10981347,-0.8089508,1.341179,-0.19336347,0.89813936,-0.7975472,0.15816042,0.25394106,0.0128328055,5,1.0,0.0834955,Anastasios Douvikas
-1.006463,-1.6562356,-1.3799667,0.20436138,-2.389451,-1.3501797,0.8625868,0.35590744,-1.0221043,-0.32663035,-0.22075365,1.7551993,-0.44611186,0.79230934,0.3540865,0.120726876,4,1.0,0.10355028,Artem Dovbyk
0.38339022,0.9185394,-0.013552368,-0.09416784,0.8057513,0.78634536,-0.15389106,0.093754575,0.68942267,-0.13188022,-0.12211947,-0.4765571,0.039634727,-0.021984905,-0.055865586,0.034730554,1,0.9413646,0.062267523,Flynn Downes
-0.13213156,-0.5244157,-0.03713633,-0.17750359,0.44386652,-0.08977846,-0.17913735,0.018379081,-0.3923692,1.343933,0.33601236,-0.046045832,-0.31508535,-0.3697942,0.24063718,0.044680014,0,1.0,0.05800227,Tommy Doyle
-0.37813523,0.49195188,0.056759186,-0.07970565,0.40982705,0.2644424,0.032777116,-0.12047878,0.16941583,1.4661767,-0.08556035,-0.58546066,-0.051906556,-0.16148691,-0.086624466,-0.29741943,0,1.0,0.36597574,Radu Drăgușin
0.65754044,0.5491808,-0.042691275,0.1410527,1.3820227,0.5537109,-0.21723951,0.2137918,0.6282869,1.0172483,0.09474961,-0.6029679,0.54855233,-0.3643837,0.06988017,-0.11651679,7,1.0,0.22289479,Domingos Duarte
-0.99600327,-1.3550047,0.17383137,0.6433067,-1.5883137,-1.2370918,0.48359013,-0.28729093,-1.0148292,-2.1497102,-0.17384095,0.4071453,0.49994054,0.34673768,-0.38521972,0.22700596,2,1.0,0.57469434,Marvin Ducksch
0.28432155,0.53732586,0.35216767,-0.1462484,0.2716604,0.5042066,-0.14072835,0.1633874,0.46604472,-1.3320206,-0.14842673,-0.26754054,0.0011513457,0.107044786,-0.13960099,0.23474017,6,1.0,0.14435762,Ondrej Duda
-0.60696805,-0.79676694,-0.01788102,0.23797661,-1.2233204,-0.75931054,0.1278133,-0.1958057,-0.48984274,-0.9210185,-0.16604683,0.8133621,-0.15398745,0.29835853,-0.2614826,0.020572856,2,0.99998,0.083035424,Denzel Dumfries
0.06663137,-0.369031,0.0981503,-0.13946854,0.43526757,-0.027580298,-0.20876995,0.050313316,-0.31858987,0.9090927,0.3633225,-0.04965458,-0.21099329,-0.35196817,0.24281448,0.11405138,0,1.0,0.0805872,Alfred Duncan
0.3929451,1.1540166,-0.053927675,0.11540098,0.8706848,0.6124771,-0.26156822,0.34636125,0.770594,0.4386188,-0.34226137,-0.536253,0.26804498,0.092388466,-0.07951069,-0.1702582,3,1.0,0.6445602,Lewis Dunk
-1.140595,-0.669549,-0.93593466,-0.2013017,-1.4536247,-0.7929437,0.5869603,0.281237,-0.95007074,1.0876586,-0.31158036,1.1201277,-0.7522513,0.31097075,0.2830874,0.047541376,5,1.0,0.18263616,Jáder Durán
-0.8327036,-0.47489613,0.023636013,-0.0322173,-1.0268258,-0.6350481,0.16165547,-0.3362633,-0.70165366,-0.13932613,-0.10969788,0.56458074,-0.3979638,0.28343308,-0.107533954,0.1726852,5,0.9999895,0.09634419,Pablo Durán
-0.9872103,-1.1089938,-1.3280382,-0.020208083,-2.098575,-1.0353289,0.76006514,0.52877325,-0.80717725,0.047334746,-0.2343551,1.6216675,-0.5925201,0.6403716,0.40791738,0.16436969,4,1.0,0.11528174,Hugo Duro
-0.17532188,-0.2856139,-0.072652,-0.23513645,0.5191719,0.04915537,-0.038836338,0.03760077,-0.19692725,1.7129836,0.15145135,-0.25823292,-0.2604224,-0.30292302,0.20680171,-0.14852306,0,1.0,0.052956425,Jean-Kevin Duverne
-0.68924797,-1.1128997,0.32398385,0.40932202,-1.1619464,-0.76441085,-0.070339344,-0.6330639,-0.91747427,-1.1788687,-0.06284068,0.40807232,0.16241366,0.24588609,-0.3272413,0.28352505,2,1.0,0.25990295,Paulo Dybala
0.13551538,0.5179969,1.0989045,0.008264646,-0.2202998,-0.017454855,-0.09917923,-0.09660335,0.26202455,-2.3259797,-0.28235513,-0.42305484,0.27103186,-0.051060215,-0.5313419,-0.015163749,6,1.0,0.15426928,Aron Dønnum
0.84110856,0.45280057,-0.17540975,-0.10569253,-0.022674993,0.36995125,0.14800288,0.9083993,1.0635537,-2.6538022,-0.4447207,0.37362188,0.30400667,0.36711556,-0.21618065,0.22305109,6,1.0,0.24829653,Éderson
-0.7577648,-0.6553685,-0.048256755,0.0011677518,-0.9331395,-0.6402564,0.07089436,-0.34939265,-0.76071304,-0.046962835,-0.08188183,0.6632222,-0.40264958,0.30421937,-0.10291506,0.18035226,5,0.99993515,0.12757617,Johannes Eggestein
0.57238877,0.96496296,-0.11275078,-0.13698979,0.5658095,0.77053505,0.027070016,0.38479793,1.0935748,-1.1564718,-0.18327238,-0.063039206,-0.15407658,0.16135418,-0.20141715,0.022730358,6,0.9999971,0.080139086,Maximilian Eggestein
0.18193537,0.88939726,0.45442593,-0.22032207,0.21237622,0.5034844,-0.11042605,-0.09658022,0.47473818,-0.9240569,-0.24708848,-0.5573642,-0.21077678,-0.17051864,-0.30924696,-0.17694613,6,0.9999962,0.08362754,Kingsley Ehizibue
-0.123216555,-0.41584438,0.5428887,0.14049855,-0.3724849,-0.33407667,-0.33095506,-0.58503485,-0.5225786,-0.32215193,0.3829338,0.053398,0.069935344,0.029981911,-0.06270797,0.14416249,2,1.0,0.13802353,Chidera Ejuke
-0.673916,-0.32695013,-0.0068142563,-0.2321173,-0.3661484,-0.28884357,0.09480913,-0.34670198,-0.5591425,1.4737537,0.012474259,0.27340353,-0.70897734,-0.13441953,0.022123218,-0.106242664,0,0.76669586,0.046254843,Jeff Ekhator
-0.8677703,-2.2609396,-1.1840876,0.9349172,-2.7832484,-1.6042238,1.2203134,0.123576194,-0.89306885,-2.5365815,-0.079138055,1.5849003,0.5216156,0.81039596,0.024481997,0.018750258,4,1.0,0.14711596,Hugo Ekitike
-0.28664002,0.14043453,0.069248416,-0.100879796,-0.4124273,0.01483883,4.377961e-05,0.050383724,-0.027698241,-0.4065335,-0.015428271,0.3581432,-0.45692202,0.21243125,-0.0712399,-0.018289886,3,0.9995051,0.076086655,Jurgen Ekkelenkamp
-0.49910358,-0.054897938,0.0014206916,-0.22398993,0.127507,-0.0019136891,0.08025846,-0.21074444,-0.22338147,1.7845691,-0.057596296,-0.25176543,-0.45062333,-0.2651177,0.002067253,-0.31727752,0,1.0,0.1783883,Jacques Ekomie
-0.9274453,-0.4395883,-0.3669629,-0.2336666,-0.8686354,-0.60341835,0.40969074,-0.16121665,-0.82580364,1.3934668,-0.12601584,0.66150725,-0.7447106,0.15280697,0.105736434,-0.01602704,5,1.0,0.070981525,Caleb Ekuban
0.9871764,1.2392818,-0.23632388,-0.121882334,1.1225497,0.9174363,-0.07045736,0.361749,1.3271505,-0.9287865,-0.22739603,-0.20431644,0.12377999,0.14366195,-0.1118978,0.22714287,1,1.0,0.113739565,Pierre Ekwah Elimby
-0.787264,-0.8058474,0.9938635,0.49610746,-1.2507956,-1.1658651,0.0748163,-0.6352228,-0.82548046,-2.1114848,0.042491876,0.016474005,0.47547075,0.036459416,-0.5997174,0.1466682,2,1.0,0.22101203,Anthony Elanga
0.023988333,0.68611103,0.30952266,-0.2681158,0.19561753,0.41449606,-0.13103957,-0.1146647,0.22316134,-0.26456234,-0.14725125,-0.5895084,-0.27052116,-0.14405848,-0.26585925,-0.24383357,3,0.96695656,0.14165929,Mikael Ellertsson
-0.40036345,-0.28907645,0.04392712,-0.031446643,-0.37671232,-0.3317754,-0.064152844,-0.30535543,-0.48564917,0.68134946,0.09202054,0.34549844,-0.413527,0.016921505,0.029774785,0.046058312,5,1.0,0.100104526,Elif Elmas
0.42866334,0.40404272,0.011925057,0.08846251,1.1526796,0.43877533,-0.21389866,0.13932443,0.442787,0.98155457,0.124738805,-0.53384274,0.39856347,-0.34339246,0.043416113,-0.122532256,7,1.0,0.11576178,Aritz Elustondo
1.2816631,1.157789,-0.18405761,0.22721544,1.626578,0.75345796,-0.1863669,0.50079316,1.1386117,0.3297291,-0.13409773,-0.39486143,0.7520098,-0.03252603,0.048047245,-0.03815209,1,1.0,0.14148778,Nico Elvedi
-0.37913564,-0.08129751,0.5241858,-0.035213664,-0.5351005,-0.37564006,-0.1871358,-0.51745564,-0.3982875,-0.36029205,-0.079323255,-0.07825443,-0.4594153,-0.12130596,-0.29629475,-0.10923544,2,0.999488,0.13221256,Adri Embarba
-1.0705918,-1.2555621,-0.6416848,0.31443554,-1.8807003,-1.295182,0.69058716,0.008088337,-0.9427224,-1.0448555,-0.31398505,1.0727148,-0.13414748,0.50453043,-0.028857313,0.078678004,4,1.0,0.34856436,Breel Embolo
-1.2596208,-1.8302196,-1.9213926,0.2735346,-2.9253788,-1.7022651,1.2277868,0.6826739,-1.0716646,-0.4227755,-0.22326185,2.0876412,-0.37785357,0.86490226,0.5483316,0.028206289,4,1.0,0.1877769,Emanuel Emegha
0.23765163,0.6339809,0.12994887,-0.09459699,0.6340141,0.5897973,-0.20575501,-0.0019522617,0.3728258,0.03554624,-0.12020199,-0.54521924,-0.028076418,-0.13784897,-0.08903217,-0.07951253,3,0.9999943,0.058024056,Emerson
-0.6182833,-0.4927916,-0.057086363,-0.07224077,-0.65183854,-0.505471,0.08988921,-0.3422942,-0.7086835,0.7776818,-0.042577043,0.4250958,-0.56415206,0.11066505,-0.005673006,0.12554419,5,1.0,0.100496694,Julio Enciso
0.33086774,-0.1128061,-0.060076952,-0.08140672,0.8656549,0.1452959,-0.17786443,0.1875887,0.05959049,0.89426094,0.3887521,-0.15420263,0.082813166,-0.35069948,0.2486234,0.028677903,7,1.0,0.064429894,Yannik Engelhardt
-0.73878443,0.25006533,0.64678425,-0.18428557,-0.3731246,-0.303674,-0.18352073,-0.7240469,-0.6227376,0.29864892,-0.08213282,-0.46890843,-0.37529582,-0.119226635,-0.3707652,-0.03495229,3,1.0,0.39377993,Christian Eriksen
0.22096755,-0.16178188,-0.13776676,-0.15445688,0.93375856,0.12966329,-0.116076306,0.22704689,0.015554011,1.5528679,0.35382557,-0.35885355,0.17083633,-0.4088878,0.28758246,-0.044970952,7,0.99999815,0.10757358,Patrick Erras
-0.22233492,0.29532957,0.05842425,-0.20739633,0.41028965,0.2719328,-0.012635276,-0.093067795,0.057712033,0.9292404,-0.005099483,-0.3809461,-0.24691981,-0.16509575,-0.019256301,-0.11811253,0,0.99985313,0.10382569,Alfonso Espino
-0.23936471,-0.509018,-0.35299832,0.051082738,-0.9382443,-0.2461932,0.26948154,0.33979672,-0.11616662,-1.4949737,-0.24854209,0.56390435,-0.017459504,0.28243077,-0.12850688,0.024590284,2,1.0,0.3843203,Sebastiano Esposito
-1.0173185,-0.53957987,-0.58390516,-0.0401425,-1.2962737,-0.7417356,0.40707213,0.04129216,-0.8223331,0.36936623,-0.19391486,0.9922719,-0.56270796,0.37432122,0.13156873,0.1622304,5,1.0,0.13127372,Samuel Essende
0.6402937,0.95220125,-0.17978247,-0.22215965,0.9465996,0.8405487,0.013422951,0.102068216,1.0090382,-0.40702024,0.005672952,-0.34083617,-0.120533474,-0.008192301,0.0048555434,0.12998866,1,1.0,0.24478021,Dario Essugo
0.54138744,-0.79747677,-0.24069227,-0.066920325,1.1163291,0.01461944,-0.3698292,0.17580053,-0.198369,1.6179923,0.8152096,-0.30156764,0.042385615,-0.45362094,0.59140754,0.101175405,7,1.0,0.31927252,Nahuel Estévez
0.6440388,1.0452888,0.23614205,-0.15960896,0.4441474,0.7949781,-0.035447553,0.42904583,1.0776267,-1.9320512,-0.3231976,-0.24939395,-0.07676733,0.11404768,-0.26362324,0.08446184,6,1.0,0.084665604,Pervis Estupiñán
-1.07879,-1.4704527,-1.4119785,0.15984014,-2.344048,-1.3292391,0.8857183,0.4502748,-0.9892508,-0.32130653,-0.25276,1.7294117,-0.4357077,0.731479,0.38856643,0.044402733,4,1.0,0.13213153,Evanilson
-0.3199686,-0.15362047,0.57260275,-0.11199375,-0.21426596,-0.27999455,-0.280924,-0.5287875,-0.47158158,-0.0675044,0.106091,-0.19180262,-0.30954581,-0.121009186,-0.25461808,0.07359186,5,0.7192461,0.16658187,Edu Expósito
-0.62837744,-1.2266762,-0.054028407,0.6127411,-1.5836332,-0.8558729,0.5407001,0.09330428,-0.53188485,-2.7711623,0.020396905,0.4847054,0.8264229,0.4624318,-0.22585085,0.2644705,2,1.0,0.25028688,Eberechi Eze
-0.53880644,-0.6518923,-0.060969338,0.43677437,-1.2749687,-0.91696715,0.21669377,-0.036180448,-0.367205,-1.5033133,-0.022171352,0.8335627,0.06779944,0.21898547,-0.24288827,-0.3692211,2,1.0,0.41781482,Abde Ezzalzouli
-0.9220314,-0.15422526,-0.29409868,-0.23225683,-0.84616566,-0.45562142,0.36180544,-0.15690745,-0.59154785,1.2360332,-0.18258733,0.5325489,-0.6940303,0.105911314,0.053790614,-0.1094928,5,1.0,0.10877991,Giovanni Fabbian
-0.29097053,0.32462144,0.85358506,-0.13044538,-0.47475147,-0.007928543,-0.1947525,-0.408142,-0.057577305,-1.2892118,-0.16344208,-0.6070156,-0.27108768,-0.15855198,-0.3927381,-0.12303751,6,1.0,0.27254352,Alieu Fadera
2.1263664,0.98286116,-0.44206226,0.37284264,2.1653137,0.68638057,-0.09574533,0.7869689,1.4977157,0.3187463,0.04724419,-0.16740087,1.0935149,-0.06259758,0.26385862,0.08270052,1,1.0,0.072143495,Wout Faes
-0.1585123,-0.23971608,0.42187306,-0.2040501,0.12099197,-0.14263377,-0.23402205,-0.31605116,-0.4674769,0.31678966,0.3177982,-0.15070733,-0.16858491,-0.25104666,-0.037580624,0.22910886,3,1.0,0.13246864,Nicolò Fagioli
0.2105545,-0.609921,-0.06236753,-0.11281665,0.6850371,-0.01273679,-0.25669536,0.14140537,-0.28232896,1.3695608,0.42675096,-0.13607125,-0.09363722,-0.41530886,0.35361984,0.024082646,0,1.0,0.117391944,Nicolò Fagioli
-0.4647443,-0.47782046,0.049843892,-0.078935534,-0.48094964,-0.32745567,-0.046467498,-0.2980934,-0.59545904,0.52113116,0.17621228,0.4087374,-0.48945364,0.09667319,0.040157303,0.23535913,5,1.0,0.068946004,Romain Faivre
-0.4902167,-0.114699796,0.2474734,-0.11419711,-0.2896613,-0.29372063,-0.051310763,-0.5275382,-0.47483826,0.8385215,-0.04555829,0.03391862,-0.519332,-0.11612061,-0.120753646,-0.08123212,5,1.0,0.14745595,Abdul Fatawu Issahaku
-0.14401087,-0.07390379,-0.0023888797,-0.18998393,0.39206767,0.06826026,-0.090061925,0.042190775,-0.1176613,1.0590296,0.08238934,-0.012447597,-0.3071088,-0.18986514,0.13168159,-0.052628495,0,1.0,0.06563879,Khalil Fayad
-0.43165556,-0.43948543,-0.21116568,-0.05561641,-0.7442005,-0.3153355,-0.026882216,-0.10330449,-0.41871488,0.036443513,-0.009026717,0.67344373,-0.457979,0.30524108,0.09077594,0.1646025,5,0.99700046,0.08289205,Jacopo Fazzini
-0.49274507,-0.013251886,0.31610322,-0.21184477,-0.2858276,-0.18463424,-0.07313259,-0.55148685,-0.43437216,0.84855944,-0.022613559,-0.09105778,-0.53495544,-0.14707407,-0.16624534,-0.09325641,5,0.9206214,0.101512656,Mattia Felici
-0.5053117,-0.632141,-0.064333156,-0.051189627,-0.559222,-0.45786422,-0.038720787,-0.41826567,-0.7514005,0.7162258,0.10303263,0.46487904,-0.5171499,0.06874445,0.058951735,0.18382978,5,1.0,0.15147793,João Félix
1.0110643,0.8561926,-0.046044618,0.052310802,0.9604094,0.7379649,-0.04701004,0.3789415,1.0528812,-0.9249029,-0.1917363,-0.16530722,0.281336,0.07941656,-0.12552832,0.12819658,1,0.99996567,0.18516782,Kiko Femenía
0.064928405,-0.23521458,0.10183475,-0.21095344,0.51544076,0.004035197,-0.17895827,0.042783987,-0.2571547,0.81395614,0.33500922,-0.095969565,-0.15650396,-0.3420333,0.21557322,0.1214626,0,1.0,0.075358,Lewis Ferguson
-0.46216896,-0.25140625,0.21547645,-0.09662047,-0.3840514,-0.36479554,-0.12198937,-0.4949139,-0.54513633,0.5058225,0.12887445,0.18639249,-0.43932685,-0.02950731,-0.06174265,0.06323784,5,0.99997705,0.0919165,Zinedine Ferhat
0.14231966,-0.31538892,-0.094211325,0.12816304,-0.97564286,-0.19296157,0.63339627,1.1167028,0.63753337,-4.613871,-0.38463032,0.19388951,1.0809332,0.6737846,-0.071586885,0.5385398,2,1.0,0.43282422,Bruno Fernandes
0.5406587,-0.28867763,-0.17196946,-0.06690521,1.1491332,0.16997021,-0.26118648,0.25934377,0.0819695,1.2930135,0.5695149,-0.3046094,0.22106731,-0.46263465,0.395064,0.0555537,7,1.0,0.09622637,Edimilson Fernandes
0.31285,0.78386146,-0.032969624,-0.30065435,-0.23192707,0.64371777,0.11400156,0.52818227,1.0797687,-2.2446902,-0.19141248,-0.13264562,-0.19639976,0.28826466,-0.10735867,-0.07997977,6,1.0,0.15516296,Mateus Fernandes
0.13908598,-0.32687807,0.16100433,0.053287424,-0.7891732,-0.2610171,0.3412357,0.71000963,0.26108184,-3.447992,-0.18461335,0.08226678,0.71457714,0.52254045,-0.1931254,0.3876177,2,0.9911825,0.22560196,Enzo Fernández
-0.68640876,-0.5503515,-0.58881867,-0.25716543,-0.7870151,-0.48455125,0.26683873,0.1742833,-0.63043654,0.9714261,-0.03875591,0.8731691,-0.66292244,0.17213899,0.28440696,0.18142158,5,1.0,0.15622213,Roberto Férnandez
-0.71338344,-0.6342689,0.07847341,0.08659037,-0.84779483,-0.57358336,-0.04578059,-0.47731832,-0.75684685,0.022098325,-0.05691929,0.50001365,-0.37505913,0.23722854,-0.11464589,0.20161471,5,0.9998436,0.054914497,Matias Fernandez-Pardo
0.24313752,0.60672015,0.12685634,-0.038558815,0.4287382,0.41665038,-0.23169056,0.121612445,0.4454372,-0.19898346,-0.099164665,-0.2984006,-0.05623486,0.0931243,0.030638129,-0.109438874,3,0.9999962,0.1694688,Jordan Ferri
-0.43531796,-0.68535125,-0.14818676,-0.21482888,-0.033430777,-0.29073328,-0.043314867,-0.13765386,-0.62187207,1.5893475,0.2398237,0.32671148,-0.59144014,-0.2740242,0.24965495,0.08888531,0,0.99828494,0.067070626,Daniel Fila
0.4914887,1.1928577,0.12163474,-0.14529705,0.5597923,0.7933727,-0.16986255,0.08922163,0.82484925,-0.8707683,-0.33996785,-0.54050285,-0.07476306,-0.06970914,-0.2633379,-0.1282075,6,0.9999895,0.16005498,Kilian Fischer
-0.39071685,-0.9712712,0.31441933,0.31167942,-1.0836122,-0.6245513,0.037331313,-0.31844935,-0.6235212,-1.7141919,-0.035383083,0.36408034,0.4354855,0.1689649,-0.38933703,0.30508205,2,1.0,0.23426142,Phil Foden
-0.476276,-0.75065285,0.6422707,0.46360868,-1.0206944,-0.86743796,-0.068186,-0.57689923,-0.62013197,-1.3687971,0.17250733,0.3323241,0.34498012,0.10108632,-0.3462394,0.016603172,2,1.0,0.14469817,Malick Fofana
-0.06880315,-0.40534127,0.13785172,0.017508104,-0.04203395,-0.079434864,-0.234876,-0.20983243,-0.38637507,0.5059297,0.32410413,0.20976627,-0.24113598,-0.049521834,0.121726274,0.17087719,5,0.99692345,0.1456488,Seko Fofana
0.45868886,-0.0153210685,-0.08256437,0.0014728978,1.1370001,0.28495598,-0.21566822,0.18762112,0.2409398,1.1406952,0.3381614,-0.38952497,0.32757103,-0.46433726,0.23093912,-0.032188527,7,1.0,0.052741446,Wesley Fofana
0.31364003,0.6666717,0.16184199,-0.06617309,0.0015254337,0.57142794,-0.109919496,0.35824528,0.65604424,-1.7256389,-0.18209408,-0.26179072,0.010979608,0.23494071,-0.047133163,0.105182335,6,1.0,0.18757623,Youssouf Fofana
0.12275301,0.6621774,0.2885313,-0.17199326,0.4160595,0.4631309,-0.16628626,-0.113631606,0.25042608,-0.047229,-0.117248535,-0.5935518,-0.09187276,-0.15231462,-0.1719007,-0.17884433,3,1.0,0.067732014,Jonas Föhrenbach
-0.30593166,-0.3866263,-0.045952782,-0.19971532,0.17286299,-0.16253638,-0.025209665,-0.028917238,-0.38831824,1.4289391,0.15326412,0.11590249,-0.48453364,-0.23109049,0.18098903,-0.05187256,0,1.0,0.057506174,Michael Folorunsho
0.058847863,0.079754755,0.59692705,-0.0036421418,-0.17512453,-0.004979983,-0.18415271,-0.1553132,-0.18060583,-1.2546698,-0.0051527023,-0.098246746,0.23471436,0.023159623,-0.28025433,0.14003097,2,0.53702694,0.28359428,Pablo Fornals
-0.2960015,-0.06405556,0.111149356,-0.20468879,0.36319634,0.05165773,-0.059803285,-0.15456371,-0.24434057,1.4177597,0.0653658,-0.34518704,-0.27960324,-0.33453834,0.048113048,-0.15400422,0,1.0,0.10554256,Héctor Fort
0.22230855,1.0417722,0.22074792,-0.1419783,0.504974,0.64854383,-0.20053154,-0.051696494,0.5514469,-0.35856438,-0.3575055,-0.71833205,-0.08385239,-0.101391904,-0.23775798,-0.2508068,3,0.9999943,0.122183934,Dimitri Foulquier
0.78276265,0.59084076,-0.056878418,0.094162084,1.2219687,0.47073594,-0.16147467,0.3514979,0.6231832,0.5146638,0.09173629,-0.24252333,0.43903175,-0.1819523,0.124590844,0.01626081,7,0.9901232,0.115026675,Juan Foyth
0.39786026,0.39518058,0.028590664,-0.019660905,0.95686615,0.50769377,-0.16490631,0.0585478,0.41855115,0.66272223,0.13365372,-0.4009826,0.20265675,-0.24995764,0.026322424,-0.009813666,7,1.0,0.03748952,Alejandro Francés
0.1707788,0.12835933,0.47855037,-0.039047748,-0.1620317,0.20226437,-0.10818602,0.0355371,0.06510939,-1.3050767,0.0008351132,-0.028165152,0.14636081,0.0613247,-0.18056142,0.21356034,6,0.9969586,0.14602548,Przemysław Frankowski
-0.3255146,-0.34507322,-0.081792966,-0.21914682,0.28761563,-0.0899302,0.015852764,-0.011269263,-0.3252573,1.7263478,0.08860594,-0.025522737,-0.43996376,-0.27308685,0.2111198,-0.15842515,0,1.0,0.0877908,Enric Franquesa
-0.64113,-0.48300618,-0.56207055,-0.21613708,-0.8534714,-0.43918282,0.22483565,0.18505415,-0.59882104,0.6697493,-0.039820805,0.84689754,-0.6277093,0.20010188,0.23065153,0.20428039,5,1.0,0.15112478,Davide Frattesi
0.42486444,1.4936042,-0.21904387,-0.37371677,0.64893913,1.1056051,0.14609374,0.23657142,1.3997383,-1.2616473,-0.21035641,-0.50824773,-0.4074108,0.14450482,-0.13971235,-0.013063677,6,1.0,0.25273588,Morten Frendrup
-0.6946776,0.23376383,0.065142356,-0.27469972,-0.067063324,0.015058093,0.13140656,-0.2975841,-0.22799358,1.7107471,-0.14856136,-0.3201876,-0.5387781,-0.2661022,-0.13270748,-0.42413384,0,1.0,0.2559531,Martin Frese
0.6848805,1.4561834,-0.027075127,-0.23660621,0.5639788,1.007466,-0.025141507,0.5355373,1.252038,-1.9768755,-0.4329911,-0.5120434,-0.10575419,0.18968076,-0.23488203,0.11994981,6,1.0,0.15344585,Remo Freuler
1.7533743,1.1910756,-0.29673386,0.17284763,1.9248297,0.9321439,-0.1589841,0.4207912,1.4970965,0.061129756,-0.03258302,-0.35254523,0.7120578,-0.03594169,0.016832441,0.20934781,1,1.0,0.16422397,Marco Friedl
0.9930556,-0.5152562,-0.252411,0.12090308,1.5986347,0.19200301,-0.40568423,0.34508416,0.21017641,1.5737199,0.7987097,-0.5280388,0.5201244,-0.5208014,0.59362954,0.011354618,7,1.0,0.18387663,Marvin Friedrich
-0.47330812,-0.56215334,0.73647654,0.29943156,-1.0385178,-0.82413083,-0.008802533,-0.39388648,-0.403331,-1.7114642,-0.05868777,0.23865256,0.28100944,0.02066128,-0.5313643,-0.016284265,2,1.0,0.19129777,Jeremie Frimpong
-0.5785507,-0.63201016,0.12800795,0.34833232,-1.3022622,-0.8741514,0.17165674,-0.14659017,-0.36966226,-1.5040951,-0.16990086,0.6977764,0.029326223,0.14662683,-0.3893352,-0.1600044,2,1.0,0.13683686,Jorge de Frutos
-0.18669498,-0.4259444,1.075725,0.3562382,-0.7127175,-0.69555795,-0.023813233,-0.5398366,-0.5516186,-1.6622106,0.32600045,-0.05185371,0.6452241,-0.079853326,-0.29990974,0.02401384,2,1.0,0.22467324,Chris Führich
-0.54653883,-0.42444652,0.6795134,0.14027837,-0.59559906,-0.59688705,-0.28031424,-0.797499,-0.8289726,-0.44164526,0.03762673,-0.026459986,-0.09070654,-0.087432,-0.29838786,0.12001505,2,0.99999905,0.15535079,Angelo Fulgini
-1.0253112,-0.22076304,-0.13505913,-0.20059672,-0.90885663,-0.52588516,0.3097741,-0.35968274,-0.7319449,1.1271427,-0.15778352,0.4463045,-0.6705379,0.10687795,-0.044752263,-0.101136886,5,1.0,0.13381742,Niclas Füllkrug
-0.46297118,-0.09853677,0.6718545,0.054829605,-0.27817082,-0.38990277,-0.26849127,-0.7524134,-0.61360294,-0.069286935,0.086811915,-0.14865853,-0.103254326,-0.096139975,-0.2419488,0.109443225,5,0.9998026,0.13140228,Manuel Fuster
1.7489704,0.12973006,-0.44034266,0.39358345,1.8088603,0.34244123,-0.23102638,0.60284525,0.88405776,1.006452,0.38095635,-0.26235816,0.9597476,-0.26519033,0.5653022,-0.07686103,1,1.0,0.16961624,Matteo Gabbia
-0.724272,-0.89214665,-0.20878257,0.002767682,-1.0319443,-0.5514486,0.049050614,-0.3846886,-0.8284374,-0.009818889,-0.043768562,0.6015049,-0.3927955,0.3289176,-0.008166254,0.2930526,2,0.80932814,0.15415297,Gianluca Gaetano
-0.46313372,-1.3266208,-0.04612553,0.50497854,-1.513074,-0.86613494,0.28764802,-0.20216346,-0.47133216,-1.8387458,-0.067600414,0.77803296,0.3267798,0.40420604,-0.36293328,0.101386,2,1.0,0.16766837,Cody Gakpo
0.11393709,0.54045844,0.69424397,-0.15166359,0.14073807,0.2726145,-0.23100851,-0.19781944,0.15618786,-0.82171583,-0.18628572,-0.68946767,-0.12592483,-0.22947314,-0.34264928,-0.14630005,6,0.9989753,0.15367885,Javi Galán
0.26881737,0.08693665,0.514494,-0.07481847,0.097267814,0.21830426,-0.1778212,0.041886024,0.06290273,-1.0647216,0.12005322,-0.2611996,0.08031947,0.082466245,-0.07887694,0.253719,6,0.99999815,0.27212653,Iñigo Ruiz de Galarreta
0.14014676,0.2956884,-0.08545156,-0.18215908,-0.11311038,0.34268036,-0.042588823,0.21077517,0.5015995,-0.73484564,0.0054552164,0.20787421,-0.36042252,0.28012937,-0.03961931,-0.0561622,6,0.5917903,0.10109379,Conor Gallagher
0.3456779,1.3033969,0.66277736,-0.23198882,0.3529831,0.52960366,-0.0969572,-0.038405284,0.5832968,-1.6219121,-0.45276725,-0.8529952,-0.09670729,-0.2749374,-0.40162018,-0.10722568,6,1.0,0.27537248,Antonino Gallo
0.28680915,1.5759956,-0.1929772,-0.36803967,0.57586646,1.1770195,0.09948857,0.20888594,1.3927746,-1.4464468,-0.22678672,-0.7460889,-0.40338713,0.20217353,-0.050867632,0.027020276,6,1.0,0.24474017,Idrissa Gana Gueye
-0.11758956,-0.4074962,-0.10160662,-0.21779469,0.6345423,0.02340646,-0.05713258,0.10261032,-0.24114454,1.8767743,0.22296454,-0.2591663,-0.18934935,-0.3881969,0.26747906,-0.19341743,0,1.0,0.114506975,Facundo Garcés
0.62819993,-0.41732538,0.41399902,0.15708685,0.18605196,-0.093790196,-0.17742941,0.33759448,-0.14181633,-1.0425789,0.19497284,0.03296518,0.30967575,0.086133644,0.027289301,0.26129228,6,1.0,0.5102451,Aleix García
-0.8075429,-0.53657204,0.5776071,0.33357805,-1.2269789,-0.9811622,0.2938695,-0.23267654,-0.44280475,-2.259741,-0.21075754,0.23051423,0.37371778,0.037925616,-0.56764406,-0.008296825,2,1.0,0.3474736,Álvaro García
0.60087967,0.41341597,-0.2091823,0.05790948,0.5047699,0.28848636,-0.10632239,0.3970021,0.6203561,-0.329346,-0.10246505,0.18446961,0.09246532,0.18540576,0.09895767,-0.049683504,3,0.9999934,0.1322172,Eric García
0.38192976,1.0172291,0.47233808,-0.057656113,0.2998733,0.6402624,-0.12528734,0.10623793,0.7707668,-1.5647974,-0.31721413,-0.40474173,-0.05488802,-0.047400787,-0.34048158,-0.11281023,6,1.0,0.1975505,Fran Garcia
-0.08469485,0.091749325,0.63534373,-0.06577247,-0.42860126,-0.11652694,-0.0012716204,0.056215923,0.014786705,-1.9634874,-0.13094161,-0.20630206,0.21399859,0.20687163,-0.40147042,0.20398131,6,0.9980403,0.1569737,Rubén García
-0.19998944,-0.063066036,0.12470491,-0.2268894,-0.090073936,-0.10933403,-0.04856746,-0.13481799,-0.29266906,0.65389365,0.20799586,0.07845466,-0.37096804,-0.06695024,0.070229754,0.13149132,0,0.9985705,0.068416774,Ulisses Garcia
-0.56130826,-0.95987946,0.20207068,0.6450283,-1.5573472,-1.2051119,0.22334169,-0.3083713,-0.42082852,-1.9438579,-0.13978952,0.88321775,0.34005594,0.1175915,-0.5024591,-0.2643746,2,1.0,0.32442504,Alejandro Garnacho
-0.10692562,0.6999045,0.14024346,-0.29964188,0.41137934,0.54652065,-0.10872294,-0.09661646,0.27640232,0.094395265,-0.09013611,-0.6644112,-0.22519949,-0.09972173,-0.09127252,-0.117188014,3,1.0,0.077645555,James Garner
0.14603142,0.27167535,-0.0679708,-0.10944986,0.81914884,0.35304928,-0.09277396,0.047642823,0.23491529,1.074944,0.16709717,-0.37147233,0.11889132,-0.27797452,0.13051951,0.004159808,7,1.0,0.09605141,Yarek Gasiorowski
1.2008051,0.5898926,-0.23362939,0.21509421,1.2755617,0.45633757,-0.14461854,0.5237792,0.81687945,0.19416635,-0.03267107,0.010965612,0.49987033,-0.03436748,0.13804495,-0.019847505,1,1.0,0.13037018,Federico Gatti
0.20152086,-0.023419343,0.19108692,-0.12287493,0.39597338,0.15544483,-0.15982799,0.08404498,-0.100035325,0.2770295,0.2966891,-0.032817923,-0.13005845,-0.15554778,0.16460538,0.13543622,3,1.0,0.09211452,Gavi
0.747224,-0.045654424,-0.17166896,0.04973098,1.3774363,0.3186183,-0.2852353,0.28315374,0.3817281,1.155355,0.43069404,-0.38914528,0.47227123,-0.52306914,0.3729425,0.012122817,7,1.0,0.082542546,Mory Gbane
-0.47026578,-0.7926976,0.3901747,0.5336358,-1.2276427,-0.84140104,0.03302367,-0.3867765,-0.4745841,-1.7086066,0.07763627,0.53325033,0.4292631,0.22631007,-0.31292856,-0.05503895,2,1.0,0.12157695,Yann Gboho
0.65608895,0.4819727,-0.022497103,0.043123804,0.91031444,0.4976486,-0.14994173,0.2627292,0.53037494,0.03097361,0.012598468,-0.07442071,0.21150532,-0.09926995,0.058571965,0.049635828,1,0.84408,0.026470542,Lutsharel Geertruida
-0.04853487,-0.29005358,0.061512344,-0.21317971,0.591411,0.02987954,-0.19386825,0.03776686,-0.30111676,1.1737047,0.30299866,-0.2344472,-0.22784254,-0.42330396,0.2147409,0.05146776,0,1.0,0.05805533,Dennis Geiger
-0.39083627,0.35291606,0.44099563,-0.189542,-0.11912638,-0.05991771,-0.16045529,-0.4320869,-0.2095105,0.22078386,-0.04166069,-0.330443,-0.39438748,-0.11894097,-0.26881263,-0.17862806,3,1.0,0.10061526,Valentin Gendrey
-0.39311877,0.63197523,0.12988603,-0.15236053,0.055925664,0.18494302,-0.009333998,-0.13130152,0.002205044,0.61843884,-0.12289828,-0.31742758,-0.36589438,-0.02976977,-0.14166456,-0.21907401,3,1.0,0.15856652,Yannick Gerhardt
-0.05129972,0.5797429,0.015766606,-0.22465259,0.5256689,0.48961774,-0.06906143,0.05899528,0.2715265,0.4531148,0.03341754,-0.39905483,-0.10183247,-0.07629928,-0.008791268,-0.0040089786,3,1.0,0.10665884,Max Geschwill
0.060401507,1.2431843,0.04046367,-0.1640812,0.88165003,0.86657447,-0.1438531,-0.0060462984,0.6948813,0.42194775,-0.26296008,-0.9227785,0.13088831,-0.028862469,-0.16508427,-0.17407471,3,1.0,0.15892996,Daniele Ghilardi
-0.49344626,0.33514166,-0.002616629,-0.22348675,0.28777152,0.22810626,0.0697716,-0.14558543,0.05833924,1.7064278,-0.08862143,-0.53430665,-0.15455422,-0.19597822,-0.06759849,-0.313394,0,1.0,0.33674926,Lautaro Gianetti
0.11140525,0.95116365,1.0955875,-0.03356976,0.1294368,0.20368916,-0.08744092,-0.022849299,0.34229538,-2.372147,-0.43812233,-0.7119344,0.18863985,-0.1054509,-0.611351,0.037753455,6,1.0,0.27717176,Dimitris Giannoulis
-0.034531027,-0.6236431,-0.021290109,0.164511,-1.015358,-0.28428692,0.33356827,0.4461525,0.042002454,-2.8610215,-0.08596656,0.33781457,0.70706713,0.37728804,-0.2124596,0.35089326,2,1.0,0.1370037,Morgan Gibbs-White
0.1488266,-0.34915143,-0.18676798,-0.24109557,0.77488923,0.025012076,-0.11615963,0.2256505,-0.18826331,1.6464334,0.3910854,-0.21731032,0.02000907,-0.4035592,0.3844732,-0.002567567,7,0.99951375,0.13433251,Samuel Gigot
-0.24915653,0.013622917,-0.024207428,-0.024632867,-0.3914339,-0.08695201,0.005560294,0.10659164,-0.042699553,-0.21841267,0.022121869,0.5211537,-0.35714087,0.17326677,0.0046054423,-0.035895474,3,0.99951756,0.14435658,Armin Gigovic
-0.13368823,-0.26715994,0.6838555,0.1579071,-0.6754725,-0.35902306,-0.15279837,-0.35159963,-0.30866966,-1.2864228,0.098528676,0.06657111,0.19635645,-0.0007132292,-0.31133652,0.036416754,2,0.99998474,0.11628093,Bryan Gil
0.9904635,1.6859771,-0.24415793,0.11956083,1.0408291,0.88311774,-0.15412967,0.50431365,1.3689259,-0.81465197,-0.5736586,-0.344941,0.23772582,0.11738467,-0.16331524,-0.27551433,1,1.0,0.2508861,Mario Gila
0.21195602,0.006095864,0.20293629,-0.19888943,0.6062185,0.14564103,-0.13332932,0.1214218,-0.085859954,0.47178996,0.28103924,-0.22240055,-0.02062589,-0.26543212,0.11430848,0.13379495,0,0.9766273,0.09474232,Billy Gilmour
0.8989785,1.4959685,-0.11304982,-0.072165534,1.3990092,1.0804851,-0.18724482,0.17400134,1.2202437,0.0090676695,-0.21524055,-0.785731,0.31898665,-0.061333716,-0.09521188,-0.07440808,1,1.0,0.19548592,Benedikt Gimber
-0.895748,-0.7184221,-0.7103682,-0.21236816,-1.0657276,-0.6395943,0.39314342,0.1689371,-0.8589178,1.0366743,-0.09846233,0.994452,-0.71537775,0.23407552,0.27193165,0.16880366,5,1.0,0.12978747,Santiago Giménez
-0.2208105,-0.005204268,0.10114687,-0.18352857,-0.115125686,-0.081279434,-0.10755807,-0.09900907,-0.20569685,0.2985866,0.13986133,0.2119049,-0.39707437,0.03243856,0.0498942,0.09484967,3,0.8896,0.10277946,Gvidas Gineitis
1.6023147,0.75640076,-0.33363527,0.26564914,1.517497,0.43610543,-0.05737146,0.7153105,1.041097,0.0046891645,-0.026412256,0.079603456,0.7954071,0.03739974,0.17911333,0.06955473,1,1.0,0.118027054,Matthias Ginter
-0.3945003,-0.82524246,0.2908412,0.3894476,-1.107931,-0.6025916,-0.06250072,-0.3834958,-0.43487227,-1.326409,0.120399825,0.5870672,0.2885848,0.2098124,-0.26302227,0.16163272,2,1.0,0.24929018,Jamie Gittens
-0.60914576,-1.3895725,-0.3045963,0.42091358,-1.5583055,-0.8003444,0.2645709,-0.27867678,-0.68032163,-1.1464738,-0.04050961,0.80676955,0.11509869,0.5039227,-0.10384993,0.21783051,2,0.9999923,0.16872606,Serge Gnabry
0.33215567,1.2318294,0.008499667,-0.23447248,1.0234294,0.97852725,-0.16202727,-0.012380017,0.84622496,0.24852791,-0.1505414,-0.91670984,0.1473254,-0.0403791,-0.124286786,-0.075793944,3,0.9116834,0.17075288,Saba Goglichidze
1.0411333,1.0212228,-0.17947073,0.21413803,1.2474502,0.6447577,-0.13571198,0.46501458,0.95135176,0.07262616,-0.1822316,-0.1687517,0.46061245,0.06548634,0.03574346,-0.07355706,1,1.0,0.09362413,Edoardo Goldaniga
0.08816798,-0.2723927,0.28130925,-0.0037379116,-0.37983903,0.030172996,-0.10303916,-0.022321556,-0.12325102,-1.0625784,0.1502252,0.23781991,0.112025656,0.17701733,-0.1265818,0.09493815,2,0.9909082,0.18702254,Aleksandr Golovin
0.1772821,0.09615162,0.09599525,-0.038217295,0.6668066,0.16347033,-0.12914178,0.118092805,0.0420029,0.6653629,0.1956174,-0.14827363,-0.029252455,-0.23407397,0.13136202,-0.033999108,7,0.9964986,0.12677889,André Gomes
-0.26575288,-0.4224432,0.17011403,-0.2222234,0.000515664,-0.1595476,-0.17544547,-0.29927254,-0.5069151,0.832821,0.35519922,0.055606678,-0.4142869,-0.2673904,0.043334007,0.2257148,0,0.96652687,0.081256814,Angel Gomes
0.62869704,0.9664179,-0.25124925,-0.34076136,0.09964633,0.8398022,0.1378962,0.63821864,1.3582275,-1.9654121,-0.24038096,-0.10650379,-0.36739153,0.30453658,-0.074005336,-0.07212243,6,1.0,0.2219344,João Gomes
-0.4526635,0.058978513,0.24772744,-0.20524898,-0.2524221,-0.1674827,-0.08033306,-0.43745893,-0.30949163,0.8042511,-0.033765905,-0.0011698604,-0.42830765,-0.11055488,-0.11328155,-0.103573404,5,0.999651,0.07418909,Rodrigo Gomes
1.5198886,1.3708037,-0.13114862,0.24633282,1.5776055,0.88186824,-0.17485999,0.48017338,1.3936216,-0.401108,-0.30317312,-0.36044192,0.5940017,0.030167878,-0.1253435,-0.050990917,1,1.0,0.12796363,Toti Gomes
-0.82634485,-0.5152048,-0.42389017,-0.24840513,-0.6357867,-0.48204046,0.3153444,-0.030017236,-0.67880046,1.7855288,-0.11329225,0.665995,-0.7404392,-0.036061548,0.17975312,-0.08445243,5,1.0,0.08650017,Dani Gómez
-0.19043013,-0.37129635,0.0057953894,-0.2212041,0.27842036,-0.06858387,-0.12349799,-0.02008276,-0.35630792,1.1700667,0.2553004,0.012506265,-0.39097896,-0.2929067,0.1694344,0.077205434,0,1.0,0.041816406,Diego Gómez
0.012385465,-0.3062418,-0.085994706,-0.18197373,0.7871528,0.115784846,-0.15870397,0.098612726,-0.15603161,1.6574514,0.2742638,-0.3510118,-0.08642495,-0.42076504,0.25285763,-0.094638444,7,0.583059,0.052828778,Joe Gomez
0.0032902062,-0.29581827,0.046075746,-0.21954319,0.53480256,-0.009821825,-0.16437443,0.0801159,-0.29552487,1.1196758,0.3142051,-0.14128469,-0.24855754,-0.4131553,0.22350606,0.058170095,0,1.0,0.03700116,Moi Gómez
0.04363362,-0.35738516,-0.118492916,-0.1951387,0.8282914,0.12220645,-0.13921775,0.12088984,-0.17992277,1.8619887,0.3010038,-0.43111295,-0.006934859,-0.45397508,0.29292053,-0.13903046,0,0.5145095,0.085220136,Sergi Gómez
-0.13900584,0.44227678,1.1888616,0.031872816,-0.30380204,-0.094040714,-0.08984338,-0.045338992,0.042631507,-2.3759093,-0.31487447,-0.76650476,0.11675558,-0.042816244,-0.5719545,0.07654995,6,1.0,0.29636717,Sergio Gómez
-0.5095115,-0.32111847,-0.09609507,-0.24097663,-0.27006218,-0.26491714,0.12268026,-0.15400058,-0.47278345,1.2049028,0.07048237,0.3757266,-0.64495647,-0.039965905,0.07848531,0.037801713,5,0.9998513,0.06485002,Unai Gómez
-0.33710796,0.017146796,-0.013060078,-0.13481142,0.37050825,0.053875126,-0.042380013,-0.06775572,-0.122860104,1.5598354,-0.013858791,-0.30447972,-0.20621517,-0.24903616,0.087583676,-0.21648571,0,1.0,0.17493603,Nicolás González
-0.49921218,-0.3839277,-0.05921586,0.07956701,-0.8322836,-0.4943186,0.012597814,-0.17829514,-0.3847885,-0.42797184,-0.12514633,0.7327089,-0.2652213,0.25816396,-0.05667887,0.0117834285,2,0.98130184,0.08257338,Nicolás González
-0.78270316,-0.20531987,-0.10799892,-0.19085333,-0.49789387,-0.38280958,0.22097014,-0.26348865,-0.569131,1.7210946,-0.14325088,0.3131601,-0.7067893,-0.09211647,0.025918275,-0.25461844,5,0.99999815,0.08431522,Peter González
-0.14332251,0.4743386,0.07543921,-0.24170867,0.45390522,0.41446313,-0.061568983,-0.05746251,0.15811682,0.5832061,0.02999268,-0.49078652,-0.17715764,-0.14096114,-0.044027418,-0.10374839,3,1.0,0.10868994,Urko González
-0.65085053,-0.7977502,0.7029349,0.6012307,-1.3907398,-1.0891306,0.27885777,-0.43002748,-0.6281415,-2.553947,0.02985181,0.34054753,0.8009621,0.16659486,-0.50727135,0.04261919,2,1.0,0.11607133,Anthony Gordon
1.1181158,-0.31123823,-0.3828622,0.20331573,0.4142157,0.0148437545,0.0127156675,0.4610858,0.35321087,-0.16911757,0.20577876,0.4188548,0.46019122,0.12451923,0.414263,0.02591297,3,1.0,0.43529543,Leon Goretzka
0.21089765,0.53966534,0.22919977,-0.20730257,0.59064645,0.55992776,-0.15328346,0.00024225563,0.2991992,-0.125945,-0.0012987815,-0.57398117,-0.022270307,-0.18909456,-0.104128525,0.0065792054,3,1.0,0.06964351,Andoni Gorosabel
0.43833697,0.5699264,0.33705312,-0.1461025,0.16097474,0.43607718,-0.12986293,0.31456175,0.6056211,-1.5426706,-0.2405756,-0.16292703,0.02775497,0.13077807,-0.21852045,0.1050546,6,1.0,0.18508711,Robin Gosens
-0.15751976,-0.13191907,0.4512143,-0.070076354,-0.4601616,-0.11773185,-0.1308526,-0.13530493,-0.21735883,-1.0665454,-0.021503255,-0.009632615,-0.07400237,0.15899333,-0.27486837,0.11379891,2,0.9970633,0.13047501,Mario Götze
-0.7970023,-1.7347008,-0.96087646,0.23241681,-1.9821737,-0.946296,0.53944534,-0.011923212,-1.0904393,-0.3525404,-0.08499292,1.230303,-0.25697064,0.6572665,0.18949345,0.31879902,4,1.0,0.26748592,Amine Gouiri
-0.59279096,-0.62241226,-0.38064182,-0.12070289,-0.7559835,-0.44859922,0.12010126,-0.07108137,-0.6899845,0.68013674,0.020816471,0.731134,-0.628462,0.19187015,0.17186382,0.24199891,5,1.0,0.08362024,Amine Gouiri
1.5486804,1.3757082,-0.14309318,0.29597044,1.6096276,0.6971355,-0.08812517,0.76816386,1.4065386,-1.0397506,-0.4131366,-0.18614596,0.7592012,0.15949169,-0.15999386,0.02928172,1,1.0,0.19209646,Jeffrey Gouweleeuw
0.7504808,1.2512226,-0.06852813,0.08500955,1.1974802,0.80951226,-0.2468963,0.2788034,0.99633217,-0.009255722,-0.29968065,-0.51684535,0.31966624,0.00025703013,-0.07531151,-0.023983099,1,1.0,0.102132365,Jonathan Gradit
-0.31261835,-0.18864535,-0.026683167,-0.2714853,0.48873255,0.16677815,-0.044182785,-0.09462689,-0.16031402,1.8377557,0.07006976,-0.4046114,-0.25858307,-0.30276862,0.116722524,-0.21083078,0,1.0,0.1259221,José Gragera
0.11462589,0.635534,-0.015468031,-0.1477837,0.57707494,0.60639286,-0.07734754,0.052336533,0.43077826,0.3190734,-0.026708085,-0.37034553,-0.06874629,-0.030867666,-0.004024416,-0.02682262,3,1.0,0.10673088,Alberto Grassi
0.73511827,1.3024856,0.13366452,-0.07746751,0.46793646,0.9132,-0.06544448,0.5533478,1.2462958,-2.2750373,-0.45663047,-0.46234196,0.032014556,0.21777043,-0.23082224,0.11217102,6,1.0,0.21148062,Ryan Gravenberch
0.6068847,0.16432028,-0.1295302,0.09115509,1.3123031,0.37658453,-0.22476536,0.17916235,0.41933817,1.1399473,0.31730294,-0.46953568,0.44597343,-0.4433195,0.25795475,-0.03311058,7,1.0,0.114681624,Archie Gray
-0.22422343,-0.46414226,0.6178938,0.1911194,-0.3331676,-0.40234447,-0.38988662,-0.7709941,-0.72621137,-0.10659393,0.34232777,-0.08664488,0.05990339,-0.056197904,-0.10378192,0.12806733,2,0.99992317,0.23763041,Jack Grealish
1.3853598,0.6282213,-0.19363146,0.17497793,1.6689163,0.609458,-0.17819893,0.45518035,0.94620824,0.5217823,0.16802584,-0.26585943,0.7254613,-0.21803686,0.18292567,0.078792274,1,1.0,0.07330162,Jacob Greaves
-0.37737256,-2.0377185,-0.75665677,0.909664,-2.4017015,-1.129025,1.0071226,0.45606387,-0.4324882,-3.7463295,-0.1044614,1.4167017,1.1640409,0.6784494,-0.21010736,0.30707452,2,1.0,0.3266164,Mason Greenwood
-0.51555955,-0.7048517,-0.26335967,-0.16713133,-0.35197642,-0.42527348,0.058760256,-0.09773044,-0.6678338,1.4691966,0.09190284,0.6061595,-0.7442489,-0.10553832,0.25977558,0.1251855,5,1.0,0.11937352,Michael Gregoritsch
-0.27791625,-0.86330134,0.25662893,0.3083257,-1.1142429,-0.57179844,0.40154672,0.24020512,-0.44991443,-2.7668183,-0.05987542,0.1494125,0.71744025,0.31519252,-0.2789877,0.43014243,2,1.0,0.22659406,Antoine Griezmann
-0.3023685,-0.9693177,0.41136754,0.35499427,-1.0244082,-0.5985422,0.4574595,0.23439576,-0.44078687,-3.1475172,0.047651164,0.010233483,0.96560794,0.41478157,-0.30188406,0.5296605,2,1.0,0.24869923,Vincenzo Grifo
0.1658137,-0.658553,-0.030890048,-0.16024762,0.67508954,-0.035938643,-0.29262328,0.12554277,-0.36119938,1.3344252,0.55270046,-0.14475733,-0.13672745,-0.46632707,0.36368045,0.060863785,0,1.0,0.13295081,Florian Grillitsch
-0.10983692,-0.29250276,0.023824394,-0.18957698,0.5949668,0.07123844,-0.14905143,0.051014207,-0.2365592,1.4678277,0.21277827,-0.30282745,-0.19880038,-0.38220924,0.18234468,-0.10451076,0,0.99976736,0.034974825,Florian Grillitsch
-0.21664175,-0.050529573,1.6680573,0.4522441,-0.4695817,-0.61221814,0.10893352,-0.31701243,-0.40474573,-3.1848412,-0.02513206,-0.4721912,0.81108874,-2.5317073e-05,-0.725774,0.17162396,2,0.9840081,0.22572732,Álex Grimaldo
-0.013918258,0.4823016,0.89470273,0.09799739,-0.28623286,-0.09172376,-0.01595223,0.1449262,-0.017398402,-2.574371,-0.23638098,-0.7337738,0.40425897,0.2524755,-0.2973749,0.22482191,6,1.0,0.2770841,Pascal Groß
-0.50346696,-0.44945687,0.516066,-0.026236005,-0.4430804,-0.3703386,-0.25646168,-0.7522392,-0.7425287,0.23728275,0.14327006,-0.08324534,-0.31035322,-0.027197346,-0.24694304,0.21368887,5,0.9999791,0.124324605,Brajan Gruda
-0.7534721,-0.70106447,-0.30246258,-0.049260315,-1.0559478,-0.58777785,0.13954942,-0.18337144,-0.74701875,0.13729522,-0.10636005,0.747382,-0.5132785,0.31780773,0.04594393,0.3009205,5,0.9993612,0.08910518,Marco Grüll
-0.751716,-0.18231787,0.15808564,-0.13815364,-0.73449224,-0.4850117,0.019292325,-0.5405841,-0.6329361,0.665409,-0.18467517,0.22344223,-0.60089713,0.061463043,-0.13753808,-0.06275093,5,1.0,0.08434044,Albert Grønbaek
1.2063714,0.69432026,-0.16673078,0.1319069,1.385314,0.6186059,-0.12237795,0.37502962,0.9190445,0.12896451,0.053077474,-0.11535042,0.48486593,-0.07291004,0.09931323,0.10631632,1,1.0,0.039427027,Nemanja Gudelj
0.30950326,0.57649404,0.41125482,0.05675567,0.12750596,0.36370775,-0.19582073,-0.014945967,0.3847174,-0.7139953,-0.12209065,-0.08712109,0.020762414,-0.032144994,-0.24274531,-0.20851466,6,0.9990068,0.14210078,Gabriel Gudmundsson
-0.7301283,-0.3799361,0.04810089,0.038694844,-0.8620481,-0.5747886,0.030762285,-0.46351615,-0.75176483,0.17447217,-0.07221408,0.4270453,-0.36541575,0.18882003,-0.09511383,0.091026664,5,1.0,0.079164125,Gonçalo Guedes
1.9776613,1.1933725,-0.35885417,0.39673918,1.8071241,0.6607174,0.034668297,0.8950528,1.5637707,-0.7004756,-0.27051622,0.17480548,0.8815569,0.12334564,-0.019847117,0.03835719,1,1.0,0.1291922,Marc Guéhi
1.0273559,0.675707,0.25468275,0.28200772,0.30674943,0.31552905,-0.039477877,0.78074306,0.8930559,-2.4590967,-0.2916572,0.13627954,0.55693674,0.25075048,-0.24507436,0.018136814,6,1.0,0.33942842,Mattéo Guendouzi
0.38528448,0.50060153,0.31717244,-0.03147748,-0.1234933,0.37030905,-0.13994665,0.3027796,0.5606231,-1.6042602,-0.17346147,0.014532837,0.012764461,0.12063047,-0.24186583,-0.009007283,6,1.0,0.07272666,Javier Guerra
0.20694283,-0.5104557,0.25065118,0.15213212,-0.49935055,-0.20325518,-0.06916599,0.124475315,-0.18260911,-1.2898995,0.118699044,0.26143795,0.25982413,0.21124297,-0.15939124,0.075090766,6,0.62864554,0.119216464,Raphaël Guerreiro
-0.50498104,-1.452651,-0.6506404,0.43601495,-1.8214227,-0.79333824,0.62873214,0.2307619,-0.2831962,-2.2396293,0.0049633104,1.0398967,0.4520779,0.634677,-0.09421699,0.13586614,2,1.0,0.20771404,Evann Guessand
0.5010992,0.4585473,-0.025056452,-0.08612112,0.678559,0.4939234,-0.16876455,0.14633393,0.50505984,-0.13686192,0.03792902,-0.16002202,-0.073262595,-0.03199754,-0.013965845,0.05603664,1,0.8369429,0.113016054,Ander Guevara
0.4795703,0.5387357,-0.2490051,-0.17226541,0.035647415,0.38682535,0.13386573,0.58827055,0.89397454,-1.3238938,-0.2125805,0.42540476,-0.14844698,0.27059078,-0.16335636,-0.10128754,6,1.0,0.2329305,Pape Gueye
-0.7061523,-0.75043356,-0.53133005,0.04205922,-1.4007025,-0.7350342,0.36933017,0.13192032,-0.54400754,-0.6231783,-0.17275877,1.03423,-0.3674662,0.45974284,0.01357466,0.028445981,4,1.0,0.10382191,Morgan Guilavogui
0.5240847,1.3752917,0.17129526,-0.17935646,0.71244675,1.0055795,-0.095207766,0.17067145,1.0118049,-1.1152062,-0.38201916,-0.68853736,-0.015635222,-0.0015619248,-0.3519346,-0.06613428,1,0.6394393,0.15772165,Frederic Guilbert
0.5308814,0.62654144,0.3279859,-0.16513225,-0.13780412,0.3190112,0.21405031,0.9525008,0.9665649,-3.7191496,-0.49876893,-0.17791417,0.5073683,0.50819653,-0.1960117,0.47871986,6,1.0,0.15731254,Bruno Guimarães
-1.1426291,-2.0277188,-2.0127194,0.36038816,-3.1271787,-1.7895923,1.357242,0.8346565,-1.0756512,-0.8677774,-0.4108799,2.0647328,-0.19786961,0.94699824,0.47992873,0.09863974,4,1.0,0.13493615,Serhou Guirassy
-0.30025014,-0.6487067,0.58180714,0.11204652,-0.6657977,-0.30628976,-0.16928169,-0.37980872,-0.6044554,-1.3645211,0.12643284,-0.06371845,0.34304672,0.16484305,-0.24042466,0.32307136,2,1.0,0.22882107,Arda Güler
-0.26269808,-0.3283862,0.033574715,-0.29235533,0.15524386,-0.09407876,-0.08459874,-0.093617514,-0.3608108,1.09921,0.23535058,0.057447724,-0.48525518,-0.22993127,0.11669353,0.09848287,0,1.0,0.060684036,Gerard Gumbau
0.1693435,-0.17093211,0.46977448,0.28604332,-0.46573952,-0.28756306,-0.006892249,0.051129065,-0.0655266,-1.8403513,-0.054629527,0.10190975,0.5204443,0.21790385,-0.22608799,0.0063973293,6,0.9991154,0.24522273,İlkay Gündoğan
-0.21561626,0.20461605,0.7801758,-0.13804382,-0.052881986,-0.097557746,-0.18583468,-0.41579404,-0.28301033,-0.59101945,-0.049577743,-0.40809685,-0.10662518,-0.16908242,-0.37656525,0.03402085,6,0.9999809,0.12344589,Christian Günter
-0.38293162,-0.029881872,-0.14298327,-0.086346254,-0.61047196,-0.16230163,0.07866125,0.11304523,-0.1325957,-0.38439044,-0.10205096,0.5380452,-0.49756277,0.22402632,-0.017998517,-0.048576154,2,1.0,0.1439896,Jon Guridi
-0.67954123,-0.9032927,-0.94019544,-0.07038346,-1.5035905,-0.6824644,0.44834977,0.3404998,-0.72466713,0.26935846,-0.11113191,1.255977,-0.5902959,0.46540564,0.35315496,0.17860025,4,1.0,0.14309093,Gorka Guruzeta
0.23485947,0.9319538,0.20821016,-0.12800667,0.23724723,0.62756693,-0.1486338,0.16546734,0.6767782,-0.997442,-0.2441281,-0.29844144,-0.15663412,0.08421303,-0.1578517,-0.13915294,3,0.6620782,0.119983435,Malo Gusto
0.062646165,0.18053924,1.1292547,0.18899062,-0.24044013,-0.16625726,-0.046631806,-0.20527367,-0.09787953,-2.1255772,-0.062268987,-0.4547753,0.39503402,0.015328869,-0.4423031,0.050234903,6,1.0,0.13551599,Miguel Gutiérrez
-0.35420674,-0.8069421,-0.36430103,0.0045837983,-0.80974054,-0.38790745,0.019381449,-0.0467665,-0.5921571,0.21702236,0.19083013,0.81293803,-0.38381818,0.34010318,0.16124433,0.22623172,5,0.9758388,0.1867725,Albert Guðmundsson
1.7573843,0.99903643,-0.5702425,0.217864,0.66645825,0.6188159,0.26844174,1.239765,1.9885975,-2.2965329,-0.5461742,0.7445874,0.42449495,0.2967831,-0.26915884,-0.2402938,6,1.0,0.3856618,Joško Gvardiol
0.4997147,0.34808475,-0.05292338,-0.11311774,0.20790525,0.24279973,0.01586534,0.37188026,0.5588317,-0.7377203,-0.061066866,0.33286715,-0.1504477,0.13577086,-0.10378589,-0.19036177,6,0.85172635,0.2711487,Emmanuel Gyasi
-0.90009964,-0.23205863,-0.30451888,-0.24903,-0.79634726,-0.5195399,0.35888243,-0.17714518,-0.67719114,1.5881454,-0.22856005,0.55547285,-0.78178895,0.04380256,0.0863315,-0.20465979,5,1.0,0.0997421,Christian Gytkjær
-1.2963663,-2.0769515,-2.077469,0.29718807,-3.225359,-1.7875298,1.3678169,0.74574035,-1.2387836,-0.5950961,-0.33247894,2.170698,-0.34823918,0.96673083,0.58212805,0.090618655,4,1.0,0.118604705,Erling Haaland
-0.14164098,0.62202096,0.088904746,-0.221941,0.4884439,0.50098985,-0.07739362,-0.053284794,0.24761519,0.43901506,-0.042054527,-0.50349224,-0.18611962,-0.10099566,-0.07082396,-0.084836684,3,1.0,0.06933762,Janik Haberer
-0.43035224,-0.5392528,0.27945888,0.266049,-0.9571818,-0.546692,0.082778245,-0.13703135,-0.38208473,-1.7245785,-0.023749284,0.2863218,0.38120744,0.2329253,-0.23886949,0.14990151,2,1.0,0.13862148,Robin Hack
-0.62829745,-0.36625826,-0.24265234,-0.17219561,-0.544093,-0.38749933,0.14113788,-0.112490565,-0.53897345,1.1851825,-0.07430055,0.57649744,-0.6490098,0.027122915,0.10193975,0.006507404,5,1.0,0.06565435,Munir El Haddadi
0.50592947,0.19537859,-0.012214005,-0.00072690845,0.9377413,0.27031073,-0.121541925,0.23437408,0.3142648,0.44927618,0.25861496,-0.093555965,0.09874336,-0.19473353,0.15707248,0.04078784,7,0.9998645,0.060600597,Amadou Haidara
0.48816043,0.41041046,0.073109426,0.052358247,0.81897455,0.547843,-0.16999036,0.090106204,0.39698768,0.29215327,0.019866347,-0.34168053,0.179331,-0.16695458,0.028919026,-0.007842682,3,0.9994337,0.12521572,Massadio Haïdara
0.14461152,0.13312238,0.030921787,-0.12960315,0.58038783,0.14253679,-0.050466068,0.10140282,0.051702216,0.69471943,0.22884546,-0.15412791,0.0023532435,-0.23412052,0.10042679,0.024480231,0,0.99759203,0.08071769,Antoine Hainaut
-0.6236334,-0.35412097,0.14575335,-0.21304256,-0.1484768,-0.22169143,-0.006868243,-0.44194767,-0.5736922,1.3773649,0.13939989,0.015786642,-0.5698784,-0.27392069,-0.029669516,0.022386946,5,0.8932164,0.08978552,Mohamed Haj
0.17795542,0.08801794,0.7986988,0.29640317,-0.513696,-0.090660535,0.1855805,0.35165817,0.3884778,-3.341433,-0.19758084,-0.021059604,0.6601755,0.21901602,-0.47752503,0.23169264,6,1.0,0.21959694,Achraf Hakimi
0.38945428,0.89422584,0.5677771,-0.11461589,0.33548492,0.50216895,-0.16613136,0.18918605,0.60028106,-1.661439,-0.33494532,-0.5447699,-0.0878195,-0.09639619,-0.29380566,0.021210305,6,1.0,0.12898892,Lewis Hall
1.0352913,-0.28643084,-0.3352381,0.11051989,1.6101553,0.23810688,-0.30734244,0.35629213,0.35379124,1.4898651,0.7064242,-0.43188146,0.5362651,-0.47105646,0.58339894,0.115687475,7,1.0,0.20454557,Andreas Hanche-Olsen
0.5693597,1.4244845,0.2941324,-0.29135332,0.5919143,0.93175745,-0.0011331141,0.3111486,1.0674256,-1.9073032,-0.44276416,-0.6394899,-0.14694063,-0.026120588,-0.35192236,0.04872987,6,1.0,0.13670568,Florent Hanin
-0.15951194,0.2741735,0.06048967,-0.17546332,0.2507148,0.12802668,-0.015855461,-0.050588444,-0.014963426,0.77111137,0.03240675,-0.14855063,-0.25292003,-0.11386456,0.0009519905,-0.08429194,0,0.9991268,0.06826683,Ridgeciano Haps
-0.43300137,-0.5612271,0.44949812,-0.060393162,-0.27689415,-0.31851977,-0.21090212,-0.6044469,-0.73342913,0.413696,0.32192636,-0.08665622,-0.31318063,-0.120389625,-0.15702304,0.3035504,5,1.0,0.22631466,Amine Harit
-1.108048,-0.57722735,-0.9374597,-0.14838402,-1.6263366,-0.7836235,0.61694723,0.32394668,-0.81108695,0.55371034,-0.27453768,1.2442514,-0.63696605,0.49427575,0.29685602,0.109148666,5,1.0,0.15841277,Phil Harres
-0.5122342,-0.14255066,0.75676197,0.12414951,-0.67864203,-0.644619,-0.11835696,-0.5730783,-0.4158477,-0.9544655,-0.067688964,0.058172822,-0.1405792,-0.091102384,-0.5050116,-0.19175544,2,1.0,0.22031769,Jack Harrison
-0.7061614,-0.39773595,-0.22155626,-0.17688893,-0.5522952,-0.44114172,0.1875043,-0.21375115,-0.6547483,1.196175,-0.048030376,0.4962586,-0.6356801,0.014557943,0.050315186,0.026360571,5,1.0,0.081085935,Abdou Harroui
2.359109,0.8565895,-0.44420642,0.6461899,2.0249186,0.47696623,0.054978147,1.0112057,1.4453794,-0.2175655,-0.07626577,0.14330426,1.2350858,0.12457508,0.26008865,-0.0892557,1,1.0,0.15879956,Taylor Harwood-Bellis
0.80559826,0.47009963,-0.007022381,0.08570541,1.0291212,0.5978528,-0.16454294,0.21473345,0.6044635,0.060860515,0.057760842,-0.22408138,0.332771,-0.112998314,0.038482174,0.0794263,1,0.92292106,0.086826496,Hans Hateboer
-0.89768875,-1.0895069,-1.1372143,0.15147793,-1.9271704,-1.0617864,0.72305,0.3960988,-0.66995233,-0.50819635,-0.18861814,1.4824665,-0.3327742,0.6107723,0.23772398,0.099678464,4,1.0,0.118311785,Kai Havertz
1.6398612,1.4150395,-0.30801195,0.47897965,1.3916382,0.5947051,-0.11337538,0.9731272,1.4394814,-1.2719615,-0.5858894,0.09275204,0.71832967,0.1676251,-0.14695624,-0.2683121,1,1.0,0.25831383,Jan Paul van Hecke
-0.6615021,-0.16104439,-0.053458914,-0.2566686,-0.10522258,-0.15257251,0.11908619,-0.23307917,-0.41556793,1.8173413,-0.035321683,0.037363037,-0.5488014,-0.24621148,0.020893037,-0.24408838,0,1.0,0.1263067,Hwang Hee-chan
0.03887457,0.3116539,0.7116512,-0.12130901,0.028832637,0.13575993,-0.23038131,-0.122488186,-0.0368464,-1.0330253,-0.06837303,-0.5889819,-0.014606476,-0.04739376,-0.31036094,0.07934038,6,0.99999905,0.16467918,Liam Henderson
0.39736685,0.026936404,-0.09214111,-0.020629726,1.0290225,0.2616392,-0.17488725,0.16087277,0.21453369,1.0354671,0.31653792,-0.34438866,0.24907365,-0.40383798,0.21604875,0.003179364,7,1.0,0.044301376,Ramon Hendriks
0.119233504,-0.10234933,0.008515552,-0.21186376,0.6412262,0.11911963,-0.13406174,0.09807049,-0.11500027,0.75468606,0.2960961,-0.16480431,-0.16144669,-0.26999277,0.17491367,0.17924845,0,0.99998474,0.1450178,Benjamin Henrichs
0.030396394,-0.7846686,0.7129775,0.35958394,-0.92532116,-0.5834331,0.2654435,-0.03656794,-0.28154704,-2.6533911,0.08176021,0.1567416,0.7750482,0.17204854,-0.50427675,0.13874431,2,1.0,0.21681543,Luis Henrique
0.7236643,0.46477598,0.10933323,0.09264492,0.7837306,0.4380022,-0.14813396,0.3001905,0.46769232,-0.25688735,-0.07702992,-0.0014717616,0.28404492,-0.08419966,-0.060873292,-0.083872326,3,0.9413824,0.1451147,Javi Hernández
0.44409359,-0.07756077,-0.14509325,-0.043848064,1.159171,0.21211031,-0.19098438,0.25826353,0.2297236,1.4070526,0.3562513,-0.41864583,0.34796113,-0.46419773,0.28408194,-0.047664948,7,1.0,0.123309635,Aridane Hernández
0.5568559,-0.19118118,-0.13754387,-0.039889023,1.2445703,0.23754928,-0.2660363,0.24029945,0.20208764,1.2911212,0.4950354,-0.3855752,0.2810785,-0.520743,0.317442,0.021813191,7,1.0,0.07506953,Lucas Hernández
0.22824433,0.17028363,0.9168534,0.18852124,-0.26008183,-0.06253994,-0.071049824,0.006342098,0.27121514,-2.2741315,-0.11903137,-0.071618535,0.43158546,0.08737005,-0.48135692,0.11716551,6,1.0,0.13028312,Theo Hernández
-0.20284265,0.32691538,0.3410467,-0.22478655,-0.17640789,0.24786222,-0.15663321,-0.06557295,0.0033070892,-0.5824586,0.020727467,-0.21093991,-0.34711793,0.03705907,-0.17888753,0.07923187,3,0.97563493,0.10134055,Hernani
1.0213279,-0.39881945,-0.3083815,0.10318617,1.5462661,0.16417624,-0.31341723,0.36515915,0.24037632,1.5484042,0.7885455,-0.41152748,0.509389,-0.44860172,0.60901284,0.062489115,7,1.0,0.18848377,Jorge Herrando
0.4024992,0.55778384,-0.20514567,-0.24759346,0.030441094,0.6262176,0.11352448,0.4387316,1.0266522,-1.4018173,-0.068743624,0.13967846,-0.31060633,0.2740044,-0.16495489,-0.09262309,6,1.0,0.16941217,Yangel Herrera
-0.3727982,0.63484025,0.019831121,-0.094731666,0.456026,0.3761376,0.07147524,-0.044518705,0.25423372,1.459112,-0.10822053,-0.6217701,0.020486884,-0.12698774,-0.11981764,-0.32345372,0,1.0,0.41985488,Juan Herzog
-0.7787632,-1.0357736,1.0009173,0.634988,-1.3812016,-1.1131948,0.26170874,-0.5924618,-0.8955126,-2.88542,0.110947415,-0.0698373,1.0287652,0.13556167,-0.53343,0.3824507,2,1.0,0.12598881,Son Heung-min
0.9918133,0.88695043,-0.11475755,0.05953891,1.4641668,0.80486655,-0.18865453,0.20720701,0.9484947,0.4599299,0.07141897,-0.5077411,0.49906215,-0.10395659,0.074371874,0.07697219,1,0.9998931,0.08704332,Isak Hien
0.857177,1.8555377,-0.05065243,-0.18111047,1.1145153,1.2691247,-0.05759895,0.121431544,1.5545932,-1.1001995,-0.31618673,-0.8493809,0.0023308024,0.04164,-0.3323102,-0.081650905,1,1.0,0.29589668,Omar El Hilali
-0.25656003,-0.31722528,-0.062573716,-0.19587372,0.33393076,-0.09836798,-0.004082978,0.033971265,-0.27419648,1.5866216,0.12201819,-0.027341707,-0.37176573,-0.23822618,0.20976326,-0.11607254,0,1.0,0.11860216,James Hill
0.8999766,1.2927078,-0.07108997,0.09286497,0.5197505,0.7018614,0.025452957,0.6415978,1.3276038,-1.6668836,-0.44893354,0.0038464982,0.060236864,0.19731054,-0.30326527,-0.3237516,6,1.0,0.22695997,Piero Hincapié
-0.27049136,0.18886901,-0.10442223,-0.14621516,-0.41955188,-0.045835815,0.11218272,0.2698226,0.09177846,-0.35038358,-0.07175646,0.4832058,-0.29325488,0.29716894,-0.06629028,0.043730274,3,1.0,0.22115228,Jack Hinshelwood
-0.7917514,-0.41362345,-0.4091733,-0.21345717,-0.74464613,-0.5221233,0.3171997,-0.028280735,-0.66960347,1.5488154,-0.1802463,0.69053763,-0.7850602,0.03346376,0.18774194,-0.10065589,5,1.0,0.08479886,George Hirst
-0.50611544,-1.0895693,-0.46007764,0.2724307,-1.3706387,-0.62730956,0.26822102,-0.039987236,-0.5571154,-0.80284935,0.0153632555,0.9545686,-0.051799703,0.49495053,0.055955976,0.17638715,4,0.99853814,0.09091527,Adam Hložek
0.08436793,0.9406332,0.75963944,-0.2076284,0.07839716,0.38399562,-0.14133804,-0.19661985,0.3052683,-1.2562958,-0.3358881,-0.712686,-0.1506331,-0.24065006,-0.4154997,-0.13238409,6,1.0,0.13508812,Ki-Jana Hoever
0.7384008,-0.4852504,-0.21588244,-0.09639044,1.2939216,0.21876602,-0.3012483,0.2022765,0.11828068,1.4681618,0.7701622,-0.42275652,0.2609371,-0.43877676,0.50197035,0.16868661,7,1.0,0.29134324,Nicolas Höfler
-0.6702386,-0.6963313,-0.24643944,0.034596406,-1.0361229,-0.67475957,0.15900214,-0.056740224,-0.65746367,-0.37665984,-0.16965881,0.80234593,-0.36287385,0.35765195,-0.023130618,0.112224504,4,0.9999943,0.1876524,Philipp Hofmann
-0.62622523,-0.938727,-0.5649416,0.023607865,-1.4152211,-0.66738474,0.41482407,0.1476429,-0.56546605,-0.58670545,-0.15928152,0.98719084,-0.3054761,0.5814145,0.067152455,0.13798119,4,1.0,0.19298226,Lucas Höler
-0.5191189,-0.82686716,-0.39619726,0.41084927,-1.4255816,-0.9194143,0.3424644,0.0725818,-0.4274537,-1.448853,-0.11589864,1.0778831,0.060701676,0.3257827,-0.20942931,-0.21234989,2,0.99999475,0.28479204,Benedict Hollerbach
0.0326156,0.3718779,0.22331274,-0.13872434,0.38800108,0.25379288,-0.13948776,-0.054123648,0.038979754,0.35966188,0.05655178,-0.36227477,-0.10929025,-0.19747677,-0.08061713,-0.10214146,3,0.9974151,0.04176393,Emil Holm
-0.0711983,0.33011937,0.1742249,-0.21918222,0.3457215,0.29429263,-0.13942058,-0.10884856,0.018228546,0.4083696,0.09729345,-0.390096,-0.203179,-0.13281155,-0.027070828,0.012231931,3,0.99712217,0.07782207,Lewis Holtby
-0.61727047,-0.21342771,0.7114227,0.045272015,-0.5906979,-0.5123374,-0.20876594,-0.74252594,-0.6613338,-0.36509326,-0.06994922,-0.06944668,-0.35082993,-0.14491355,-0.40177104,0.113566115,2,1.0,0.123422846,Gerrit Holtmann
-0.7910943,-0.85559887,0.9084961,0.39542773,-1.0603158,-0.9492824,-0.1303024,-0.8896055,-1.0015434,-1.416532,0.06556667,-0.043322973,0.2598402,0.055796012,-0.48140067,0.21374768,2,1.0,0.1680361,Franck Honorat
-0.6939366,-0.47225207,-0.17336397,-0.023906,-0.8507036,-0.4724821,0.04208894,-0.19124037,-0.6196096,0.16145462,-0.058083937,0.6661855,-0.4848975,0.25444016,0.0335297,0.19752523,5,0.99833816,0.065701865,Mathias Honsak
-0.08091737,-0.6135924,0.8218606,0.30423543,-0.8015326,-0.5385588,-0.026915267,-0.44380185,-0.3369915,-1.5653317,0.323112,0.168251,0.5273108,0.060303703,-0.31361595,0.04876377,2,0.99999815,0.31349096,Callum Hudson-Odoi
-0.1413133,0.83083135,0.43772137,-0.3470708,0.09805199,0.4803195,-0.14241822,-0.025220212,0.27427962,-0.86431766,-0.25597227,-0.8863526,-0.31600773,-0.05255381,-0.18744934,-0.09993484,6,0.9999791,0.13636902,Will Hughes
1.4088718,1.5520194,-0.188922,0.3816508,1.505238,0.805534,-0.09835829,0.79552805,1.4551034,-0.89884514,-0.49619335,-0.08727707,0.74031967,0.15616572,-0.21433319,-0.099645935,1,1.0,0.32425946,Dean Huijsen
0.54945683,-0.05351981,-0.2191358,-0.096697964,1.2173975,0.30528173,-0.23739234,0.21164712,0.2873799,1.2932167,0.47150153,-0.3597438,0.27973986,-0.47774887,0.38727874,0.06726312,7,1.0,0.09661431,Mats Hummels
-0.20171326,-0.3478772,0.6914214,0.28068435,-0.7245451,-0.5667122,-0.09115792,-0.40849522,-0.35465002,-1.3166547,0.124110356,0.22843318,0.26683274,0.027277395,-0.31034577,-0.073860936,2,1.0,0.10655856,Omari Hutchinson
-0.35831726,-0.3306526,0.13862866,-0.2621625,0.1507565,-0.11436058,-0.1191502,-0.27707452,-0.47530186,1.2725782,0.25662076,-0.11597624,-0.4717204,-0.36328143,0.05677204,0.058487553,0,1.0,0.055757273,Hong Hyunseok
0.64897394,1.19902,-0.15919141,-0.14810485,0.22230875,0.7075123,0.084213495,0.81881034,1.2528028,-2.806802,-0.52199644,-0.12186236,0.13305485,0.41616702,-0.13431908,0.1969695,6,1.0,0.30433783,Pierre Højbjerg
0.31789556,-0.57298994,-0.06645386,-0.14536402,0.70788777,-0.0014436394,-0.25446916,0.16658251,-0.24010566,1.2025889,0.5682356,-0.13225955,-0.02547545,-0.36202782,0.37897998,0.07433143,0,0.99995995,0.10236279,Oscar Højlund
-0.9279597,-0.67078274,-0.48461467,-0.10063979,-1.1197678,-0.7328236,0.30865866,-0.10132764,-0.8307475,0.40322724,-0.14794476,0.89856017,-0.6079761,0.30951226,0.09738147,0.17878036,5,1.0,0.1792129,Rasmus Højlund
-0.15325972,-0.06422868,-0.08558194,-0.2132571,0.17563911,-0.03782428,-0.018577307,0.1252801,-0.15025613,0.95892,0.101001635,0.18175574,-0.38065457,-0.0793143,0.15292817,0.023166507,0,1.0,0.09203337,Pablo Ibáñez
0.6192509,1.7218093,-0.14443804,0.03491424,1.1578858,0.9757175,-0.19130373,0.35745656,1.1587495,-0.040124662,-0.47658235,-0.71860033,0.33854297,0.08975123,-0.1000088,-0.1881668,1,1.0,0.27441245,Jay Idzes
0.26582378,1.6203023,0.27380115,-0.35902634,0.47663262,0.9106733,0.06266783,0.13310085,0.9541967,-1.394332,-0.43445617,-0.9215763,-0.21845533,-0.08033394,-0.3943177,-0.23220998,6,1.0,0.3811587,Iglesias
-0.95721245,-1.2488941,-1.1876361,0.13466406,-2.0683732,-1.093724,0.7587049,0.4216248,-0.78914446,-0.3702699,-0.22348548,1.5667549,-0.42578828,0.6917469,0.29813087,0.1718701,4,1.0,0.08393664,Borja Iglesias
0.7730253,-0.5378097,-0.18860917,0.0137273,1.3854772,0.14568682,-0.38678223,0.34463707,0.06516753,1.5999305,0.7328372,-0.50778496,0.40627334,-0.56433743,0.51266634,-0.036519088,7,1.0,0.12853822,Igor
-0.6392821,-0.3219984,-0.18625589,-0.15579812,-0.5075301,-0.39214915,0.14225598,-0.20176987,-0.5668271,1.3042741,-0.09107296,0.47462472,-0.6256862,-0.041617744,0.048852846,-0.06427155,5,1.0,0.08702729,Jonathan Ikone
-1.153939,-0.5260837,-0.63228256,-0.20958713,-1.2845297,-0.773976,0.5746344,-0.0057570334,-0.96495813,1.0321015,-0.21570714,0.8596401,-0.71532005,0.29247773,0.15378326,0.046565555,5,1.0,0.13398239,George Ilenikhena
-1.1478037,-0.5036187,-0.9210423,-0.28118145,-1.5350462,-0.79061544,0.65621877,0.29284093,-0.9006326,1.1650859,-0.3516115,1.1325057,-0.7576224,0.34033537,0.25204763,-0.044642664,5,1.0,0.18843994,Andrej Ilic
-0.15924516,-0.24037726,0.14885859,-0.13050538,0.18404701,-0.13746041,-0.16688564,-0.19071391,-0.40744022,0.9583314,0.27328262,-0.064883016,-0.28942427,-0.33323082,0.10123998,0.058143143,0,1.0,0.064510405,Ivan Ilić
-0.29254368,-0.16972433,-0.028290793,-0.2932519,0.34982586,0.056137856,-0.025619939,-0.07080248,-0.21440107,1.5098611,0.075150564,-0.20708077,-0.41932094,-0.25067353,0.11890331,-0.11358898,0,1.0,0.09101544,Tim Iroegbunam
-0.16012982,0.80730844,0.27473754,-0.15565619,0.06694288,0.52339894,-0.0168266,0.15371954,0.4677897,-1.2726818,-0.12151982,-0.48398468,-0.093654335,0.10305196,-0.20872614,-0.06548224,6,1.0,0.290509,Jackson Irvine
-0.7755647,-2.4131773,-1.562124,0.77370805,-2.964446,-1.6369284,1.330064,0.35556424,-0.98819566,-2.257594,-0.08353488,1.8302493,0.38110808,0.92174184,0.20977727,0.030518577,4,1.0,0.07562889,Alexander Isak
-0.36133602,-0.84206986,0.35026973,0.502651,-1.1299657,-0.94553566,-0.054583773,-0.4663022,-0.47365385,-1.3441683,-0.05836253,0.65027404,0.22268695,0.1960904,-0.43973258,-0.26165876,2,1.0,0.18219836,Gustav Isaksen
-0.11369155,-1.2635853,-0.13235144,0.27829018,-1.094116,-0.4195482,0.29216516,0.31417498,-0.4812522,-2.4411614,0.013766088,0.27982107,0.81836617,0.5078574,-0.22644755,0.6415905,2,1.0,0.44637984,Isco
0.06689098,0.16964002,0.10489879,-0.12208378,0.63150287,0.29504865,-0.11507493,0.029432457,0.06580217,0.72449553,0.13545206,-0.3464485,-0.05200616,-0.24422586,0.054125175,-0.015112966,0,0.9976186,0.045156084,Ismaily
1.2413136,1.3875581,-0.09688802,0.13960648,1.9147068,1.0640618,-0.22387831,0.33866495,1.3206124,0.55913115,-0.06948567,-0.81330484,0.8727124,-0.12383083,-0.0029457211,-0.008507207,1,1.0,0.35126305,Ardian Ismajli
1.669597,1.2547028,-0.30161166,0.33104515,1.783091,0.7122497,-0.13229164,0.7468746,1.3261678,-0.07365339,-0.256091,-0.16134758,0.89866006,-0.004126385,0.055050448,0.023387082,1,1.0,0.13941267,Ko Itakura
-0.48886868,-0.19688886,1.6114922,0.30266094,-0.80355686,-0.8873154,0.32606333,-0.41854468,-0.5370197,-2.9616039,0.017037738,-0.40267155,0.78693503,-0.10052824,-0.74864125,0.071943,2,1.0,0.20027378,Junya Ito
0.8790494,0.4670778,-0.064958036,0.07739686,1.467073,0.60230404,-0.23657516,0.20027958,0.69752216,0.83008885,0.21917856,-0.50262576,0.5529599,-0.33781087,0.16407236,0.04071319,7,1.0,0.050046153,Marko Ivezić
0.0828131,-0.46347415,0.8646826,0.33568487,-0.9854381,-0.54503554,0.45127016,0.3657209,-0.07998483,-3.7494144,0.08309209,0.17963475,0.9905922,0.23275894,-0.5291409,0.30659926,2,1.0,0.13188021,Alex Iwobi
1.4588711,0.9010376,-0.21664001,0.23842523,1.6762626,0.7202302,-0.16423324,0.44682726,1.1286352,0.17250398,0.04366482,-0.24949612,0.67592394,-0.058559433,0.068534255,0.115186654,1,1.0,0.12185328,Armando Izzo
-1.0505093,-1.5416604,-1.2753876,0.37438843,-2.3244567,-1.4527907,0.9348417,0.3068082,-0.9747876,-1.0360409,-0.1428259,1.5754073,-0.1854575,0.7374649,0.23419088,-0.022351913,4,1.0,0.1685371,Nicolas Jackson
0.41476744,0.076520264,-0.1359622,-0.120948836,1.0064888,0.2967392,-0.17480406,0.1578384,0.25844747,1.0288552,0.3457166,-0.2750909,0.18505535,-0.34878427,0.2548953,0.062030792,7,1.0,0.087272316,Jérémy Jacquet
-0.18253711,-0.5776082,-0.16712297,0.07308928,-0.89722407,-0.1645365,0.19996138,0.33138633,0.11981925,-2.0053225,-0.18113346,0.51644254,0.22337303,0.36124903,-0.24458975,0.2776941,2,1.0,0.3532331,Lee Jae-sung
0.41324842,0.7964482,0.01894392,-0.07373867,0.6823683,0.7199654,-0.17482556,0.116404235,0.662897,-0.32908994,-0.11432141,-0.3660509,-0.02879303,0.0069262087,-0.07179749,0.0072274506,1,0.7727474,0.033426553,Kristijan Jakić
-0.12980098,0.07264331,0.28887635,-0.24632695,0.17220283,0.116087385,-0.21250507,-0.17057753,-0.18097326,0.28986225,0.16612889,-0.2503428,-0.29692417,-0.110009745,-0.012587674,0.118222505,3,0.99793077,0.07631147,Jordan James
-0.018806078,0.008885823,0.013200104,-0.11894281,0.59712756,0.09775015,-0.06410115,0.095929235,-0.047513515,1.0641418,0.16904429,-0.18020879,-0.11178729,-0.27346605,0.15398246,-0.011318922,0,0.9782614,0.060647525,Reece James
0.02024426,0.8241963,0.23560761,-0.21715716,0.32746935,0.5701016,-0.14286762,0.0894973,0.41138715,-0.49696064,-0.20064247,-0.55109876,-0.11612359,0.03534852,-0.11319449,-0.012284294,3,0.99995995,0.109760284,Vitaly Janelt
-0.59819245,-0.4401499,0.3712027,0.020818204,-0.50001967,-0.47793794,-0.1690648,-0.7554376,-0.7147086,0.6289032,0.060998514,0.051909443,-0.42652518,-0.02191475,-0.16209012,0.024468586,5,1.0,0.15279184,Adnan Januzaj
0.27200794,1.0030414,-0.012497768,-0.3121068,0.43728906,0.8896918,-0.020736307,0.20016935,0.919505,-1.1124897,-0.17945577,-0.47572833,-0.41200593,0.10385576,-0.1269029,0.07232578,6,0.99999905,0.18729123,Mikel Jauregizar
0.68872833,-0.17700726,-0.20909582,0.040120848,1.3871921,0.27086696,-0.28670758,0.27261937,0.26590794,1.4159687,0.49019158,-0.46733025,0.45067683,-0.5684891,0.37215424,-0.019599326,7,1.0,0.06884613,Gaby Jean
0.51867694,-0.2607332,-0.205705,-0.0718756,1.2266756,0.23435912,-0.26919937,0.23632267,0.12567773,1.4794604,0.51830244,-0.41168085,0.26660857,-0.5433482,0.3700922,0.002255641,7,1.0,0.06590582,Finn Jeltsch
-0.27332914,-0.38619816,-0.0038293302,-0.19357532,0.1402498,-0.18133157,-0.03808239,-0.119033664,-0.4076369,1.3255988,0.20602815,0.096395254,-0.47695783,-0.27964625,0.18819523,0.021655403,0,1.0,0.07057982,Fredrik Jensen
-0.12470487,-0.19690523,0.32399383,-0.23478916,0.22995344,-0.058814295,-0.2092813,-0.22848186,-0.39957628,0.59559083,0.29423994,-0.14809567,-0.19423118,-0.31792593,0.006292239,0.20033318,0,0.9979194,0.14566723,Mathias Jensen
0.6031784,0.91147214,-0.009760812,0.04501704,1.2877713,0.7299994,-0.17763707,0.18064317,0.76161814,0.6917704,-0.02181295,-0.61293435,0.49283144,-0.16434935,-0.007098809,-0.061275147,7,0.9991592,0.1271879,Moritz Jenz
-0.65467083,-0.5243047,-0.35614622,-0.22186804,-0.71629983,-0.49717468,0.16087736,-0.13182682,-0.7106511,1.0186479,-0.060832165,0.6947118,-0.6939485,0.09083426,0.13379532,0.12348313,5,1.0,0.06931226,Gabriel Jesus
0.24827085,0.09538083,-0.08781959,-0.04112417,0.99277765,0.28757545,-0.16168392,0.09355913,0.19850636,1.2139755,0.26012212,-0.42431122,0.17336392,-0.40668908,0.16491637,-0.025749125,7,1.0,0.07110054,Juan Jesus
0.09985788,-0.053550202,0.20808439,-0.081194945,0.20813902,0.087045945,-0.23768395,-0.15059578,-0.19650722,0.2945423,0.27518192,-0.053162158,-0.068084046,-0.15957145,0.118151486,0.04209745,3,1.0,0.10455029,Alejandro Jiménez
-0.73112905,-1.3528311,-1.3140193,0.16958284,-2.2357225,-1.1417756,0.9477125,0.5926044,-0.6442055,-1.1149372,-0.29271126,1.5428004,-0.19105437,0.7187646,0.22400111,0.05022345,4,1.0,0.12851954,Raúl Jiménez
-0.6053071,-1.19905,-0.07408522,0.49131054,-1.4859644,-0.77167743,0.34816545,-0.1332892,-0.5641259,-1.7740333,0.03774478,0.7038096,0.36513132,0.4426161,-0.204954,0.34608644,2,1.0,0.15854718,João Pedro
-0.37879908,-0.26734746,-0.032192275,-0.21097219,0.21514793,-0.023993798,0.011405349,-0.08060099,-0.29014373,1.7248509,0.0007050857,-0.124358825,-0.4638193,-0.2557205,0.10412571,-0.21081072,0,1.0,0.072913215,John Joe
0.2596059,0.3458159,-0.10006882,-0.17112043,-0.22135681,0.39857844,0.05343382,0.45105824,0.7192894,-1.5296453,-0.08570218,0.21163605,-0.19847226,0.2711562,-0.19520018,-0.029371686,6,1.0,0.14486083,Joelinton
-0.42028782,-0.3147089,0.57623345,0.05827374,-0.71432865,-0.54992396,-0.1575988,-0.52499145,-0.46052313,-0.7319466,0.014061987,0.17434919,-0.21907501,-0.027191728,-0.37169892,0.007614568,2,1.0,0.092363045,Jofre
-0.3951645,-0.29068685,0.25730532,-0.16782093,-0.21816595,-0.23999265,-0.13219875,-0.4593606,-0.5157473,0.57299024,0.156804,0.09103025,-0.4488916,-0.076114215,-0.07547468,0.18948251,5,1.0,0.17865252,Þórir Jóhann Helgason
0.07361012,-0.31246597,-0.070573464,-0.21098107,0.8704743,0.13347942,-0.14139773,0.13648243,-0.15497527,1.7014652,0.3339923,-0.47137856,0.052569695,-0.4714381,0.2754884,-0.09302061,0,0.8903808,0.0904206,Carl Johansson
-0.2664333,0.42464805,0.05188632,-0.2568734,0.18624777,0.21846709,-0.0152593255,-0.08557205,0.033978418,0.6597538,0.037890892,-0.30739218,-0.31914267,-0.10529958,-0.084044985,-0.17666587,3,1.0,0.12336886,Ben Johnson
-0.6346463,-1.285554,-1.0373946,0.30766702,-1.9853919,-1.081611,0.8322062,0.31647474,-0.5311725,-1.4270761,-0.23317014,1.3983731,-0.0045955256,0.609289,0.08472502,0.08033399,4,1.0,0.21639657,Brennan Johnson
-0.28436416,0.75767344,0.42883736,-0.36774474,0.07037006,0.36733606,-0.17857909,-0.40152648,0.06656645,-0.15813425,-0.21235713,-0.8994229,-0.3944256,-0.1929406,-0.21359749,-0.16794339,3,0.92080224,0.1618087,Paul Joly
0.2633319,-0.3424968,-0.25662154,0.046163358,-0.52349585,-0.01667019,0.079829246,0.3912349,0.21457565,-1.2224274,-0.030652024,0.6000323,0.09849148,0.3522219,-0.0647973,0.01883702,2,0.9965717,0.22794285,Curtis Jones
0.68201804,-0.1838912,0.1705423,0.1487701,0.4425232,0.10299034,-0.18761386,0.2650001,0.019157484,-0.31909686,0.28084266,0.12838145,0.22434074,-0.050146617,0.19532111,0.03739339,3,1.0,0.26173174,Frenkie de Jong
0.33036828,-0.6628233,-0.1043684,-0.179916,-0.299973,-0.06576543,0.041611895,0.14087318,-0.13675727,-0.6092424,0.3233381,0.2625942,0.005880922,0.28083906,0.014915451,0.37572524,6,0.9999836,0.50548166,Joan Jordán
-0.2569772,-0.19618675,0.034787223,-0.17361683,0.46751472,0.037401035,-0.113486715,-0.110572174,-0.28043795,1.5604081,0.12611553,-0.36369643,-0.2733032,-0.4066722,0.122728765,-0.15001178,0,1.0,0.108755924,Jorginho
-0.9725697,-1.0063133,-1.0456252,0.06442986,-1.7708011,-0.91575944,0.53255403,0.22657214,-0.89024204,0.01107762,-0.11158608,1.340498,-0.56153566,0.4898033,0.32781315,0.106658034,4,1.0,0.12105896,Diogo Jota
-0.40073657,-0.16016765,0.5643532,-0.077205785,-0.21988954,-0.36060417,-0.2457797,-0.6783122,-0.5906622,0.23499337,0.1296562,-0.18216765,-0.311004,-0.20185855,-0.23118463,0.054551844,5,0.9992545,0.14818978,Antoine Joujou
-0.38501668,-0.72639275,-0.17678456,-0.25400177,-0.12943491,-0.28845635,-0.06314818,-0.09988578,-0.61676216,1.2875538,0.30743843,0.4305834,-0.61066765,-0.15079667,0.25464714,0.20342427,5,0.96146506,0.12872067,Luka Jović
-0.6004038,-0.48219204,-0.20214774,-0.2320508,-0.31496063,-0.31309432,0.17859782,-0.062460005,-0.53260475,1.5971353,0.008052636,0.45174718,-0.6621684,-0.063196294,0.14773563,-0.027512543,5,0.9999923,0.10672748,Juanmi
0.20077509,-0.17522004,-0.12936775,-0.11203818,0.9811748,0.2060883,-0.15984188,0.15367325,0.03042321,1.6410694,0.31808436,-0.47598878,0.15637991,-0.46709386,0.24948877,-0.11468545,7,1.0,0.08600996,Juanpe
1.781883,0.9186386,-0.38425243,0.16817915,1.717719,0.63269866,-0.01324819,0.7021397,1.2788168,0.16457638,-0.07815425,-0.08721963,0.8751343,0.008277148,0.19196829,0.22588778,1,1.0,0.5823611,Jubal
1.5406154,0.50194466,-0.27412826,0.30317256,1.6185937,0.50936764,-0.21146226,0.4494836,0.998302,0.43424994,0.19209161,-0.17078069,0.6658014,-0.18080935,0.21273914,-0.0005016774,1,1.0,0.13272204,Anthony Jung
-0.5159861,-1.0521961,-0.69909257,0.2957001,-1.5678148,-0.805447,0.5637767,0.28320616,-0.41594875,-1.4587796,-0.13248245,1.1526923,0.10286277,0.50675416,-0.04920329,0.09128257,2,0.86434245,0.11045621,Hamed Junior Traorè
-0.73163605,-1.6561872,0.29322335,1.0733396,-1.9575931,-1.3478218,0.4777031,-0.45790586,-0.73797554,-3.0164654,0.11490038,0.67941916,1.0968778,0.44913697,-0.43022597,0.06761287,2,1.0,0.12544507,Vinicius Júnior
-0.24018884,0.08969927,0.59361166,-0.18148172,0.03792219,-0.14336085,-0.24577904,-0.50224024,-0.36262596,0.16355851,0.09812887,-0.3558714,-0.12689751,-0.2854762,-0.27692455,0.014729217,3,1.0,0.18055153,Josip Juranović
-0.4656326,-0.058877036,0.23129763,-0.20720762,-0.0300932,-0.1181441,-0.075311184,-0.42500502,-0.3865688,1.3153145,0.01416265,-0.2293423,-0.45406434,-0.32115346,-0.07033844,-0.18667656,0,1.0,0.08051659,David Jurásek
0.56988883,0.4044801,-0.06727487,-0.055214938,1.0917089,0.5215381,-0.19297211,0.08898157,0.5158185,0.7564174,0.26149368,-0.3951354,0.2686745,-0.25039804,0.12725252,0.09534862,7,0.9999962,0.07899399,Stanko Jurić
0.557173,1.5476129,0.016471356,-0.17484258,0.7132837,1.0030125,-0.046009466,0.35484573,1.2174572,-1.2309314,-0.4281003,-0.48953876,-0.016832128,0.083030716,-0.33334866,-0.16942379,1,0.64541155,0.22019908,James Justin
-0.3576006,-0.37690955,-0.030766234,-0.21121925,0.33639586,-0.018980123,-0.049741887,-0.08285162,-0.35075098,1.8514106,0.11544517,-0.20715392,-0.4133223,-0.38647455,0.1407679,-0.20392683,0,1.0,0.03871125,Mohamed Kaba
1.0074917,-0.38422292,-0.30704927,0.11734178,1.4420841,0.124366626,-0.24724858,0.34842315,0.20429653,1.4437492,0.77364016,-0.34431535,0.49961087,-0.35650346,0.61922264,0.110805534,7,1.0,0.23137441,Christian Kabasele
-0.10287152,-0.5417333,0.011868998,-0.12719253,0.17790502,-0.12480571,-0.17884105,-0.108612955,-0.44131383,1.0192496,0.30526936,0.09938591,-0.3604101,-0.2753246,0.1998885,0.15300907,0,1.0,0.10965721,Yaya Kader Fofana
0.40344214,0.086655185,0.16167329,-0.08577107,0.42459965,0.12208794,-0.11764361,0.09612079,0.07326391,0.025940843,0.19242084,-0.034533642,0.055424906,-0.105687246,0.0677212,0.034354612,3,1.0,0.17917176,Pavel Kadeřábek
-0.6613555,-0.29402542,0.025592476,-0.24269658,-0.36981294,-0.2429893,0.08873345,-0.31491724,-0.5289831,1.2538524,0.06775583,0.20825109,-0.6527621,-0.10362991,-0.01684773,-0.0024316087,5,0.9970309,0.057021003,Tino Kadewere
-0.7486371,-1.775986,-1.6642089,0.2960443,-2.7013192,-1.3973806,1.0891602,0.6349528,-0.7940105,-0.9823735,-0.20620053,1.8451262,-0.18040887,0.84224343,0.33079925,0.022567756,4,1.0,0.24705482,Arnaud Kalimuendo
1.0905871,1.0169524,-0.18367742,0.32321757,1.096105,0.60681397,-0.22039278,0.49494082,0.9595374,-0.34505835,-0.41162127,-0.18108843,0.35173413,0.05470167,-0.058973767,-0.1906741,1,1.0,0.29289514,Pierre Kalulu
-0.10357058,0.5003963,0.27665544,-0.23009726,0.09826096,0.41431814,-0.22185175,-0.1499292,0.15313506,-0.30802268,-0.09768368,-0.42916402,-0.3163941,0.0012190491,-0.09266171,-0.031651713,3,0.9882252,0.07345133,Daichi Kamada
0.01760719,-0.17185801,0.034431487,-0.23535141,0.39562297,0.019413657,-0.14128192,0.03139101,-0.2050116,0.7521593,0.27726626,0.008565956,-0.20994088,-0.23139906,0.21015397,0.1182989,0,1.0,0.057512157,Waren Kamanzi
0.2542115,0.76536304,0.03343311,-0.096123055,0.8069626,0.61913246,-0.16303511,0.08895625,0.48710823,0.29758242,-0.0554694,-0.4324318,0.04911167,-0.079877295,-0.041275255,0.00017273426,3,0.9986315,0.05344217,Boubacar Kamara
-0.032113127,-0.29865283,0.030691698,-0.23981172,0.6370384,0.06138914,-0.17194888,0.07911527,-0.3089307,1.3294976,0.29658854,-0.30365297,-0.20093939,-0.4307232,0.23080742,0.024640992,0,1.0,0.06852488,Glen Kamara
-0.010487929,0.48975688,0.8382181,-0.06509672,0.0071358653,0.14002346,-0.21705516,-0.27560598,0.046503276,-1.1023835,-0.13481772,-0.45841068,-0.045113474,-0.14500864,-0.4072387,-0.050499,6,1.0,0.059958734,Hassane Kamara
0.9725802,-0.48789,-0.3142388,0.046440072,1.6634293,0.2279921,-0.39412004,0.37301716,0.23979682,1.7478236,0.81119174,-0.56578225,0.49142638,-0.5698394,0.6179245,0.062015813,7,1.0,0.17245865,Willy Kambwala
-0.45628068,-0.04630771,0.6957897,-0.078943685,-0.27406624,-0.40141928,-0.2644228,-0.726309,-0.60366833,0.08058645,0.07233905,-0.2760004,-0.31278855,-0.14842716,-0.32311505,-0.015349008,5,0.9991059,0.09014613,Jakub Kamiński
0.93940306,0.18077584,-0.020537391,0.019366533,0.82524437,0.3260445,-0.06695526,0.31788948,0.41772383,-0.24581382,0.17455034,0.044177506,0.31869826,-0.07103782,0.1931332,0.08540544,3,1.0,0.1725435,Kevin Kampl
-0.8658273,-2.5171337,-1.8566011,0.5322207,-3.179122,-1.6587372,1.4093255,0.6207263,-1.0996745,-2.0471895,-0.28438777,1.6799421,0.3214903,1.0132079,0.38068736,0.36594436,4,1.0,0.26152593,Harry Kane
-0.06634027,-0.7665018,0.70806867,0.20567259,-0.7038117,-0.42127275,0.105434045,-0.0208002,-0.54622567,-2.4506001,0.15358125,-0.11658559,0.73474354,0.2557244,-0.3513553,0.40229326,2,1.0,0.26578304,Lee Kang-in
-0.6053858,-0.17988124,0.0827118,-0.064404786,-0.4189828,-0.44227582,0.066328034,-0.46793506,-0.52876306,1.1165963,-0.056982405,0.25160286,-0.5883812,-0.03870669,-0.012449205,-0.11238348,5,1.0,0.078212485,Yann Karamoh
0.8435781,0.77036214,-0.15266328,0.10427637,0.6010684,0.5629722,-0.0055963546,0.48531947,1.1022482,-1.3099597,-0.28607088,0.09219922,0.12807688,0.24685684,-0.052833714,0.010261223,6,0.9999018,0.14380172,Atakan Karazor
-0.24825379,-0.75991964,-0.11356448,-0.16487303,-0.008336725,-0.25408557,-0.1160707,-0.12061867,-0.56560326,1.3873953,0.32992423,0.27400053,-0.51656973,-0.25125992,0.29904237,0.16029364,0,0.9999962,0.1670663,Jesper Karlsson
0.47048804,1.3653824,0.015798986,-0.18335319,0.66690654,0.93649143,-0.12844664,0.23425058,1.000935,-1.1525289,-0.37084246,-0.6140472,-0.06891893,0.1176157,-0.18361127,-0.0037824959,6,0.9997978,0.072411746,Jesper Karlström
-0.9051994,0.34507847,0.14318997,-0.2549241,-0.61659986,-0.31427008,0.21085887,-0.41344202,-0.46005356,1.085772,-0.22065623,-0.025306085,-0.60888,0.054452628,-0.16488774,-0.32140777,5,1.0,0.23976775,Grigoris Kastanos
-0.19375917,-0.32191598,0.07625131,-0.27820963,0.35542285,-0.02490186,-0.14326519,-0.08699283,-0.34670424,1.2464161,0.25558788,-0.17425309,-0.38545954,-0.38191646,0.13403651,0.025586165,0,1.0,0.06586159,Michael Kayode
-1.1284654,-2.032032,-2.113959,0.3736095,-3.1744957,-1.7865642,1.3249735,0.70022297,-1.1245162,-0.641935,-0.22703789,2.2044835,-0.29223028,0.9258312,0.6380612,-0.041289024,4,1.0,0.10479709,Moise Kean
-0.5701319,0.34656006,-0.1010405,-0.26711887,0.13468102,0.102258444,0.17215605,-0.053607296,-0.0065184236,1.7263649,-0.110018656,-0.2859135,-0.2172378,-0.11912653,-0.022958688,-0.30913472,0,1.0,0.39411482,Michael Keane
0.17567551,0.6553762,0.04068005,-0.22757453,0.03829716,0.63498664,-0.01849012,0.24433635,0.7283721,-0.9910209,-0.073833406,-0.085867085,-0.38632676,0.09731445,-0.16487809,-0.102600016,6,0.9999008,0.11491656,Yassine Kechta
1.1984814,1.2819072,-0.33271253,0.20834783,1.3868915,0.70221925,-0.16983688,0.6290148,1.232689,-0.22003445,-0.34414876,-0.045305103,0.49900898,0.11248833,-0.01862742,0.018955275,1,1.0,0.2345185,Thilo Kehrer
0.35153216,0.3658927,0.053076945,-0.08590845,0.87983274,0.5516103,-0.19419459,0.008984186,0.3867042,0.5028283,0.16191304,-0.44717038,0.12772343,-0.19220039,0.020566061,0.06732813,7,0.90716475,0.10624866,Mandela Keita
-0.495392,0.3640132,0.040179208,-0.1364874,0.2225455,0.1308596,0.07570623,-0.14123909,0.0013355166,1.5986855,-0.11433481,-0.465628,-0.20035927,-0.15713218,-0.08298706,-0.37231523,0,1.0,0.31101474,Lloyd Kelly
0.018568337,-0.53116167,-0.10512282,-0.1782448,0.48971117,-0.12598291,-0.16579676,0.11163774,-0.32955813,1.2874852,0.39940077,0.05695755,-0.24879864,-0.31720194,0.3573115,0.08173149,0,1.0,0.091386326,Aljoscha Kemlein
1.8929378,0.79784065,-0.30544686,0.36788368,1.8554432,0.57839763,-0.050745904,0.73184705,1.2399242,0.06157671,-0.0051361173,0.0025067367,0.9187617,0.007815838,0.1528337,0.021639138,1,1.0,0.056560528,Marc-Oliver Kempf
-0.5094881,-0.023131132,-0.05504939,-0.27290392,-0.013389442,-0.021992587,0.11169295,-0.107755154,-0.23325565,1.5375868,-0.05747989,-0.038492844,-0.48544717,-0.176873,0.02441582,-0.24252024,0,1.0,0.13461557,Luca Kerber
0.48854652,0.9689392,0.89024067,0.20067525,0.24472818,0.36055526,-0.082642876,0.29117215,0.77733755,-2.5483663,-0.4567892,-0.39317212,0.36315057,-0.036670506,-0.5762844,-0.058057494,6,1.0,0.4035318,Milos Kerkez
0.0850878,0.06708726,0.93933517,0.05473753,-0.32478932,-0.09480589,-0.13250321,-0.1523141,-0.10271926,-1.7433102,-0.0048932135,-0.37059537,0.24441561,0.06822859,-0.33703518,0.08491484,6,0.9997606,0.15841228,Bilal El Khannouss
-0.75321305,-0.139078,0.11376779,-0.1898376,-0.8066292,-0.46456426,0.09004052,-0.46423364,-0.63409853,0.47816285,-0.1794171,0.21137425,-0.5988009,0.13059902,-0.16221234,-0.009266593,5,1.0,0.11338434,Wahbi Khazri
0.23654309,1.1349552,-0.07021922,-0.3067598,0.5438099,0.9107704,-0.0056771934,0.043372247,0.8724816,-0.5755571,-0.0957191,-0.58330363,-0.2916836,0.06981529,-0.12115947,-0.023607902,1,0.8055712,0.19762695,Rani Khedira
-0.5249984,0.037704974,0.004950851,-0.21785241,0.34800607,0.094991185,0.041784942,-0.16756433,-0.12740599,2.0783594,-0.052738063,-0.46842253,-0.22207406,-0.3209774,0.014034569,-0.35871124,0,1.0,0.32458657,Abdukodir Khusanov
1.0488278,-0.35176736,-0.2584231,0.06654123,1.5898756,0.30757722,-0.33746293,0.30305037,0.33121923,1.5179181,0.70620775,-0.50064355,0.55032086,-0.5174583,0.5768603,0.06828487,7,1.0,0.21218303,Abdukodir Khusanov
1.3920804,0.42343432,-0.25312895,0.18745545,1.8406981,0.5518377,-0.21802089,0.43011385,0.91348004,0.88866377,0.33567226,-0.33893636,0.7993879,-0.35359487,0.3337044,0.030599229,1,0.99894774,0.12170982,Kialonda
-0.76277447,-1.1441015,-1.2118055,0.07727768,-1.989153,-1.0181626,0.69490623,0.48738983,-0.7358659,-0.17077011,-0.2974463,1.6207433,-0.50793666,0.6342089,0.28639802,0.051569544,4,1.0,0.2457329,Kiké
2.112891,1.4187558,-0.3524884,0.5256394,2.082775,0.7816589,-0.036367178,0.9433645,1.6397372,-0.37122115,-0.2449189,-0.055594854,1.0790184,0.13969603,0.018881992,0.00409431,1,1.0,0.09281893,Max Kilman
0.57272696,0.36419153,0.77995837,0.15737724,0.041032176,0.17600144,0.016830698,0.6621709,0.48351306,-3.517477,-0.2981313,-0.44847167,0.67758554,0.4318329,-0.313062,0.4986824,6,1.0,0.31691733,Joshua Kimmich
-0.6621461,-0.937928,-0.7246065,0.04345464,-1.4378599,-0.69299877,0.35199308,0.10990879,-0.6480559,-0.18952739,-0.06297155,1.1884897,-0.4415488,0.50411123,0.17537355,0.1573953,4,1.0,0.07982926,Joshua King
1.8441273,0.9066277,-0.22385792,0.25933844,1.9761497,0.7375215,-0.12506263,0.6460688,1.347866,0.028472748,-0.017598972,-0.22946958,0.9099559,-0.061860353,0.045295715,0.1453309,1,1.0,0.109111264,Cédric Kipré
0.6068231,-0.15322821,-0.18778427,0.0040024593,1.2795081,0.23433432,-0.25193816,0.2608334,0.23014721,1.3394927,0.46785682,-0.42457312,0.39713448,-0.5326686,0.33920315,-0.0049769804,7,1.0,0.051203795,Jakub Kiwior
-0.8847066,-1.8565172,-1.3734677,0.42692912,-2.623402,-1.3946929,1.1525443,0.53306687,-0.7531465,-1.5409926,-0.34915054,1.6412389,0.03512729,0.8414853,0.2593668,0.21052155,4,1.0,0.3553154,Tim Kleindienst
1.6172267,0.47972506,-0.28034878,0.2925065,1.8757461,0.560496,-0.20380786,0.5247731,1.0054914,0.72843397,0.27000463,-0.31102154,0.88218075,-0.26990578,0.33744216,0.023835719,1,1.0,0.07881586,Lukas Klostermann
-0.47619876,-1.4186475,-0.19165678,0.56029195,-1.5868584,-0.7188697,0.48543233,0.01950637,-0.4828644,-2.278883,0.058289774,0.79321945,0.6466595,0.51082313,-0.21893516,0.3751415,2,1.0,0.14961669,Justin Kluivert
-0.57547843,-0.63432467,0.4388038,0.27713206,-0.9771833,-0.6527874,-0.06452383,-0.39449292,-0.57342327,-1.2657562,-0.025281288,0.20091745,0.11655741,0.16505617,-0.26762635,0.08820492,2,1.0,0.13527742,Ansgar Knauff
0.32732746,0.33987898,0.05283124,-0.10748181,0.8090614,0.4677228,-0.117644235,0.07906775,0.34107187,0.34652176,0.1610995,-0.34016123,0.03043387,-0.15839818,0.012284085,0.051008675,3,1.0,0.07219492,Magnus Knudsen
1.5039258,1.2731419,-0.25340676,0.2749819,1.8384635,0.64223295,-0.2182866,0.690636,1.2116764,0.27881745,-0.17870915,-0.35788172,0.9509582,-0.07017676,0.10467118,0.05747794,1,1.0,0.37288862,Robin Koch
-0.17890516,-0.4154799,-0.016841963,-0.21389604,0.39705744,-0.07808516,-0.10851355,-0.03622355,-0.38444006,1.3947499,0.27248815,-0.10081231,-0.3379579,-0.36547345,0.21386904,0.026836284,0,1.0,0.028908487,Magnus Kofod Andersen
-0.24424446,0.09667444,0.42967743,-0.0460575,-0.14252089,-0.16595986,-0.24358654,-0.4162684,-0.3309207,0.06846435,0.14199775,-0.06724829,-0.20073579,-0.09660458,-0.07704727,0.008831002,3,0.9779648,0.06765719,Derrick Köhn
0.98729026,1.4509411,-0.21797447,-0.07971579,1.155475,0.93384343,-0.024246484,0.36533898,1.3402418,-0.84278375,-0.26270574,-0.24641185,0.11414007,0.046307504,-0.21389586,-0.017317303,1,1.0,0.1057421,Dominik Kohr
-0.7212448,-0.7571787,-0.6396575,-0.23253283,-0.7425182,-0.56097686,0.2856176,0.12726584,-0.77684397,1.3200117,-0.035164364,0.90322727,-0.77979416,0.06451194,0.35440627,0.12725066,5,1.0,0.18289903,Koka
0.7061188,0.7444152,-0.00689663,0.054174118,0.63681227,0.45198908,-0.15089828,0.39238283,0.68241584,-0.820472,-0.24495177,-0.020126773,0.104538985,0.05851999,-0.025950782,-0.042501204,3,0.9815808,0.13843982,Koke
0.23357813,1.0139246,0.14287138,-0.093864955,0.30532905,0.6802099,-0.18397368,0.13996868,0.6822395,-0.74518406,-0.31376767,-0.4837623,-0.060402025,0.08879411,-0.1663793,-0.14668688,3,0.99983495,0.1726003,Sead Kolašinac
-0.8135506,-0.81875837,-0.60725015,-0.078200944,-1.2395529,-0.63083583,0.29155678,0.0622984,-0.7709935,0.2853483,-0.14802529,1.0634075,-0.6323194,0.42050087,0.14242357,0.26333258,4,0.6684728,0.10833833,Randal Kolo Muani
0.9768331,-0.25127003,-0.20421244,0.08016565,1.4275037,0.23070848,-0.30316025,0.26578218,0.33376095,1.1476195,0.62373847,-0.40150198,0.47022638,-0.42701602,0.48188192,0.10873511,7,1.0,0.26632902,Marco Komenda
-0.43126956,-0.624269,-0.033106446,-0.16764894,-0.23282054,-0.34562457,-0.08078616,-0.31251422,-0.64413005,1.1370435,0.24237867,0.37430575,-0.59368104,-0.11822697,0.12062612,0.12852886,5,1.0,0.08704062,Mert Kömür
1.4249852,1.0660232,-0.24616815,0.31350675,1.5013644,0.55180717,-0.13485575,0.6987196,1.1167428,-0.32549658,-0.28436625,-0.07125765,0.7124473,0.06586276,0.029882133,-0.048812352,1,1.0,0.12686333,Ibrahima Konaté
1.4565095,0.9526702,-0.25965977,0.19712484,1.4404842,0.67778367,-0.1193707,0.44299158,1.2376516,-0.3534145,-0.21013246,-0.09703041,0.40918115,0.0648455,0.0172624,0.033143707,1,1.0,0.19130087,Geoffrey Kondogbia
0.48121357,0.3945198,0.008888289,-0.12581766,0.9019535,0.5641857,-0.15008341,0.10141386,0.4751802,0.34169376,0.1635456,-0.30820215,0.07341366,-0.15558796,0.06287797,0.099844575,1,0.77108663,0.114321634,Amadou Koné
-0.039136693,-0.5790201,-0.08896957,-0.20404798,0.46360314,-0.07296605,-0.15613559,0.07408452,-0.4027571,1.4002104,0.3547209,-0.01807704,-0.27066156,-0.3698876,0.33203906,0.072402015,0,1.0,0.083706245,Ismaël Koné
0.6278895,0.37410927,-0.2770546,0.04843145,-0.1218932,0.3190222,0.03673543,0.5500654,0.7865766,-1.2857519,-0.14637032,0.48268864,0.08914328,0.24333787,-0.07953249,-0.20743561,6,1.0,0.1749809,Manu Koné
1.2568877,0.93464315,-0.21920873,0.240684,1.4760164,0.6158616,-0.21320364,0.4951163,0.98662543,0.2675416,-0.084936894,-0.2522697,0.61399025,-0.0380646,0.08198537,-0.006513737,1,1.0,0.11538945,Ezri Konsa
-0.22575936,-0.4324422,0.32165554,0.081220426,-0.6491811,-0.3014116,-0.101909585,-0.14183988,-0.28783286,-1.1691183,-0.020016722,0.27454245,0.10078973,0.23637885,-0.25561792,0.09445325,2,1.0,0.11084004,Teun Koopmeiners
0.101115614,-0.03756837,-0.10113697,-0.1272679,0.8433396,0.20678328,-0.121539086,0.09049493,0.037983775,1.3767239,0.23610403,-0.33574122,0.016377091,-0.36749148,0.22755876,-0.028940462,7,1.0,0.06391986,Odilon Kossounou
-0.5935997,-0.3068372,0.07087435,-0.22182083,-0.2447463,-0.23811421,0.029700264,-0.36824864,-0.5170375,1.3732449,0.04316557,0.1595663,-0.66635287,-0.19805777,-0.011796728,-0.079310186,0,0.9745683,0.044686496,Christian Kouamé
-0.76958644,-0.623243,-0.27626145,-0.18815258,-0.76731986,-0.6518023,0.1699854,-0.2892931,-0.85418916,1.2931845,-0.092102975,0.62282556,-0.7578147,0.04996276,0.0935809,0.026522838,5,1.0,0.11872353,Christian Kouamé
-0.044327527,-0.06619893,0.11383888,-0.2283256,0.54405326,0.081543,-0.11604643,-0.038146418,-0.1941138,1.0289152,0.23200426,-0.32766145,-0.12595516,-0.37396443,0.15395421,0.02711995,0,1.0,0.053830303,Henri Koudossou
1.486884,1.0415238,-0.18874009,0.29360777,1.6260803,0.6921903,-0.1372696,0.6137045,1.1512742,-0.24319404,-0.15235332,-0.20723315,0.72252685,0.046737358,-0.009847969,0.031721346,1,1.0,0.065063514,Konstantinos Koulierakis
0.6941925,0.99101985,0.40841013,0.039919563,0.27376893,0.5051681,-0.07785858,0.54734594,1.0097286,-2.2950041,-0.43445134,-0.1659144,0.041317575,0.20580629,-0.32970726,-0.044043653,6,1.0,0.12509573,Jules Koundé
0.06999986,-0.09624315,-0.12116684,-0.18746011,0.812385,0.19467303,-0.07941313,0.09258039,0.028058097,1.5810248,0.23067763,-0.3776612,-0.008232199,-0.37085772,0.22848979,-0.09409583,7,0.98367995,0.09055885,Boubakar Kouyaté
0.9723718,0.5016751,-0.18261494,-0.15773258,0.021930188,0.49976566,0.0690829,0.8428107,1.1670545,-2.2226002,-0.30399847,0.38192418,0.17833874,0.32793283,-0.107483275,0.21419293,6,1.0,0.2768077,Mateo Kovačić
-0.80658007,-0.80229723,-0.6981515,-0.119054824,-1.114345,-0.72014153,0.28591,0.07332532,-0.8934946,0.8951309,-0.11000596,1.0446353,-0.7483252,0.26563278,0.29778892,0.13344657,5,1.0,0.1286916,Goduine Koyalipou
0.26326677,0.8100989,0.14449468,-0.15517575,0.32454768,0.6361342,-0.055311806,0.053879026,0.6762907,-0.7214952,-0.11701116,-0.3663875,-0.21687579,-0.01422435,-0.17217134,-0.19711128,6,0.8309081,0.11204529,Alex Král
-0.32487905,-1.6335558,-0.6738295,0.6003587,-1.8758698,-1.0176045,0.71820694,0.33561346,-0.46323326,-2.7317529,-0.08207159,1.0107158,0.73659164,0.62012625,-0.19056535,0.1505158,2,1.0,0.16528282,Andrej Kramarić
-0.24032131,0.098737314,0.5377963,-0.20540576,-0.09094398,-0.017211758,-0.24293292,-0.45044073,-0.25518808,-0.036651112,0.11722973,-0.35876718,-0.2875894,-0.11618219,-0.1662715,0.042280696,3,0.9999866,0.059332944,Frans Krätzig
0.052467227,0.0129546,0.11065922,-0.12878405,0.5570282,0.14187689,-0.14183272,0.058635693,-0.0489968,0.6838433,0.17709178,-0.13056433,-0.1509481,-0.25467736,0.12447655,0.024449542,0,0.997847,0.09425586,Tom Krauß
1.7699432,0.9134882,-0.42885697,0.42821813,1.5354803,0.50315475,-0.067434445,0.8590812,1.2141154,-0.40740615,-0.21613096,0.20452665,0.8201548,0.115784585,0.082890406,-0.077296756,1,1.0,0.1581746,Ladislav Krejčí
0.7523109,0.64998555,0.18207046,-0.03138919,0.15192233,0.48494995,-0.035135284,0.6374069,0.9374683,-2.0493505,-0.3158731,0.14469379,0.13675264,0.22437933,-0.23543933,0.047845125,6,1.0,0.1934078,Rasmus Kristensen
1.058867,0.27525544,-0.18887086,0.1334072,1.3181312,0.40897948,-0.18600018,0.32438493,0.60172457,0.64495206,0.3151753,-0.14585993,0.5104369,-0.29765218,0.2668671,0.03982068,1,0.99058986,0.07532262,Thomas Kristensen
-1.0334156,-1.3074601,-1.301304,0.38166893,-2.2273617,-1.3535002,0.92911977,0.45400128,-0.8591252,-1.0779151,-0.26950967,1.6674762,-0.15763584,0.69184226,0.24988806,-0.04179492,4,1.0,0.11781496,Nikola Krstović
-0.22724396,1.0115799,0.0016838759,-0.32539412,-0.07692153,0.42823285,0.19184639,0.47202215,0.5550617,-0.5495609,-0.19005384,-0.05222156,-0.33145836,0.18516603,-0.23929477,-0.19044322,3,1.0,0.6280222,Lukas Kübler
-0.14217645,-0.47100276,1.012034,0.31633043,-0.8792115,-0.6441211,0.08493671,-0.37736997,-0.3295511,-2.159889,0.13246807,0.12834163,0.6096795,0.0031163543,-0.53123975,-0.0024846718,2,0.99999815,0.27963993,Takefusa Kubo
-0.3636901,-0.82226604,0.07368083,0.51352614,-1.2422893,-0.7965915,0.1361412,-0.14094493,-0.30151582,-1.7816926,-0.044127017,0.73407865,0.40377536,0.3319988,-0.28594685,-0.16082555,2,1.0,0.15872554,Mohammed Kudus
-0.49997374,-0.39380997,1.3247113,0.29917204,-0.97235984,-0.81705314,0.23089887,-0.45362598,-0.5530845,-2.799753,0.1340757,-0.19177803,0.8109278,-0.0132945925,-0.65817904,0.22718403,2,1.0,0.1322593,Dejan Kulusevski
-0.031790107,0.027943678,0.07579752,-0.17226842,0.57477134,0.19951281,-0.11014286,-0.036415536,-0.09549505,1.0179963,0.1385279,-0.3650159,-0.10203357,-0.3416996,0.13111255,-0.018881284,0,1.0,0.07037506,Sael Kumbedi
1.663251,1.3544148,-0.29519868,0.29067478,1.8880862,0.7713096,-0.14842947,0.652478,1.3745089,0.16396175,-0.15609561,-0.3377967,0.9118945,-0.021181852,0.07621822,0.03269382,1,1.0,0.19688234,Marash Kumbulla
0.14255366,-0.5284021,-0.16486536,-0.18261614,0.8063473,-0.009340443,-0.19033793,0.18071674,-0.24433556,1.6636152,0.43890715,-0.1679433,-0.14626887,-0.4438208,0.3865615,-0.03758555,7,0.9965765,0.090764396,Daler Kuzyaev
-0.76496136,-0.8207936,0.44762623,0.40862992,-1.0343437,-0.7276349,-0.13922276,-0.76814985,-0.8416321,-0.7570356,0.025791626,0.42075264,0.048266508,0.16088921,-0.28775555,0.17753011,2,1.0,0.1700596,Khvicha Kvaratskhelia
-0.49629346,-1.056155,0.4844883,0.26704532,-0.9477089,-0.515638,-0.2815151,-0.76321465,-0.8199535,-0.8538187,0.15382852,0.1576017,0.10798363,0.15621585,-0.22836168,0.32136416,2,1.0,0.21877325,Khvicha Kvaratskhelia
0.15168223,0.70430887,0.90251535,-0.018898837,0.0413929,0.17195728,-0.18518409,-0.100474566,0.27994516,-1.6471096,-0.28953016,-0.4340863,0.027336173,-0.13310383,-0.4782997,-0.0909281,6,1.0,0.087459266,Giorgos Kyriakopoulos
-0.58896327,-0.5405281,-0.14489724,-0.18601689,-0.5326917,-0.44907093,0.060846433,-0.2875907,-0.68143636,0.9801423,0.010211404,0.5483445,-0.6650189,0.03377463,0.09866369,0.15475866,5,1.0,0.041268,Rémy Labeau Lascary
-0.8555484,-1.5479858,-1.1520448,0.26147687,-2.1745353,-1.100598,0.7883076,0.30258957,-0.9010701,-0.77999026,-0.15592955,1.477452,-0.19715036,0.7524113,0.2476337,0.12874757,4,1.0,0.1098902,Gaëtan Laborde
-0.92528,-2.0623696,-1.6591673,0.33893415,-2.8545113,-1.5408655,1.1885589,0.55301154,-1.0122194,-1.053612,-0.2722538,1.8141886,-0.097510934,0.870378,0.33176565,0.18736826,4,1.0,0.19270927,Alexandre Lacazette
1.5343357,1.798507,-0.33718252,0.17493486,1.715866,0.9937372,0.017247528,0.5658423,1.6833681,-0.5107885,-0.24575849,-0.33032155,0.55504435,0.12654978,-0.08221829,-0.088432066,1,1.0,0.3100672,Maxence Lacroix
0.32334298,-0.43184024,-0.17652117,-0.14439875,1.1146944,0.1501214,-0.25855687,0.19874819,-0.08135216,1.7312618,0.4797035,-0.4468593,0.13973576,-0.56749725,0.3596892,-0.030728124,7,1.0,0.08490046,Yoel Lago
0.46064436,0.062057137,0.37042013,0.21132451,-0.23969513,0.11289056,-0.087263845,0.21078448,0.25636443,-1.5477113,0.04620982,0.22143556,0.35480735,0.20411551,-0.117686465,-0.039807416,6,1.0,0.17436323,Konrad Laimer
-0.004712142,-0.116684616,0.04141827,-0.22555733,0.55738443,0.048689634,-0.08688444,0.09128398,-0.1595241,1.0383652,0.23739801,-0.15893699,-0.1631318,-0.31248003,0.18258098,0.01770886,0,1.0,0.04174148,Stefan Lainer
0.63953936,0.7626384,0.5526436,-0.085468166,0.24602191,0.47424194,-0.025350034,0.4425541,0.9160819,-2.2519927,-0.4153263,-0.21432857,0.17637905,0.0804078,-0.31711823,0.1354028,6,1.0,0.1654081,Kenny Lala
-0.28150505,-0.054485552,0.061001174,-0.25538415,0.14436996,-0.035100468,-0.024671063,-0.17156771,-0.26343477,1.1325573,0.073522225,-0.09925587,-0.3515779,-0.2247168,0.060959637,-0.042498045,0,1.0,0.06845738,Tariq Lamptey
-1.0397391,-0.7571997,-0.957518,-0.06545762,-1.5544472,-0.8247952,0.56041706,0.32647696,-0.81515235,0.39044386,-0.20852034,1.3005345,-0.6331854,0.48608118,0.32845458,0.1653875,4,0.988016,0.10112075,Cyle Larin
0.8818817,0.3348828,-0.2704177,-0.051079694,0.44779736,0.42350435,0.05792801,0.50249505,0.95639324,-1.0008892,-0.17299214,0.39652872,0.13244227,0.21350577,0.0013891608,0.07508364,6,1.0,0.16272788,Hugo Larsson
-0.78396475,-0.7053049,-0.6321769,-0.24397367,-0.9039925,-0.6661675,0.2901929,0.029880442,-0.84782207,1.1671332,-0.115308404,0.92243916,-0.79451615,0.15553078,0.28438652,0.103917055,5,1.0,0.14836493,Juanmi Latasa
-0.6058607,0.2699312,0.19534084,-0.23391855,0.032474853,0.013225608,0.037484467,-0.35466054,-0.20355177,1.482797,-0.11491139,-0.3877568,-0.39334813,-0.2778123,-0.17153044,-0.37432188,0,1.0,0.26408467,Toni Lato
0.24713717,-0.2947721,-0.100783065,-0.20802304,0.9193791,0.1382327,-0.21337664,0.187026,-0.089891106,1.3170483,0.44294828,-0.29367346,-0.02341234,-0.4416881,0.3399994,0.09238668,7,0.99873996,0.072777435,Roméo Lavia
-0.26998472,0.14392878,0.95188916,-0.022132352,-0.28238857,-0.18055567,-0.18927805,-0.5136849,-0.3549788,-0.96840894,-0.023207694,-0.50717044,-0.02152785,-0.091247484,-0.43098885,0.044472285,6,0.9988524,0.1409498,Valentino Lazaro
-0.69082415,-0.035028107,0.37922055,-0.13712916,-0.61997837,-0.43799955,0.011868745,-0.51925135,-0.52525425,-0.007247016,-0.05858893,0.032470286,-0.4631817,0.0290571,-0.27158988,-0.010946542,5,0.99999046,0.20892438,Darko Lazović
0.22446337,0.017627746,0.46689487,0.045747675,0.08846458,0.013560861,-0.20843676,-0.20630822,-0.174843,-0.24745363,0.26576453,-0.15997744,0.09886699,-0.14912762,0.019586176,-0.04162585,3,0.99999815,0.22775856,Manuel Lazzari
0.8469603,0.29059166,-0.12436931,0.017730638,1.4185649,0.48526856,-0.25593942,0.2172572,0.6020842,0.8939965,0.32356197,-0.40503636,0.4848964,-0.3699554,0.27900884,0.057332955,7,0.99930215,0.090992495,Julien Le Cardinal
1.0699894,0.55154186,-0.15296273,0.18561623,1.5187933,0.5200771,-0.24801715,0.4093103,0.777391,0.71420294,0.14512438,-0.34998184,0.6563728,-0.29218733,0.16642758,-0.037004657,1,0.70778733,0.12334092,Robin Le Normand
-0.74307275,-1.2595477,0.87787694,0.8490962,-1.6586511,-1.3444077,0.34514463,-0.6029276,-0.8926805,-3.0110986,0.11679001,0.16987108,1.010302,0.16915685,-0.57813525,0.12196974,2,1.0,0.05469504,Rafael Leão
0.30000442,0.16743214,0.26185042,-0.10071657,0.1553149,0.31415436,-0.17700648,0.16111057,0.38198435,-0.9074274,0.023981575,-0.015301773,-0.096190594,0.12820414,-0.086723566,0.15276654,6,0.9992536,0.12798724,Pierre Lees-Melou
1.5219656,1.5594503,-0.14917098,0.28718677,1.8073553,0.93059874,-0.19563124,0.56890774,1.453982,-0.22943723,-0.37250912,-0.53421175,0.7976963,0.025235027,-0.0885862,-0.013415866,1,1.0,0.17893338,Jordan Lefort
1.4923251,1.454809,-0.20446311,0.13352895,1.6210045,0.9803003,-0.09815126,0.47176358,1.481302,-0.70814234,-0.21749176,-0.352907,0.5533361,0.14081603,-0.1804728,0.186712,1,1.0,0.15861593,Diogo Leite
-0.74396336,0.22833394,-0.0872504,-0.28618538,-0.07316976,-0.07897686,0.21596266,-0.10097909,-0.18967208,1.8271846,-0.11988671,-0.1097857,-0.46959472,-0.16242631,-0.028292052,-0.40090352,0,1.0,0.26857242,Maxim Leitsch
2.0925448,1.3954527,-0.5015727,0.47337657,1.8777846,0.65990186,0.08843441,1.0633141,1.795179,-0.89618975,-0.3393348,0.30036336,0.9395034,0.22781366,-0.012729809,-0.10353372,1,1.0,0.18138787,Florian Lejeune
-0.12652999,-0.19181961,0.020195708,-0.24323896,0.5106292,0.071023,-0.080009684,0.010253742,-0.1945491,1.3812153,0.19061913,-0.27324715,-0.23924634,-0.33555678,0.1649037,-0.07785872,0,1.0,0.03224395,Iñigo Lekue
-0.26989454,-0.44459397,0.12758246,-0.07023344,-0.6770612,-0.15275815,-0.11424898,-0.062422942,-0.24023798,-0.8411271,0.076104484,0.32635748,-0.21850328,0.24743521,-0.1373657,0.20811948,2,0.99999905,0.09582381,Félix Lemaréchal
0.3595545,0.42190242,0.039700598,-0.18585733,0.7103305,0.53148866,-0.12661436,0.08400108,0.49884862,-0.026846893,0.123231195,-0.3201493,-0.066635445,-0.044634424,0.011901706,0.052357048,3,0.89539975,0.15957719,Mario Lemina
1.8164512,0.28496957,-0.44057757,0.4142634,1.6512129,0.30437228,-0.14522433,0.6674033,0.95088744,0.67717093,0.24230206,-0.062367328,0.89101,-0.11833009,0.41228324,-0.10753072,1,1.0,0.20582497,Clément Lenglet
1.0987259,-0.44027305,-0.34865117,0.11742552,1.7163264,0.2348288,-0.3873205,0.38663024,0.29155895,1.7666018,0.80042964,-0.5861145,0.61681986,-0.5665785,0.6588399,0.012844428,7,1.0,0.16894796,Giovanni Leoni
-0.97218585,-0.61959094,-0.96511865,-0.16764402,-1.4743066,-0.74072003,0.51122314,0.39964223,-0.7618381,0.57782656,-0.22166677,1.2402824,-0.6808574,0.39570886,0.33355206,0.1385134,5,0.9837532,0.16174926,Esteban Lepaul
0.22353433,0.4962688,-0.018198013,-0.1998396,0.2347645,0.58917576,-0.08632238,0.10674925,0.6010651,-0.43822318,0.033950835,-0.15315142,-0.34438273,0.12663847,-0.040848084,-0.032353036,6,0.6034819,0.11493069,Johann Lepenant
0.6663829,0.7099873,0.042362854,0.0012631789,0.9055198,0.62163484,-0.14883398,0.23628347,0.69530416,-0.26726595,-0.12972604,-0.26934165,0.13705945,0.03395535,-0.07347937,0.041913815,1,0.9999675,0.1680926,Jefferson Lerma
-0.3054533,-0.23044446,0.10489926,-0.28793794,0.044240296,-0.061065458,-0.08017094,-0.14248858,-0.32099175,0.8293835,0.21228102,0.07935041,-0.43422452,-0.1286635,0.053294644,0.15615849,0,0.9977767,0.05757506,Louis Leroux
-0.87960446,-2.1850698,-2.1138034,0.33102936,-3.226368,-1.7201862,1.3283406,0.7207906,-1.0725238,-0.67446756,-0.20408975,2.1641014,-0.26235014,0.94171345,0.61198056,-0.04938758,4,1.0,0.23138162,Robert Lewandowski
-0.36856458,-0.36408794,0.7144991,0.05945591,-0.4988228,-0.6065667,-0.20216839,-0.6433028,-0.62251955,-0.64244694,0.20756301,-0.042534903,-0.046577092,-0.08158815,-0.2656003,0.08609096,2,1.0,0.09866002,Jamie Leweling
0.6389346,0.44778413,-0.023848489,0.18860596,0.5973906,0.39981833,-0.22519918,0.31591457,0.50719213,-0.25242674,-0.108750015,0.001805462,0.19027838,0.07614845,-0.005686313,-0.093765475,3,0.9780552,0.11949275,Rico Lewis
0.26269764,0.4216566,0.8490077,0.14317897,-0.17565732,-0.06944948,-0.05614029,-0.042290326,0.3227474,-1.8741121,-0.20189951,-0.120668404,0.30010286,-0.017028093,-0.40231687,-0.20008641,6,1.0,0.22283053,Keane Lewis-Potter
0.18532775,0.047483414,0.070892654,-0.06068784,0.7189261,0.21625197,-0.13355957,0.09930569,0.016193122,0.757686,0.2144419,-0.22489132,0.03172659,-0.3023197,0.1347023,-0.019780807,7,0.94011575,0.1033413,Myles Lewis-Skelly
1.4444418,1.188048,-0.24017157,0.43801802,1.5166856,0.6630683,-0.1881093,0.7450561,1.1546546,-0.32037577,-0.3826815,-0.18537065,0.7400549,0.09079479,-0.027145676,-0.11118812,1,1.0,0.2773053,Philipp Lienhart
1.1899436,0.86935383,-0.23761491,0.23141924,1.3973482,0.56690055,-0.11085421,0.5057365,0.9652803,0.25303742,-0.036361217,-0.05740329,0.522767,-0.016728416,0.14175895,0.0017554313,1,1.0,0.11688087,Matthijs de Ligt
0.15199304,-0.31395477,-0.13034524,-0.17547598,0.98195714,0.16720855,-0.19178276,0.13595246,-0.11611367,1.7554967,0.3547781,-0.495622,0.11644245,-0.5123011,0.31283474,-0.06333434,7,0.9999427,0.10316739,Victor Lindelöf
-0.6701987,0.2282805,0.39997262,-0.2175312,-0.55420387,-0.2592542,-0.09902086,-0.59222704,-0.4505868,0.11680892,-0.19172019,-0.27813497,-0.6288443,-0.11739262,-0.26075405,-0.18805805,3,1.0,0.19701788,Jesper Lindstrøm
-0.09625986,0.37854034,0.04431571,-0.18894851,0.4743414,0.33022627,-0.044288956,-0.0028687073,0.13592383,0.68703777,0.06738072,-0.23220675,-0.16274762,-0.08997201,-0.005863473,-0.041272305,7,0.8571385,0.062914416,Karol Linetty
-0.36371297,-0.69447184,0.07425617,0.3919515,-1.107864,-0.68557173,0.027885363,-0.16965641,-0.30929297,-1.3321418,-0.018625617,0.6505019,0.21171612,0.29644805,-0.21917614,-0.16131476,2,1.0,0.10714265,Samuel Lino
-0.3310723,-0.19452405,0.040240422,-0.2732276,0.1937916,-0.024313591,-0.003479123,-0.16573222,-0.3327021,1.3790228,0.117474385,-0.116106085,-0.43386707,-0.29884112,0.09061122,-0.025405757,0,1.0,0.031175772,Pol Lirola
-0.7623273,-0.08870756,-0.09156595,-0.24211764,-0.6408632,-0.37539345,0.22709318,-0.28873634,-0.51885444,1.2725351,-0.16986458,0.35956195,-0.7521962,0.027874783,-0.012186378,-0.19693866,5,1.0,0.11150718,Dailon Livramento
0.7326466,1.1250248,0.47417444,0.03999909,0.5709906,0.6536105,-0.14918645,0.29818213,0.8838942,-1.7439562,-0.42077786,-0.4315408,0.11008834,-0.04731974,-0.3914156,-0.092976235,6,1.0,0.24366228,Valentino Livramento
1.885416,1.0807617,-0.37746906,0.350182,1.9291441,0.6883493,-0.097433336,0.69075155,1.3688232,0.1787858,-0.004360188,-0.085435234,0.9103399,-0.009238571,0.15753725,0.0851012,1,1.0,0.069571674,Diego Llorente
0.39170256,0.9473741,0.5351475,-0.10430926,0.089581296,0.6145228,-0.09182551,0.26089728,0.92451906,-2.1671593,-0.33473235,-0.3738496,-0.075561464,0.012848809,-0.33130634,-0.031182177,6,1.0,0.16700423,Marcos Llorente
1.64201,1.6342108,-0.25420314,0.23582378,1.8270674,0.93174905,-0.12773585,0.5330729,1.5911325,-0.38306248,-0.3013298,-0.38218412,0.7238301,0.044684276,-0.06758516,0.04562734,1,1.0,0.16853225,Gautier Lloris
-0.2242488,-0.7621234,0.2833277,0.08465961,-0.7304765,-0.22234681,0.10799305,0.031027593,-0.50599396,-1.8642216,0.04016816,-0.016833091,0.48357973,0.26323947,-0.22929789,0.521596,2,1.0,0.41937447,Giovani Lo Celso
1.2832749,0.65319425,-0.05311753,0.23458093,1.1777478,0.5305864,-0.05245041,0.53358096,0.96374,-0.72276646,-0.13966954,0.0076557416,0.50244915,0.07630442,-0.05550787,0.037121028,1,1.0,0.15979849,Stanislav Lobotka
0.93831444,1.4064256,0.04145527,-0.21619463,0.653839,0.8110808,-0.0523787,0.7516273,1.2906673,-2.2962053,-0.6134181,-0.31722704,0.0090082735,0.18175587,-0.18312347,0.15962824,6,1.0,0.2504108,Manuel Locatelli
0.007059671,-0.27379853,0.12070863,-0.18672514,0.5166563,0.009570889,-0.21337786,-0.009693624,-0.27812457,0.91125077,0.306354,-0.16592629,-0.13348465,-0.40057397,0.16663918,0.06199697,0,1.0,0.09179078,Ruben Loftus-Cheek
-0.27016324,-0.21303123,-0.006884411,-0.1969779,0.44368395,0.06332891,-0.08287215,-0.06787416,-0.21379036,1.6423076,0.08418374,-0.30902734,-0.29374743,-0.3282795,0.13321379,-0.18329966,0,1.0,0.055280805,Enzo Loiodice
-0.3227475,-0.12895733,0.0060573816,-0.24686283,0.37807226,0.10004535,-0.04338397,-0.09356889,-0.15865393,1.5535257,0.037738714,-0.2713373,-0.34517607,-0.24147522,0.10038188,-0.15856194,0,1.0,0.07733496,Sean Longstaff
-0.7665595,-1.7688007,0.06920288,1.0152001,-2.1447525,-1.3562057,0.5990735,-0.3773534,-0.7094349,-3.0594676,-0.022180125,0.9115085,0.9865144,0.46546113,-0.5014174,0.119195044,2,1.0,0.18695562,Ademola Lookman
1.749003,0.73835456,-0.33394957,0.35129306,1.7185276,0.47732195,-0.15387087,0.7751665,1.1458526,-0.04837122,-0.046366014,0.0015678406,0.8368407,-0.0052794516,0.1342453,0.0014744103,1,1.0,0.1415505,David López
-0.5580319,-0.8028648,0.23686177,0.41888773,-1.3785732,-0.88306797,0.25088245,-0.13824652,-0.42079657,-2.056592,-0.11512561,0.58794546,0.3153832,0.1885089,-0.41451374,0.08518262,2,1.0,0.12549777,Diego López
-0.35878676,-0.6862161,0.03294511,0.003085956,-0.39031282,-0.29553378,-0.19432408,-0.4273585,-0.64984757,0.58814603,0.28726494,0.39727226,-0.38588244,0.039938435,0.10163972,0.22582275,5,1.0,0.15327537,Fer López
-0.46503374,-1.1464245,-0.16387458,0.19730702,-1.2380071,-0.5382682,0.14449133,-0.16008896,-0.60272735,-1.0697756,0.024368148,0.62762207,0.040476553,0.43849027,-0.120520666,0.31910905,2,0.996855,0.14014307,Fermin López
0.42386848,0.5165393,0.09271678,0.03626991,0.7757083,0.52761734,-0.16656741,0.0266807,0.4076531,0.33377132,-0.011840977,-0.40415612,0.1627664,-0.18475986,-0.041916974,-0.06300893,3,1.0,0.097639166,Javi López
0.79303825,0.108769864,-0.19908209,0.05973514,0.4439912,0.24009472,-0.1001518,0.47702977,0.552448,-0.52852124,0.045012746,0.44397405,0.11631764,0.10835615,0.0982935,0.003063567,3,0.99998754,0.13689312,Unai López
-0.3495535,0.3843131,0.07841965,-0.225276,0.34931272,0.27530643,0.0072945952,-0.18689041,0.06397703,1.0929879,-0.028449826,-0.46972063,-0.24323845,-0.19867148,-0.067174196,-0.172463,0,0.99999046,0.13245307,Anthony Losilla
-0.2832165,0.12024894,0.22318073,-0.26236987,0.053695332,0.03003575,-0.14759794,-0.2769134,-0.20405819,0.70105463,0.029512193,-0.21016067,-0.38390926,-0.13391234,-0.05029831,-0.032761537,0,0.9996872,0.069203004,Tom Louchet
0.06783742,0.2172481,0.39899486,-0.09181459,-0.34013307,0.27094004,-0.14487234,0.101520255,0.3215948,-1.5452671,-0.014613859,-0.031498097,0.030291282,0.102464914,-0.24361598,0.13711384,6,0.99862003,0.07116229,Sandi Lovrić
-0.0021889135,0.9412837,0.03490895,-0.25154746,0.4688658,0.68597794,-0.13407499,0.024364378,0.54381007,-0.19958794,-0.2035548,-0.6949868,-0.21292143,0.02257584,-0.06738629,-0.09307889,3,0.99925077,0.12782618,Pol Lozano
-0.8522047,-1.0607685,-1.2029035,-0.015186317,-1.8686057,-0.9149853,0.64926577,0.47120333,-0.82916933,0.23686531,-0.25459749,1.5456674,-0.6292009,0.57159376,0.4046359,0.15803145,4,1.0,0.19916312,Lorenzo Lucca
1.7362965,1.0422324,-0.31292248,0.4150638,1.5950656,0.64696944,-0.094299756,0.669371,1.30379,-0.2893721,-0.20223054,-0.023371274,0.6567159,0.10520658,0.038181305,-0.11932831,1,1.0,0.16244201,Jhon Lucumí
0.07597389,0.8861802,0.55568117,-0.24274182,0.12359208,0.510695,-0.10143165,-0.1413423,0.42976975,-1.1408141,-0.297315,-0.6955566,-0.2594097,-0.15955408,-0.30647713,-0.047608234,6,1.0,0.13221677,José Luis Gayà
-0.37775934,0.605891,0.021768823,-0.15379205,0.42993468,0.42314652,0.04489425,-0.06059415,0.2532898,1.2661827,-0.095781356,-0.5725648,-0.053210054,-0.10965945,-0.11273605,-0.24948084,0,1.0,0.35614666,José Luis Palomino
0.19005917,-0.7150045,0.07952892,-0.019754916,0.47356534,-0.06792622,-0.29278195,0.006191332,-0.42963746,1.0043046,0.5774988,-0.10169125,-0.0486099,-0.31753457,0.37188405,0.104042575,0,0.99514997,0.27894214,Douglas Luiz
-1.2793372,-1.7600777,-1.3439004,0.3831684,-2.5385523,-1.5634141,1.0151331,0.29291296,-1.1287663,-1.0725131,-0.16991271,1.6541243,-0.15956837,0.8738127,0.26668897,0.18254772,4,1.0,0.37750202,Romelu Lukaku
0.95483243,0.31745696,-0.11939077,0.12591746,1.3340586,0.43840218,-0.20343396,0.31270397,0.58876085,0.5908535,0.26370615,-0.24795406,0.43268153,-0.28387475,0.18748531,0.03592915,7,0.8115116,0.04642843,Castello Lukeba
-0.414141,-1.4465791,-0.27165782,0.8118873,-1.8027387,-1.1433176,0.55833095,0.010547118,-0.39112628,-2.4813714,0.04641463,1.1833341,0.60322154,0.49394512,-0.31550655,-0.21521378,2,1.0,0.25832057,Dodi Lukebakio
0.22970024,0.91650915,0.1574551,-0.24530384,0.31611508,0.7553138,-0.08993914,0.16519961,0.789821,-1.2056098,-0.22078903,-0.4723085,-0.27085897,0.09120737,-0.11817967,0.013095014,6,0.9999695,0.07450264,Saša Lukić
0.56081295,1.6233133,-0.08138962,0.03002002,0.94605523,0.85742205,-0.14695902,0.3871055,1.0809987,-0.3503772,-0.45164418,-0.6316441,0.2552068,0.12955353,-0.16980566,-0.28399503,1,0.99999046,0.30864614,Sebastiano Luperto
-0.6422354,-0.4774837,0.43673652,0.14932871,-0.7040387,-0.6946471,-0.14611217,-0.7333327,-0.77261597,-0.107142396,0.028134232,0.20474948,-0.32556266,0.044671208,-0.3053922,-0.03791108,2,0.99999905,0.21347566,Zito Luvumbo
-0.15944643,0.14542633,0.3492393,-0.22183198,0.19161057,0.06566587,-0.18241003,-0.24734536,-0.16444117,0.38007402,0.14177251,-0.33012018,-0.19659099,-0.16857307,-0.06233538,0.042693518,3,0.99749315,0.13933615,Charalambos Lykogiannis
0.46455187,1.5096611,-0.18498637,-0.29000336,0.8645228,1.1217909,-0.01621607,0.088424966,1.2428018,-0.7625525,-0.2139194,-0.6741124,-0.1906904,0.14403519,-0.1533198,0.02433525,1,0.99955374,0.17750339,Senne Lynen
-0.15833503,0.03153424,0.6335393,-0.007296011,-0.15560043,-0.06547191,-0.300895,-0.4127472,-0.31554127,-0.33441544,0.14293647,-0.2053006,-0.1229773,-0.10270841,-0.15200159,0.057382535,3,0.99958146,0.059580922,Ian Maatsen
0.29172182,0.7033492,0.19291273,-0.3334341,-0.11786659,0.5988766,0.07578908,0.6623455,0.8426852,-2.716636,-0.30540937,-0.3343526,0.02148857,0.36134022,-0.15891816,0.39942613,6,1.0,0.25204277,Alexis Mac Allister
0.017624147,0.117078364,0.4239611,-0.047930356,-0.12286867,0.11378001,-0.22568473,-0.08715963,0.09018326,-0.8245757,0.02136517,-0.073676564,-0.16209221,0.094310224,-0.15974432,-0.006633185,6,0.9589166,0.06434182,Deiver Machado
-0.44061092,-1.284991,-0.55883104,0.22380015,-1.4279257,-0.67964715,0.4080261,0.10867332,-0.6494769,-0.65353066,-0.0980511,1.067478,-0.094503455,0.57657015,0.027498618,0.25046527,4,1.0,0.22090423,Shuto Machino
-0.7054579,-0.09224754,0.008980632,-0.17411608,-0.44854915,-0.35977522,0.17136274,-0.36529338,-0.47631133,1.5095288,-0.14145947,0.22955486,-0.6889272,-0.05581537,-0.021732219,-0.23575813,5,0.99980354,0.10036103,Darwin Machís
-0.17376614,-0.26632923,-0.00810796,-0.14631411,0.36513424,-0.08534048,-0.06466773,-0.001263015,-0.27846694,1.368153,0.14075272,-0.06939806,-0.33054453,-0.2908003,0.19630766,-0.08738517,0,1.0,0.063292876,Yvann Macon
0.1443345,-0.94952357,-0.37284482,0.16298327,-0.9787677,-0.2400499,0.2563551,0.54968965,-0.10555487,-2.3803315,-0.07592308,0.46742624,0.5746568,0.47144783,-0.18817297,0.40946737,2,1.0,0.21866933,James Maddison
-0.63264763,-1.1508368,-0.14578097,0.75749683,-1.7829411,-1.1985766,0.41543776,-0.23222324,-0.5584067,-2.0859337,0.041222923,1.0052081,0.47626612,0.32241908,-0.29313987,-0.20273066,2,1.0,0.24402256,Noni Madueke
0.2614622,0.99940014,0.82541996,-0.17431563,0.28289446,0.4361877,-0.13552551,-0.10914025,0.4102894,-1.5207201,-0.37341255,-0.8003689,-0.09727023,-0.30889967,-0.451342,-0.055668242,6,1.0,0.17890033,Pablo Maffeo
1.6889209,0.4274758,-0.4097373,0.37590873,1.3787793,0.26771885,-0.095942944,0.78769356,0.9161967,-0.04581531,0.015139634,0.19209398,0.85762334,0.09151457,0.2855934,-0.01507552,1,1.0,0.16696689,Gabriel Magalhães
0.38078722,0.15336214,-0.028929725,-0.17794165,0.8435973,0.39751017,-0.16470826,0.093280375,0.2932496,0.59262764,0.29726362,-0.22346143,-0.006423965,-0.23322454,0.15410638,0.13052371,7,0.9995938,0.12312861,Soungoutou Magassa
-0.17309266,0.2758212,-0.043872252,-0.16008031,0.49721834,0.23400578,0.055515185,0.062191825,0.12299302,1.4018546,-0.011290576,-0.35398415,-0.0064697415,-0.17918132,0.066449955,-0.1513691,0,1.0,0.1826608,Giangiacomo Magnani
0.27982903,0.81599474,-0.028483897,-0.12715141,0.73368204,0.6515779,-0.117723435,0.080057606,0.58587044,0.0750558,-0.11675747,-0.4266631,-0.09938926,-0.008876935,-0.029822819,-0.063725226,3,0.99695677,0.07753397,Hugo Magnetti
-1.0650945,-0.6126854,-0.77364385,-0.110679485,-1.4211087,-0.81214684,0.5230852,0.12112838,-0.8581337,0.5932163,-0.22565697,1.0642405,-0.6616547,0.34483048,0.2171228,0.12403465,5,1.0,0.11697409,Frank Magri
0.6139407,0.87163687,-0.04146388,0.048706003,1.1402355,0.6847495,-0.1487889,0.26099822,0.72659117,0.3732695,-0.02233537,-0.36117837,0.33390215,-0.04804244,0.06755397,0.01618974,1,0.9848232,0.13140808,Harry Maguire
-0.38949335,-0.28707242,0.26633593,-0.09820691,-0.14304985,-0.2723694,-0.19611298,-0.45509395,-0.5115653,0.524723,0.20759155,0.11797336,-0.39483956,-0.12102289,-0.03730099,0.12035605,5,0.9998302,0.08545515,Arne Maier
1.8376617,1.7382925,-0.35758168,0.38297638,1.9601012,0.96975017,-0.08180294,0.6775698,1.7252022,-0.3888529,-0.31060064,-0.30954704,0.8368819,0.14915627,-0.035479605,0.020969093,1,1.0,0.14560638,Patrick Mainka
0.15797643,0.48730582,0.11270176,-0.18526402,0.476101,0.5704275,-0.12797631,0.024588663,0.36137733,-0.035813607,0.021578036,-0.4061084,-0.19026259,-0.04038886,-0.014506623,0.037404858,3,0.99290514,0.069024146,Kobbie Mainoo
0.17100067,0.82966256,0.32023916,-0.22706527,0.10910194,0.5777462,-0.029651493,0.2640301,0.7213206,-1.7756591,-0.22217803,-0.38314676,-0.21855348,0.15208861,-0.15069072,0.06454307,6,1.0,0.07947953,Ainsley Maitland-Niles
-0.23021585,-0.20994598,-0.004435867,-0.23343095,0.47618824,0.071095854,-0.036641866,-0.07783389,-0.21939275,1.6682054,0.12931159,-0.3498164,-0.25601578,-0.35644615,0.14388806,-0.17028403,0,1.0,0.06522152,Jordy Makengo
0.5586062,0.43760163,-0.02851741,-0.021722361,0.8191363,0.5179534,-0.20953849,0.16486733,0.5314923,0.032951284,0.07701333,-0.28425503,0.060424514,-0.09651092,0.07932551,0.04206392,1,0.9898079,0.11537887,Antoine Makoumbou
0.80502737,-0.8241844,-0.2770635,-0.019308,1.4645722,0.09554456,-0.4173091,0.316399,-0.06567123,1.9751434,0.9286879,-0.60164714,0.3525996,-0.5710838,0.67536116,0.030033305,7,1.0,0.22115958,Nikola Maksimović
0.2289518,-0.51125425,-0.13846321,-0.1845637,0.8624411,0.018408298,-0.21989912,0.21659806,-0.21043256,1.5623664,0.4778005,-0.21860026,-0.04260664,-0.46032584,0.378195,-0.009053394,7,0.9999409,0.067641236,Julián Malatini
-0.7514322,-0.5929504,-0.48627764,-0.062381495,-0.985467,-0.61636376,0.15964977,-0.033474155,-0.7325011,0.38224977,-0.07711973,0.9113064,-0.60897356,0.26436362,0.15047339,0.13803612,5,0.99588484,0.09041969,Daniel Maldini
-0.3235895,0.5568305,0.09788466,-0.2295236,0.18628387,0.2621273,-0.034119204,-0.1634763,0.09046975,0.44866276,-0.038235866,-0.3725704,-0.3835202,-0.0366207,-0.06797114,-0.15152821,3,1.0,0.10715864,Youssef Maleh
-0.7704203,-0.48908907,-0.48344076,-0.25338587,-0.8309699,-0.5568663,0.25737125,-0.06610139,-0.7326744,1.273236,-0.16327427,0.7690505,-0.7699966,0.059625074,0.17660257,0.031516038,5,1.0,0.07034935,Donyell Malen
-0.36243266,-0.04710187,-0.04792255,-0.2577242,0.32431945,0.07525378,0.038741782,-0.08866544,-0.103370816,1.7581457,7.2617084e-05,-0.3237084,-0.3021304,-0.2351996,0.08146298,-0.24414754,0,1.0,0.142608,Lennard Maloney
-0.5635685,-0.812881,0.5271587,0.4514745,-1.1026696,-0.8981645,-0.043161094,-0.53091633,-0.66341764,-1.4470223,-0.028426036,0.36868948,0.26879707,0.14696535,-0.43112704,-0.00051669776,2,1.0,0.0985696,Dennis Man
0.63222516,1.4901282,-0.10528304,0.030423544,0.7303542,0.804259,-0.17873132,0.4784724,1.0972687,-0.8310841,-0.5759585,-0.3191937,0.14825654,0.125846,-0.24176624,-0.2714373,1,0.9999943,0.34742698,Gianluca Mancini
-0.17951998,0.19617034,0.005241856,-0.13025407,0.59337264,0.28806823,-0.05074504,-0.04332979,0.083572686,1.3608174,0.016491462,-0.48389235,-0.036334097,-0.25567755,0.06199743,-0.14822128,0,0.99949664,0.13424698,Reinildo Mandava
0.9690814,0.102074385,-0.1514497,0.13176906,1.3771564,0.3456606,-0.22587113,0.2760808,0.51967424,0.82877046,0.4087785,-0.2605958,0.46183345,-0.35516953,0.3323936,0.017822787,7,0.9999943,0.08387824,Aïssa Mandi
0.09773312,-0.20285353,0.31117794,-0.116752304,-0.10519866,-0.04237359,-0.11726552,0.20144859,-0.14820266,-0.9653046,0.09120593,0.17535979,0.013636909,0.14983135,-0.1302604,0.30061603,6,0.98184204,0.2788786,Rolando Mandragora
0.25000742,-0.21883978,-0.100544795,-0.16968906,0.7942974,0.060129024,-0.12572852,0.23357429,-0.059087455,1.1744418,0.42447543,-0.11623699,-0.022876106,-0.3433021,0.3407006,0.07391688,7,0.9998856,0.06947831,Orel Mangala
-0.2701566,0.38325018,0.63916117,-0.23179,0.027897226,0.044918507,-0.21102148,-0.4586424,-0.23574585,-0.10155425,-0.102129385,-0.7135555,-0.19114292,-0.18793389,-0.34344196,-0.06940686,3,0.9995442,0.15043874,Ryan Manning
-0.54321337,0.042421237,-0.005174756,-0.23561081,0.30321288,0.08333251,0.051058665,-0.2029145,-0.13579667,2.0509336,-0.06572583,-0.4385057,-0.26653185,-0.30480307,0.006213382,-0.3328725,0,1.0,0.3342954,Javier Manquillo
-0.6668389,-0.41769743,-0.22845377,-0.21417111,-0.4617532,-0.40429938,0.22763743,-0.11637758,-0.59576946,1.525838,-0.04400561,0.5323667,-0.71904045,-0.013767257,0.13934872,-0.028273813,5,1.0,0.055048574,Sekou Mara
-0.0031182393,-0.32579395,-0.10836239,-0.20463094,0.8131713,0.15257338,-0.13811228,0.0799285,-0.1697056,1.8790421,0.25987223,-0.4701801,-0.02071616,-0.448567,0.2771417,-0.13557526,0,0.7978841,0.09913414,Marcão
-0.25337824,0.43710363,0.6232432,-0.15261176,-0.12521756,0.096335575,-0.2339044,-0.41092432,-0.18006358,-0.53566986,-0.017661199,-0.55680656,-0.10521596,-0.0555771,-0.18499109,-0.032096617,3,0.8996323,0.1125178,Óscar de Marcos
1.5600499,0.18233787,-0.3188328,0.27662772,1.9285102,0.5217798,-0.22925436,0.30743092,0.93262565,1.152146,0.50987977,-0.37556425,0.9129531,-0.44578013,0.5399667,0.031605013,7,0.9952942,0.2269651,Pablo Marí
-0.23817942,0.74741423,0.099584974,-0.042465366,0.76185876,0.5115012,-0.051900856,-0.008013839,0.38561708,1.3330746,-0.13704641,-0.789476,0.19897592,-0.15766962,-0.15166909,-0.29119948,0,0.9999986,0.43932348,Pablo Marí
1.4240326,0.5379441,-0.22123511,0.24485478,1.8653953,0.6070471,-0.25139618,0.42558923,0.98736334,0.7484525,0.27132145,-0.37831745,0.79364777,-0.294819,0.25070524,0.0028042048,1,1.0,0.06436417,José María Giménez
0.18890011,0.04968056,-0.11041744,-0.09005559,0.90192664,0.2351576,-0.12318661,0.11257772,0.16028076,1.2271765,0.2516867,-0.33743176,0.077026166,-0.36071843,0.20420429,-0.049172826,7,1.0,0.076232634,Luca Marianucci
-0.071820244,-0.2013512,0.028502464,-0.2570136,0.22216453,-0.048328646,-0.10300932,0.008403007,-0.25690684,0.75616795,0.22614354,0.14558735,-0.36845866,-0.14035156,0.20213845,0.19924776,0,1.0,0.07376068,Pablo Marín
-0.15603697,-0.43897355,0.53217226,-0.044454172,-0.27066952,-0.2379682,-0.2139312,-0.3063142,-0.50250983,-0.6178102,0.24607505,0.015691677,-0.0024676472,0.02520676,-0.20215863,0.29951912,2,0.9884958,0.18207313,Răzvan Marin
0.70702267,1.5113252,-0.09027688,0.03919761,1.2574669,0.96981955,-0.22220159,0.32455045,1.1129718,-0.03693302,-0.35688788,-0.69392496,0.3913519,0.08221692,-0.115857005,-0.11316461,1,0.9999866,0.17792767,Guillermo Maripán
0.6273025,1.3122045,0.07532291,-0.0764357,0.81949794,0.92742515,-0.16958581,0.2196762,0.98145044,-0.83437043,-0.35195643,-0.55988765,0.08216318,0.056762338,-0.29555222,-0.11252006,1,0.9999638,0.10753374,Mika Mármol
-0.6134654,-0.99106103,-0.5342287,0.07246102,-1.326254,-0.58163166,0.21546014,-0.10093492,-0.74520105,-0.15360883,-0.19103159,0.93545806,-0.38363376,0.34583896,0.093364775,0.3512807,4,1.0,0.2341789,Omar Marmoush
-0.7136396,-2.0823913,-0.6263406,0.73773235,-2.1480536,-1.0408971,0.6179189,-0.15223052,-0.84570664,-1.7378153,0.061900783,1.1176127,0.50687414,0.7449624,-0.09066315,0.3654499,2,1.0,0.47212458,Omar Marmoush
1.6246729,0.38659585,-0.34513158,0.43366426,1.3763653,0.2568974,-0.1358664,0.7452221,0.8818352,-0.017343849,0.0009492375,0.1901628,0.7673947,0.017837495,0.2457554,-0.1379351,1,1.0,0.23779869,Marquinhos
-0.01594776,1.0524175,1.079166,-0.21729434,0.029454716,0.27941912,-0.09721312,-0.034549423,0.3397642,-2.3102584,-0.44995493,-1.1871765,-0.09899727,-0.1941239,-0.45005652,-0.013697252,6,1.0,0.273926,Aarón Martín
-0.6706728,0.049876094,0.08326764,-0.25270727,-0.71116316,-0.33843926,0.14692082,-0.3024708,-0.4344816,0.45740262,-0.16829269,0.16335256,-0.62678546,0.10826051,-0.1276118,-0.111419804,5,1.0,0.20799264,Carlos Martín
-0.19400573,0.1456577,0.27810073,-0.17543608,0.074927464,0.047259428,-0.14503278,-0.27753153,-0.21962067,0.526233,0.13116834,-0.2546413,-0.21146497,-0.12618789,0.028766721,0.0865774,3,0.9954983,0.10455272,Gerard Martín
0.6880374,0.12231381,0.16713005,0.2849602,0.15445496,0.06551516,-0.13790321,0.3682393,0.2883465,-0.99525905,0.007123122,0.30885288,0.27943954,0.1861816,-0.08007403,-0.20148882,6,1.0,0.15534253,Iván Martín
0.22800002,-0.053433605,-0.10277675,-0.082072265,0.95241356,0.18912622,-0.13929452,0.17319252,0.13116416,1.3977989,0.28239334,-0.40064535,0.19517413,-0.4083237,0.21479264,-0.08855579,7,1.0,0.09819986,Jon Martin
-0.024885625,-0.4421186,-0.08267991,-0.22021589,0.6336316,0.015421309,-0.13256097,0.13086006,-0.31322244,1.6100723,0.30415082,-0.22171842,-0.1487765,-0.40510207,0.29003838,-0.050692342,0,0.96917224,0.048142422,Jonas Martin
0.2944526,0.6272689,0.008923948,-0.18028954,0.6007722,0.6268846,-0.110745355,0.063035905,0.55833215,-0.1283203,-0.031424038,-0.42063305,-0.1728639,0.022579297,-0.0730032,-0.036523335,3,0.97145045,0.113454536,Mario Martín
-0.70484066,-1.036989,0.409665,0.7059265,-1.6486928,-1.3176857,0.22763143,-0.47234255,-0.60464334,-2.0700192,-0.12277563,0.7397687,0.43289068,0.16409847,-0.57113963,-0.20091072,2,1.0,0.15317468,Gabriel Martinelli
0.996279,0.8887568,0.012156144,0.16797331,0.7542081,0.6383851,-0.11372675,0.5646907,1.1046233,-1.4013425,-0.31131256,0.086557426,0.21857661,0.16178772,-0.21973796,0.002425678,6,1.0,0.073503286,Arnau Martinez
2.179227,0.50366604,-0.28574306,0.8538527,1.4688963,0.1821801,-0.010887235,1.1672839,1.2050288,-0.78612643,-0.12612772,0.18660459,1.2413144,0.22442397,0.23714086,-0.32459223,1,1.0,0.6577691,Iñigo Martínez
-0.8466965,-1.6638097,-1.394874,0.37855983,-2.514526,-1.4882938,1.1626112,0.5199184,-0.8034856,-1.5954235,-0.38271248,1.6961923,-0.003366895,0.7624425,0.17269099,0.017005123,4,1.0,0.18329963,Lautaro Martínez
1.6242768,0.49821162,-0.3132723,0.23295659,1.3127767,0.46571982,-0.019389763,0.54285944,1.062678,-0.2580279,-0.03534603,0.16186592,0.61347634,0.07854867,0.14892077,0.05466049,1,1.0,0.17249659,Lisandro Martínez
-0.66805017,-0.7742193,-0.6474883,-0.16655873,-0.91826856,-0.6272314,0.2094291,0.106044576,-0.8245441,1.0495986,-0.08445466,0.9737758,-0.7661687,0.2073462,0.3591913,0.15676695,5,1.0,0.20636988,Toni Martínez
0.56320095,0.4029348,-0.16463564,-0.019563198,0.379337,0.28824544,-0.06590778,0.41576093,0.52605665,-0.3975632,-0.10796295,0.34508258,0.048343442,0.14142117,0.057246953,-0.061731316,3,0.9999714,0.1182196,Adam Marušić
-0.45164993,0.4659493,0.22534922,-0.21642691,-0.00048976205,0.119375765,-0.027716592,-0.39263466,-0.09463714,0.8462882,-0.08697385,-0.40549067,-0.35607326,-0.14183594,-0.19128042,-0.22431418,0,0.9921801,0.20506994,Marvin
0.9356679,0.5326627,-0.16153283,0.07067471,1.3576738,0.58751255,-0.1684591,0.2072487,0.7563976,0.66984975,0.19050361,-0.30335015,0.48182943,-0.23638967,0.2590914,0.10727161,7,0.9999752,0.230805,Omar Mascarell
0.93792295,0.6312936,-0.08599897,0.13508448,1.2527767,0.59077585,-0.21943215,0.30625492,0.7248585,0.35693657,0.023606535,-0.33761752,0.44297925,-0.14441244,0.05903238,-0.0135313645,1,0.99998474,0.056156516,Adam Masina
-0.002540782,0.55100363,0.039011687,-0.16013415,0.6485055,0.518858,-0.10101014,-0.036530346,0.31140262,0.59951293,-0.0027666464,-0.45543078,-0.062764615,-0.15335669,-0.055612482,-0.07048612,3,1.0,0.10941185,Patrizio Masini
-0.83526146,-0.49446452,-0.33285505,-0.1553669,-0.90550715,-0.6033082,0.23552369,-0.17821205,-0.79201186,0.6922507,-0.14052151,0.69447774,-0.65165645,0.22338936,0.06816305,0.12602457,5,1.0,0.053569686,Giorgos Masouras
-0.57915545,0.37239784,-0.023808792,-0.2244707,0.13415088,0.13392423,0.12484358,-0.12017389,0.012702569,1.6039686,-0.12474111,-0.36542043,-0.2804262,-0.15006495,-0.06598791,-0.34981617,0,1.0,0.31321025,Erhan Mašović
-0.14699794,-0.10657567,-0.028190792,-0.21414495,0.5446393,0.1403011,-0.07524441,0.0049759764,-0.12695692,1.4451176,0.11449636,-0.30257896,-0.19111353,-0.29266047,0.18435031,-0.07248043,0,0.99981123,0.067515984,Han-Noah Massengo
0.6997229,1.2221258,-0.07705943,-0.01612322,0.9525141,0.8312095,-0.15045503,0.25044653,1.068599,-0.6416386,-0.28291684,-0.54831785,0.14554515,0.12780425,-0.12130703,-0.05284425,1,0.99999815,0.2147573,Clinton Mata
-0.53574765,-0.66637486,-0.2520404,-0.19807541,-0.263622,-0.39680374,0.066635564,-0.1055202,-0.65993005,1.5527445,0.10093159,0.5503249,-0.7320226,-0.13309826,0.2732363,0.110354856,5,0.999897,0.12955464,Jaime Mata
0.21247208,0.45886952,-0.25612307,-0.23661417,-0.13833824,0.44709507,0.10221474,0.38779542,0.78491294,-1.0667613,-0.0033887103,0.28966725,-0.36157268,0.28705418,-0.11500746,-0.09682875,6,1.0,0.17079315,Pape Matar Sarr
-0.9763744,-1.7305053,-1.4532106,0.3445621,-2.5375443,-1.4109352,1.0546998,0.4910848,-0.9598271,-0.8675021,-0.19545211,1.7465181,-0.15444584,0.8242961,0.3301749,0.06540185,4,1.0,0.1316547,Jean-Philippe Mateta
0.8516582,0.5539571,0.07816185,0.11351054,0.79057723,0.45966673,-0.12721138,0.3965319,0.66895354,-0.72084695,-0.12168796,-0.10055466,0.1813797,-0.0032680184,-0.06294654,0.02442813,1,0.99949944,0.17317519,Nemanja Matić
1.6049677,1.1918973,-0.27515292,0.29222465,1.7959561,0.75574917,-0.12705146,0.5852663,1.3119202,0.048150215,-0.07817435,-0.24205844,0.8024235,0.043373138,0.057972103,0.08794448,1,1.0,0.15338992,Chrislain Matsima
-0.36217797,-0.4299416,0.32830912,-0.08554222,-0.4717926,-0.27207676,-0.24943644,-0.4730376,-0.56334376,0.105461866,0.15531045,0.11841992,-0.3927924,0.061394334,-0.10154338,0.25529554,5,0.9967,0.10677425,Jean Mattéo Bahoya
0.17791303,-0.3157652,-0.14955007,-0.14366786,0.9154246,0.07446719,-0.1535825,0.17869173,-0.112996,1.5314037,0.42402172,-0.26700738,-0.0240333,-0.433554,0.33873948,-0.06146296,7,0.99996567,0.069790766,Alan Matturro
0.803843,0.6932085,-0.05694741,-0.11325628,0.817709,0.7036391,0.0023660213,0.30718586,1.0837461,-1.0179713,-0.08636931,-0.13882497,0.09978438,0.15412083,-0.025072046,0.26314765,6,0.99454963,0.2265104,Azor Matusiwa
-0.68768597,-0.7262636,-0.3144248,-0.14257693,-0.9716701,-0.48336834,0.21222834,-0.16399634,-0.67275214,0.3687008,0.04853412,0.6602089,-0.5231071,0.3277081,0.089439094,0.37520048,5,1.0,0.18893936,Neal Maupay
-0.1990701,-0.17838344,0.6522825,0.11562633,-0.6118377,-0.38975453,-0.1852188,-0.46104872,-0.32582092,-0.96762824,0.116613835,0.091814466,0.05382862,-0.02869296,-0.29589137,0.010304496,2,1.0,0.15192384,Stephy Mavididi
1.1838006,1.0571145,-0.13996704,0.16305557,1.556057,0.79549253,-0.16765186,0.38698685,1.1023693,0.2788576,-0.047868356,-0.38696218,0.6330469,-0.03612388,0.043127775,0.00695394,1,1.0,0.07221564,Konstantinos Mavropanos
0.29928327,0.8343785,0.010847196,-0.15204278,0.99201494,0.797757,-0.17543876,-0.038020678,0.62173676,0.67460626,-0.020223714,-0.7246463,0.24538666,-0.10484026,-0.03925044,-0.010816753,3,1.0,0.12207164,Christian Mawissa
-0.78601086,-0.4967777,-0.5115306,-0.25875416,-0.79508615,-0.45965332,0.33083767,0.09332323,-0.64679086,1.1570581,-0.050605565,0.8034739,-0.6944946,0.16345057,0.20856446,0.09744072,5,1.0,0.12393732,Borja Mayoral
-0.3442501,-0.5885055,0.14286673,0.04383915,-0.63427657,-0.24457687,-0.18792999,-0.4125743,-0.561027,-0.048667483,0.17717192,0.36892927,-0.28223246,0.22304726,-0.030810423,0.27856797,5,0.93843704,0.12696949,Senny Mayulu
0.76516104,1.5674876,-0.05312909,-0.19064024,0.7664621,1.0718148,-0.002773419,0.2782893,1.416406,-1.5992343,-0.4159838,-0.55995536,-0.1817756,0.087543845,-0.2458331,-0.06963404,6,0.99999905,0.1378318,Noussair Mazraoui
0.021851566,-0.40913808,-0.0028713346,-0.19364156,0.645046,-0.004981503,-0.18414667,0.11013663,-0.30330592,1.3150463,0.3586018,-0.18645664,-0.18477075,-0.4433016,0.2812736,-0.00659582,0,0.9999962,0.053368717,Pasquale Mazzocchi
-0.45382854,-0.21291988,0.25111923,-0.18113507,-0.17662022,-0.1822091,-0.053512514,-0.40494138,-0.47288197,0.7489216,0.17626639,0.03979674,-0.4274057,-0.11705813,-0.046582505,0.15435898,5,0.9999809,0.09730679,Samuel Mbangula
-0.50537217,-2.5446744,-0.8092604,1.2200785,-2.690586,-1.5356066,1.1823912,0.103267595,-0.7334519,-3.46753,0.034571555,1.5957863,1.0889735,0.7767223,-0.23125006,0.10784998,2,1.0,0.23971161,Kylian Mbappé
-0.37048578,-1.4776161,-0.040230513,0.6846092,-1.7533087,-0.8773335,0.953446,0.5119713,-0.33127797,-4.004115,-0.01014163,0.75691867,1.2231818,0.48177338,-0.37736562,0.51477545,2,1.0,0.39806038,Bryan Mbeumo
-0.5391257,0.0446077,0.081086285,-0.2682382,-0.33047917,-0.1605339,0.08025992,-0.31362975,-0.33537972,1.1622463,-0.07978917,0.05555895,-0.57017833,-0.08604122,-0.07341637,-0.18765071,0,0.90485084,0.05299055,Kasey McAteer
-0.8243197,-0.64890546,-0.2957474,-0.11298485,-1.0495075,-0.5981668,0.24121703,-0.15943706,-0.7514998,-0.036429167,-0.060274363,0.6712681,-0.47891688,0.3751307,0.03279689,0.24612406,5,0.99991703,0.20373201,Oliver McBurnie
-0.09944254,-0.05293642,0.5800537,-0.048732318,-0.39249533,-0.026778765,-0.13442203,-0.13893013,-0.18892163,-1.3132426,0.030375632,-0.22951795,0.15228096,0.1484775,-0.2373401,0.2093481,6,0.8999197,0.09304706,John McGinn
1.8399271,0.28940356,-0.45139658,0.38929328,2.174748,0.47867635,-0.25899196,0.65922344,1.083816,1.1514212,0.37434208,-0.39601216,1.081581,-0.36261725,0.55338925,-0.032725208,1,1.0,0.2165436,Scott McKenna
0.18406728,-0.24211481,0.44854617,0.12483261,-0.35422608,-0.08039162,-0.08036565,0.04970131,-0.050002426,-1.3849118,0.021588154,0.06325275,0.22210595,0.16004097,-0.25603682,0.07707143,6,0.989909,0.16915098,Weston McKennie
1.0253824,1.2308139,-0.15694596,0.09564439,1.4199038,0.82506967,-0.20309617,0.34830153,1.0875669,0.15462694,-0.19323628,-0.4853547,0.49609432,-0.034604676,-0.0023821294,-0.024745025,1,1.0,0.10285668,Mark McKenzie
-0.43000063,-0.5182092,1.0350189,0.058590688,-0.53786933,-0.46713287,-0.21093377,-0.605796,-0.8294091,-1.198186,0.3504849,-0.3475812,0.18004316,-0.08211967,-0.304182,0.45770183,2,1.0,0.22844514,Dwight McNeil
0.06906089,-0.9692731,-1.0264466,-0.046639998,-1.4534304,-0.31815007,0.5917419,0.6414602,0.19427559,-1.8265493,-0.24310626,1.0869263,0.17178312,0.57846606,0.050986096,0.25612608,2,1.0,0.2591176,Scott McTominay
0.9784713,0.1470953,-0.22254156,0.09676031,1.5627197,0.4083314,-0.27210563,0.36686996,0.58106995,1.1336862,0.38958383,-0.37902325,0.65486145,-0.48897,0.39906257,0.013183899,7,1.0,0.08374445,Jakov Medić
0.7967318,1.1096961,0.06413888,0.023893096,0.6099293,0.6164865,-0.1018514,0.570099,0.98186994,-1.6398436,-0.4239887,-0.1057012,0.12700653,0.1339936,-0.21552533,-0.007956803,6,1.0,0.1645474,Facundo Medina
-1.0402578,-0.22552018,-0.39418358,-0.2774002,-0.98031235,-0.5910491,0.42632288,-0.17553462,-0.7548205,1.6131549,-0.25562453,0.61014366,-0.7894696,0.05184102,0.08008659,-0.21401244,5,1.0,0.12105678,Mohamed Meité
-0.5051348,-0.5530576,0.397932,0.16961741,-0.82016456,-0.56495756,-0.16070968,-0.44501337,-0.53553426,-0.73482597,0.05220995,0.30253494,-0.14025062,0.1014092,-0.24364969,0.05616311,2,1.0,0.06619238,Farid El Melali
0.27341738,-0.22158098,-0.09536235,-0.10256709,0.9321934,0.15418443,-0.22555636,0.15508224,0.007817239,1.1806098,0.4003383,-0.20911665,0.031045042,-0.43517673,0.2923159,-0.0046295077,7,1.0,0.08895687,Arthur Melo
0.36006495,-0.040956993,0.7200818,0.23607686,-0.12019521,-0.015475668,-0.068121664,0.10053831,0.089047566,-1.8870388,0.06524551,-0.010888146,0.43978682,0.11158231,-0.21946217,0.14064813,6,1.0,0.1443079,Nuno Mendes
-0.46117488,-0.30878824,0.0525691,0.03295596,-0.74067014,-0.4240104,-0.016551152,-0.14890838,-0.40159765,-0.54221624,-0.0120724775,0.59360445,-0.27473342,0.21267924,-0.06899947,0.077190116,2,0.99999905,0.10001578,Brais Méndez
-0.07348764,-0.054751933,0.009072274,-0.19439325,0.57062125,0.14104414,-0.06248206,0.02782888,-0.031665735,1.2454572,0.13396382,-0.2634798,-0.16748053,-0.26980802,0.12667876,-0.07654338,0,0.9999943,0.055687606,Antoine Mendy
0.15235123,-0.18973814,-0.07752009,-0.14933395,0.87886345,0.18526846,-0.16927578,0.09551519,-0.06082066,1.35198,0.30254167,-0.31936032,0.01554247,-0.42696857,0.26705077,0.009579726,7,0.9996186,0.10645159,Ferland Mendy
-0.31257224,-0.2147982,-0.010512814,-0.21862301,0.43589106,0.09599933,-0.064917184,-0.102725476,-0.2389343,1.7340714,0.0735655,-0.35667554,-0.27862594,-0.3441465,0.12483314,-0.17803633,0,1.0,0.09721929,Nampalys Mendy
0.4694949,1.3737117,0.2959025,-0.20064807,0.5550046,0.98168766,-0.017040953,0.18144956,1.0628772,-1.5807196,-0.40043384,-0.68037385,-0.15228438,-0.04274135,-0.35946402,-0.036242522,6,1.0,0.17473392,Gideon Mensah
-0.42536733,-0.690236,-0.6949164,-0.12685314,-1.2396432,-0.39546758,0.39530802,0.33221486,-0.19732523,-0.7604682,-0.291844,0.90246695,-0.34154132,0.48587447,0.09123331,0.2269203,2,1.0,0.1956956,Mikel Merino
-0.27010703,-0.0097889155,0.730557,0.05972088,-0.5038873,-0.31952026,-0.23425384,-0.49173668,-0.36021018,-0.97493327,-0.012308668,-0.14123784,-0.005808972,-0.039566033,-0.3884534,0.035903014,2,1.0,0.13095377,Quentin Merlin
-0.28020418,-0.22873795,0.13748528,-0.2910215,0.1820438,-0.028825827,-0.11677116,-0.2103495,-0.35357141,1.1954726,0.20257291,-0.15195028,-0.44245425,-0.32303303,0.06090951,0.030081853,0,1.0,0.042023413,Rafik Messali
-0.7387334,-0.037179034,-0.049745083,-0.16775909,-0.5948177,-0.39894187,0.1580299,-0.29935485,-0.4947515,1.0583792,-0.16311556,0.32288128,-0.6337831,0.024520561,-0.024952412,-0.18324444,5,1.0,0.08135169,Junior Messias
-0.4340972,0.4576801,0.054750793,-0.12139678,0.36131096,0.23572001,0.046358854,-0.14247547,0.12121785,1.535002,-0.09508182,-0.5910527,-0.09560691,-0.18381436,-0.09991068,-0.32126608,0,1.0,0.32542023,Karol Mets
0.66745055,0.8020302,0.10346699,-0.12389137,0.3187002,0.65686494,-0.0195335,0.4563242,1.0169882,-1.5785198,-0.2382635,-0.0036743768,-0.14402528,0.1414265,-0.23888388,-0.009361617,6,1.0,0.19776721,Thomas Meunier
-0.9356811,-0.18759464,-0.38396055,-0.2180171,-1.0302757,-0.55127174,0.4374134,-0.106940195,-0.667291,0.9433722,-0.24346681,0.64937574,-0.6954807,0.27970707,0.07104103,-0.086602814,5,1.0,0.18938741,Miguel
-0.529861,-0.077991046,0.26513863,-0.11695166,-0.5429909,-0.34002182,-0.11938056,-0.48203582,-0.51837,0.19228087,0.0041002277,0.089088485,-0.4103638,0.057462677,-0.1153474,0.042900853,5,0.9999866,0.069588564,Valentin Mihaila
-0.91669464,-1.4753312,-0.9951978,0.35430834,-2.0344357,-1.072751,0.6694103,0.1922194,-0.87098414,-0.8739438,-0.1394644,1.3824191,-0.15815324,0.6780855,0.14889586,0.22269145,4,1.0,0.16636962,Georges Mikautadze
2.0272417,0.69755125,-0.49354714,0.33606163,1.7607583,0.5640109,-0.019405484,0.7091696,1.2867304,0.28961152,0.038965885,-0.042074442,1.0038567,0.011735663,0.3205599,0.21191172,1,1.0,0.6078118,Nikola Milenković
0.42966232,-0.1414762,-0.12015875,-0.08484308,1.0373924,0.16761966,-0.19965404,0.24669217,0.13799328,1.1423167,0.43341565,-0.23645724,0.1590803,-0.41896838,0.29320523,0.045318156,7,1.0,0.050283313,Éder Militão
0.07676446,0.7569536,0.6477426,-0.18869023,0.058095805,0.4170398,-0.115727596,0.19403307,0.3693642,-2.099742,-0.2897495,-0.64775676,0.03323456,0.07331841,-0.29723662,0.30586436,6,1.0,0.29825473,Luis Milla
-0.76768756,-0.384664,-0.3016609,-0.18978897,-0.70256877,-0.5163447,0.20722122,-0.14877377,-0.67211723,1.5004293,-0.15371154,0.60003155,-0.7457269,-0.0051326454,0.11436355,-0.14100966,5,1.0,0.08804004,Pere Milla
-0.119462475,-0.9939823,-0.48767537,0.22721869,-1.2605844,-0.50050366,0.30036718,0.29362458,-0.19439471,-1.7134389,-0.06763139,0.7535285,0.32590595,0.4892903,-0.05665709,0.12717198,2,1.0,0.15819614,Enzo Millot
1.9553107,1.1507816,-0.55263996,0.43032217,1.7541263,0.6162679,-0.07857709,0.9182262,1.4950017,-0.46539885,-0.27117938,0.1948321,0.82711554,0.16473675,0.07927653,-0.011856802,1,1.0,0.2275451,Kim Min-jae
1.0817267,1.6123863,-0.20250876,0.10173132,1.4247954,0.92141664,-0.12642978,0.4077465,1.3141559,-0.15346515,-0.33025944,-0.5358719,0.43553844,0.06493838,-0.049435906,-0.1272861,1,1.0,0.16272166,Yerry Mina
-0.7915213,-1.0159088,0.05596018,0.51174027,-1.5017352,-1.0515757,0.3767926,-0.15564236,-0.62350076,-1.8986878,-0.22393425,0.6439276,0.3600026,0.24874544,-0.3469392,0.044418804,2,1.0,0.2825245,Takumi Minamino
-0.40639794,0.0030450746,-0.032043964,-0.2546543,0.21666825,0.008581892,0.057306007,-0.106010005,-0.15129147,1.6233658,-0.03866899,-0.19707681,-0.33448756,-0.19523273,0.06619272,-0.18873194,0,1.0,0.10482917,Lucas Mincarelli
0.5762656,-0.29833806,-0.15472494,-0.06889713,1.2065258,0.13845342,-0.2734675,0.33107296,0.10255198,1.3671111,0.54333735,-0.3668385,0.29651663,-0.50072825,0.3794967,0.02020932,7,1.0,0.064247966,Tyrone Mings
0.332419,0.35198063,0.8705441,0.2095088,-0.23373379,0.08259085,0.07759234,0.3718947,0.2746047,-3.0769892,-0.19522332,-0.2272328,0.5507746,0.1627352,-0.32605755,0.27146104,6,1.0,0.284861,Óscar Mingueza
-0.54004765,-0.37521487,0.829507,0.22758469,-0.8962769,-0.6250694,0.005801484,-0.37709656,-0.4245732,-1.7367796,0.035408307,0.044550598,0.25554493,0.070729956,-0.43704063,0.093828894,2,1.0,0.25114548,Yankuba Minteh
-0.62214017,-0.6059678,-0.32085901,-0.25029892,-0.339578,-0.34334987,0.19338994,0.000487688,-0.60453355,1.6353321,0.048469525,0.5748172,-0.6815838,-0.055965066,0.23137721,0.03762974,5,1.0,0.09242357,Bojan Miovski
-0.98008764,-0.11469637,-0.41885728,-0.24776536,-0.9433438,-0.5218774,0.50608796,-0.072888285,-0.61743945,1.4008757,-0.2556424,0.5884552,-0.69150937,0.16182214,0.11261639,-0.13580808,5,1.0,0.14668076,Rafa Mir
-0.008271687,0.5860842,1.2871594,0.073598154,-0.057695225,-0.029838093,-0.17002328,-0.05939363,-0.18119171,-2.4354303,-0.32100588,-0.8937826,0.36651576,0.027834177,-0.507308,0.26248792,6,1.0,0.33268237,Juan Miranda
-0.5187881,-0.36616683,0.1576335,0.0036776215,-0.7304008,-0.45581603,-0.08917761,-0.3339773,-0.51439404,-0.38014317,-0.024174739,0.4373098,-0.336143,0.1762321,-0.102154166,0.11960066,2,0.5568583,0.04581254,Fabio Miretti
0.08543192,1.1776118,1.0363054,-0.26810756,0.061082568,0.36676997,-0.055588916,-0.08120336,0.52030766,-2.2573457,-0.51810914,-1.1638284,-0.19508465,-0.32768863,-0.5075085,-0.1495161,6,1.0,0.35701716,Tyrick Mitchell
-0.45317778,-1.1787263,-0.120983884,0.65034115,-1.7996296,-1.0762664,0.47802836,0.0056749657,-0.25141782,-2.5230844,-0.11066693,1.019861,0.6121711,0.3830533,-0.3518955,-0.14802843,2,1.0,0.22009706,Kaoru Mitoma
0.58713996,1.4928397,0.7589052,-0.19325823,0.49076182,0.82797575,-0.047061615,0.5582553,1.2360569,-3.3356385,-0.61503506,-0.7857173,0.19536063,0.17123058,-0.37545693,0.32294464,6,1.0,0.19531767,Maximilian Mittelstädt
-0.68239605,-0.37669408,-0.16626562,-0.16917798,-0.46090823,-0.444641,0.18867572,-0.16277486,-0.6089112,1.6514386,-0.08544033,0.4745626,-0.73740125,-0.063588366,0.11272298,-0.13074312,5,1.0,0.09468429,Koji Miyoshi
0.34043634,0.61870605,0.6352958,0.10316288,-0.063575424,0.22012514,-0.12488569,0.14335185,0.24709123,-2.0784945,-0.17261277,-0.3136792,0.44435605,0.15823957,-0.16989382,0.15690666,6,1.0,0.3201694,Henrikh Mkhitaryan
-0.33176395,-0.1310238,0.17281409,-0.30054644,0.06211789,-0.023044236,-0.10114229,-0.27765462,-0.3187006,1.1238092,0.12465855,-0.16110957,-0.4520645,-0.27131763,-0.010104999,-0.014647007,0,1.0,0.047871362,Rui Modesto
0.34093294,0.033125244,0.8753131,0.23078844,-0.15100417,-0.0066231117,-0.07439091,0.3074647,0.06870413,-2.9018428,-0.13047236,-0.33586234,0.67592174,0.29591605,-0.3624469,0.4283126,6,1.0,0.45805502,Luka Modrić
-0.74118614,-0.31270817,-0.035891607,-0.18578884,-0.4036392,-0.36303037,0.14086129,-0.35969535,-0.60397494,1.7312039,-0.078982554,0.23903987,-0.7085536,-0.17851551,0.0069435686,-0.20282876,5,0.98177737,0.08499111,Max Moerstedt
-0.75725055,-0.55924666,-0.8129774,-0.21118268,-1.222216,-0.62716764,0.37961805,0.33672532,-0.68543404,0.80408365,-0.23796038,1.1264496,-0.7192429,0.2973205,0.32852527,0.050322056,5,1.0,0.1517822,Mostafa Mohamed
0.23020604,0.71289206,1.1112206,0.101897545,0.11260601,0.08581713,-0.16182728,-0.14808993,0.19245133,-2.0768764,-0.31526172,-0.52468884,0.34785926,-0.11815615,-0.48240936,-0.010072164,6,1.0,0.23293431,Johan Mojica
-0.15581533,-0.79989517,0.13212822,0.41794246,-1.1126738,-0.60145766,0.12754847,-0.028128395,-0.19605474,-1.8755126,-0.010583967,0.6751378,0.49681273,0.264521,-0.3145254,-0.031340994,2,1.0,0.15798327,Alberto Moleiro
0.40785876,0.3640592,0.3642949,0.004274279,0.36125338,0.33191717,-0.25926852,0.03731042,0.26624689,-0.47784203,-0.026967764,-0.27446762,0.036963694,-0.0654671,-0.123774655,-0.10122339,3,0.9991916,0.08849401,Nahuel Molina
-0.037780665,0.6649645,0.5224075,-0.25164118,-0.011415595,0.32795906,-0.10009831,-0.024467751,0.23421511,-1.1881727,-0.25288934,-0.6736377,-0.31832144,-0.05656799,-0.21220411,-0.04424397,6,1.0,0.22925451,Jon Moncayola
-0.7682204,-0.509919,-0.6020774,-0.2572118,-0.96649,-0.5171895,0.30423594,0.15383926,-0.69060606,0.8193198,-0.106600836,0.8958861,-0.6923945,0.24826446,0.21133739,0.14559495,5,1.0,0.099810496,Álvaro Morata
0.86664224,-0.41534823,-0.36024523,-0.010218799,1.5726647,0.22160587,-0.33327243,0.3537235,0.23306355,1.7054386,0.7689718,-0.49164012,0.417734,-0.54856384,0.59458923,0.12611505,7,1.0,0.26666892,Morato
-0.102899686,0.18878864,1.2967046,0.29021755,-0.356399,-0.25025392,0.033939958,-0.07340628,0.17490813,-2.6007333,-0.22912805,-0.27322185,0.39654788,-0.10412118,-0.7591677,-0.0003694892,6,1.0,0.3190283,Diego Moreira
0.37358245,0.31847173,0.22570226,-0.008696549,0.5783538,0.28896326,-0.18482676,0.07759078,0.12749058,0.05035671,0.06288323,-0.23203568,0.15233538,-0.1570492,0.029924944,-0.041370593,3,1.0,0.10005939,Alberto Moreno
-0.16859686,0.21559738,0.12043482,-0.23334861,0.31681094,0.23343071,-0.07791707,-0.15267554,-0.03275902,0.8125513,0.04105222,-0.3674911,-0.22405091,-0.22587511,-0.044519186,-0.05871796,0,0.99896485,0.08666186,Álex Moreno
-0.43731806,-0.9636535,0.08578197,0.019293442,-0.7369127,-0.3306818,-0.18917812,-0.47454518,-0.7321942,0.11067173,0.29198158,0.36752698,-0.3065812,0.25473323,-0.021054856,0.38295737,2,0.9990039,0.2229114,Gerard Moreno
-0.028161138,-0.29331458,0.23064002,0.12750724,-0.4997046,-0.14156413,-0.11825602,-0.053256776,-0.13172595,-1.0601817,0.06393915,0.42140907,0.052206986,0.21054018,-0.17305927,-0.03440603,2,0.99999815,0.07939768,Tete Morente
0.016043268,-0.10586192,-0.0233085,-0.22224301,0.6730703,0.12576261,-0.09097236,0.08702895,-0.086075306,1.2398249,0.25107795,-0.26126847,-0.13773905,-0.32349658,0.20665377,-0.015359178,0,0.9807312,0.061013293,Mateu Morey
0.22308262,0.81962955,0.07335189,-0.24409947,0.1473219,0.6725404,-0.08345244,0.21942887,0.74812764,-1.06229,-0.18855053,-0.35366142,-0.35930592,0.1466569,-0.06822165,-0.114831515,6,0.99378145,0.13701388,Ilaix Moriba
0.07411963,0.59575456,0.06493976,-0.1675058,0.50218153,0.5925851,-0.119144514,0.05127932,0.35800332,0.20103335,0.0074143,-0.3945275,-0.12869287,-0.02101332,0.012207508,-0.019173555,3,0.9970784,0.098796204,Manu Morlanes
0.20976199,0.17694898,0.19170435,-0.14139743,0.41290504,0.32030082,-0.19848949,0.055841397,0.1643269,-0.07760274,0.13615125,-0.15051828,-0.14034057,-0.057424568,0.052225873,0.14006259,3,1.0,0.13563135,Nikola Moro
-0.6109754,-0.6591312,1.1211448,0.45917618,-1.0000478,-1.0069699,0.015196845,-0.6894669,-0.75591457,-1.9307804,0.15511112,0.008643754,0.5163022,-0.03337396,-0.5443593,0.090607785,2,1.0,0.073203065,Raúl Moro
0.60500526,1.03698,-0.0970933,-0.17331523,0.738823,0.8311715,-0.05627667,0.20155802,1.0115268,-1.0305418,-0.221942,-0.3064657,-0.13995281,0.05112289,-0.12990354,0.12460259,1,0.9660551,0.122274876,Sam Morsy
1.6990443,1.4837584,-0.30552495,0.35969654,1.6935425,0.87943137,-0.17696294,0.56051224,1.5284026,-0.28160092,-0.34024245,-0.3060906,0.6449031,0.11331496,-0.03660149,-0.06247636,1,1.0,0.14971611,Cristhian Mosquera
-0.67601,-1.0897331,-0.8444141,-0.03760811,-1.4323851,-0.7293434,0.28869337,0.09784852,-0.87942755,0.37951928,-0.017730553,1.2238624,-0.5810795,0.43190187,0.35165125,0.20270288,4,1.0,0.18407854,Daniel Mosquera
-0.6338804,-0.7117724,-0.09228863,0.12809289,-1.1298655,-0.7302667,0.05481237,-0.26592606,-0.5487944,-0.5654971,-0.15868786,0.8562836,-0.27934137,0.3163117,-0.18291561,0.008720562,2,0.9983049,0.07487811,Dany Mota
0.94695413,-0.5559948,-0.31226015,0.043231018,1.6328735,0.19803658,-0.40859613,0.3607429,0.17638564,1.7939167,0.84538704,-0.5875358,0.48788622,-0.5789554,0.6370603,0.035550475,7,1.0,0.1735531,Yael Mouanga
-0.056832045,-0.19699538,0.061603665,-0.26058972,0.4763703,0.036844917,-0.10077038,0.053599086,-0.2259375,1.0700144,0.23127607,-0.13615176,-0.24264091,-0.3211763,0.1575036,0.044619,0,1.0,0.027346883,Aimen Moueffek
-0.9148358,-0.17933151,-0.21027742,-0.18400717,-0.7665917,-0.48682338,0.27485448,-0.20657904,-0.63873345,1.1083971,-0.15709105,0.4362805,-0.71042436,0.05450967,-0.009501249,-0.12258617,5,1.0,0.21798117,Mason Mount
0.26294076,1.0603687,0.022459388,-0.14450017,1.0049839,0.84649,-0.16217285,0.070772305,0.69865054,0.41672415,-0.13210452,-0.76959276,0.22695526,-0.08290053,-0.111724734,-0.10633018,3,1.0,0.13056079,Santiago Mouriño
-0.067363486,0.21046929,0.15984502,-0.20832805,0.21301034,0.2188735,-0.16162474,-0.07308421,0.016280621,0.24304277,0.06907608,-0.20509124,-0.3525205,-0.02603814,0.022229567,-0.0066307783,3,0.99999815,0.096819125,Louis Mouton
0.16890484,0.0898916,0.007744774,-0.17061293,0.72685283,0.3048439,-0.12862279,0.08814269,0.10535924,0.74453574,0.23592427,-0.20161554,-0.069535054,-0.23518734,0.14687362,0.08971104,7,0.999958,0.048654024,Ngal'Ayel Mukau
0.100023635,-0.023688927,-0.047305718,-0.18738808,0.62020344,0.1091292,-0.056937017,0.15680201,-0.020709693,0.94777155,0.2654165,-0.059506603,-0.10261752,-0.25040123,0.19602647,0.03689708,7,0.99966824,0.044116177,Nordi Mukiele
-0.56629825,-0.82422274,0.5061672,0.17428368,-0.768385,-0.6650425,-0.28257537,-0.79818577,-0.87180686,-0.62509954,0.0089695435,0.13251032,-0.015979514,0.08901583,-0.312814,0.17227598,2,1.0,0.18010667,Thomas Müller
0.93180346,0.7300882,-0.06899062,0.10046884,1.4053185,0.65918046,-0.21198541,0.27979454,0.78330827,0.59411275,0.037717387,-0.48264536,0.568314,-0.23341659,0.04771453,-0.01123029,7,0.97559863,0.088503666,Abdul Mumin
-0.7961192,-0.27001047,-0.33737105,-0.27989453,-0.757522,-0.4017092,0.30794603,-0.059608564,-0.57765985,1.0795931,-0.101561606,0.60086286,-0.7075733,0.15342817,0.09222147,-0.029358678,5,1.0,0.09339215,Marshall Munetsi
-0.5300461,-0.39341635,-0.41584337,-0.2399342,-0.827938,-0.29399407,0.18208782,0.11570811,-0.37414148,0.15196243,-0.04416006,0.7137654,-0.615184,0.3193256,0.13810506,0.14481106,5,0.99999136,0.1763904,Marshall Munetsi
-1.0585535,-0.7736584,-1.0775113,-0.14995125,-1.6315941,-0.80679816,0.59604967,0.5020855,-0.87664974,0.8646744,-0.28157002,1.3465465,-0.7871309,0.38417953,0.4111958,0.077881,5,1.0,0.12679043,Rodrigo Muniz
0.21184576,-0.05465238,-0.107803985,-0.08032873,0.8675159,0.13795906,-0.11148797,0.15631379,0.05581449,1.149025,0.30394256,-0.22040568,0.032342173,-0.34958833,0.2654749,-0.0033510327,7,1.0,0.11509709,Aihen Muñoz
-0.124244615,0.71481955,0.07518093,-0.19206458,0.4478912,0.5091258,-0.06028164,-0.0031515607,0.3024972,0.4585374,-0.08492463,-0.40485576,-0.085985415,-0.06429446,-0.14518039,-0.10547171,3,1.0,0.14898564,Álex Muñoz
0.2629804,1.0542488,0.3626903,-0.21091223,-0.052376404,0.47177148,0.25018847,0.5888986,1.0709409,-2.837075,-0.4077657,-0.32703793,-0.085385956,0.12968877,-0.40147844,-0.055030786,6,1.0,0.4673066,Daniel Muñoz
-0.24385285,-0.4807247,-0.025730759,-0.18514395,0.33445704,-0.13597092,-0.08544302,-0.06845245,-0.44160253,1.5073346,0.2743575,-0.027148752,-0.3755496,-0.37799308,0.20275173,-0.010230027,0,1.0,0.042250894,Iker Muñoz
0.30145946,0.6564027,0.42804062,-0.14985059,0.16628084,0.5304378,-0.121507704,0.121021315,0.55677,-1.4631875,-0.18672311,-0.32264328,-0.08855831,0.0689462,-0.22685747,0.122296564,6,1.0,0.08363363,Javier Muñoz
1.8412607,1.3573526,-0.2507099,0.2763653,1.8834859,0.79945546,-0.06307755,0.7236071,1.5362856,-0.4794197,-0.2516256,-0.112709634,0.8454081,0.07421841,-0.059192903,0.14315455,1,1.0,0.16717723,Murillo
-0.9364257,-0.9874005,-0.8745562,0.061541446,-1.7237753,-0.95388794,0.5500272,0.2657325,-0.8115954,-0.13638183,-0.2802171,1.3968738,-0.5032433,0.5705462,0.16485533,0.0695057,4,1.0,0.14603555,Vedat Muriqi
-0.5962297,-0.8913635,0.76565087,0.44220638,-1.1958804,-0.8673069,0.27600604,-0.20703447,-0.6226764,-2.6153097,0.070213035,0.016217537,0.71052015,0.16728094,-0.46325973,0.32866585,2,1.0,0.24214132,Jacob Murphy
0.12320532,-0.2556213,0.3997168,0.12654749,-0.18671642,-0.048550315,-0.21040115,-0.11993955,-0.19510221,-0.56588227,0.2586943,0.13565835,0.03399644,0.131013,-0.053854905,-0.027939625,6,0.9994146,0.10679255,Yunus Musah
-0.27838862,-1.675654,-0.63336307,0.50465035,-1.7883892,-0.7468258,0.56109875,0.18901584,-0.46155715,-2.0716872,-0.020902596,1.0347693,0.5536879,0.68517363,-0.17843172,0.21499553,2,1.0,0.24903795,Jamal Musiala
-0.20416874,-0.18478566,0.0010454357,-0.25068504,0.22266097,-0.040775202,-0.049959756,-0.0031667594,-0.2462602,1.0346229,0.15010038,0.064744756,-0.3975234,-0.1478444,0.12442911,0.045564562,0,1.0,0.047666647,Junior Mwanga
0.24004804,0.6625203,0.6657924,-0.06519286,0.0153862275,0.29336393,-0.18452218,-0.015917428,0.35230204,-1.5383536,-0.21458896,-0.37612125,0.0365609,-0.010932058,-0.32743585,-0.040018834,6,1.0,0.103609584,Phillipp Mwene
0.5577624,1.4813828,0.41909373,-0.22998503,0.6847577,0.8982877,-0.072890975,0.24268411,0.9453479,-1.7024049,-0.51272446,-0.74055,0.0485724,-0.056097873,-0.44911918,0.05656373,6,1.0,0.265788,Vitaliy Mykolenko
0.15344165,0.26372176,0.39135844,0.060070343,-0.16866252,0.14641076,-0.14366873,0.057505887,0.2488927,-1.148642,-0.09221873,0.034298725,0.038772948,0.062791094,-0.27805772,-0.017555721,6,1.0,0.13744158,Joakim Mæhle
0.8044685,1.9145427,-0.18331881,0.15544808,1.2280945,1.0083035,-0.28442693,0.4252793,1.3525848,-0.11968235,-0.62603396,-0.812006,0.43929133,0.15315029,-0.14077593,-0.2776282,1,1.0,0.6135809,Obite N'Dicka
-0.66541374,-0.23567516,-0.03598252,-0.15760164,-0.6360842,-0.45490915,0.10699044,-0.35749447,-0.5857166,0.8663551,-0.1103725,0.40061218,-0.58131754,0.07280257,-0.013526663,0.010176294,5,1.0,0.045451663,Nathan N'Goumou
0.74891806,0.09671253,-0.101836815,0.026657678,1.2847819,0.37762272,-0.24161614,0.2181022,0.42965597,0.9023387,0.3825801,-0.32631868,0.403361,-0.4218902,0.31526366,0.050865747,7,1.0,0.06714191,Stanley N'Soki
0.7273183,1.5616022,-0.14445741,-0.09722901,1.2150255,1.0360342,-0.18967238,0.20002203,1.1767762,-0.23886374,-0.28875208,-0.74866444,0.21948811,0.029941738,-0.13470131,-0.08270595,1,1.0,0.14902912,Mickael Nade
-0.5247334,-1.2223094,-0.74721545,0.4320945,-1.7939849,-1.0275545,0.6562918,0.19328254,-0.43897614,-1.6688567,-0.103977144,1.3479786,0.12243535,0.50160307,-0.08611898,-0.058662392,4,0.9442994,0.12761071,Keito Nakamura
-0.34791046,-0.93502,0.22751229,0.28544068,-1.0684625,-0.56188846,0.19915159,-0.11704087,-0.54830456,-1.8797262,0.08673869,0.2475007,0.5095029,0.2855803,-0.23540342,0.3266682,2,1.0,0.17485186,Sebastian Nanasi
1.6954381,0.2806877,-0.42626226,0.31554928,2.2107959,0.5444581,-0.29205886,0.48713836,1.0547564,1.3627408,0.49598098,-0.48254302,1.0477735,-0.50785524,0.60440713,0.04553645,7,1.0,0.21034905,Matija Nastasić
1.4055228,0.6814179,-0.19286485,0.19669002,1.721136,0.6736345,-0.21264026,0.42426643,1.0121456,0.48445806,0.15391192,-0.31478325,0.73788804,-0.22831802,0.14719337,0.045695767,1,1.0,0.04517501,Natan
0.11123448,-0.0779292,-0.06643139,-0.15082976,0.9067148,0.25241372,-0.1416104,0.059912343,0.05157262,1.4916567,0.24173044,-0.47221172,0.066411145,-0.4347742,0.18572712,-0.061105527,7,0.99999815,0.082409546,Pau Navarro
-0.0900877,-0.16656792,0.29100782,0.008165628,-0.28199163,-0.092324845,-0.24323577,-0.25648484,-0.23731521,-0.23528409,0.13537869,0.09526638,-0.27325198,-0.00085403025,-0.055003755,0.014295064,3,0.9866412,0.09020116,Roberto Navarro
0.17703696,0.7537246,0.11564042,-0.17847547,0.29480815,0.69320345,-0.12774804,0.0991566,0.66234577,-0.74097466,-0.10220426,-0.3245526,-0.22764081,0.12525731,-0.11213238,0.009305939,3,0.9493415,0.052728344,Michel Ndary Adopo
1.587133,0.5659759,-0.32170552,0.2471354,1.6102694,0.48255014,-0.14813448,0.5497989,0.9919362,0.40541598,0.16006258,-0.09519579,0.7323844,-0.12424432,0.2748062,0.07002713,1,1.0,0.069390886,Youssouf Ndayishimiye
-0.027029976,-0.5864804,-0.46888202,0.06429743,-1.0342888,-0.13453573,0.23884301,0.30260035,0.17709267,-1.26738,-0.06321013,0.945488,-0.01569546,0.37930542,-0.061677396,-0.04852172,2,1.0,0.3561655,Iliman Ndiaye
-0.47449753,0.29576898,0.0049746633,-0.25615698,-0.20999709,0.032254755,0.09809373,-0.09279056,-0.105222985,0.86238337,-0.13405804,0.030166598,-0.5334907,0.029749617,-0.07450937,-0.20777458,0,0.99998754,0.12922083,Rassoul Ndiaye
0.13628364,1.3035,0.06877359,-0.37417904,0.45403484,0.86894,0.022807255,0.07099101,0.9710585,-1.0963773,-0.23026358,-0.8056804,-0.32285628,0.080752164,-0.09445764,-0.16777086,6,1.0,0.21130355,Wilfred Ndidi
-0.08791955,-0.18123916,0.111485496,-0.27321422,-0.10926549,0.08486179,-0.12305473,-0.044596974,-0.13273259,0.06350264,0.281445,0.07487524,-0.37134403,0.09561965,0.10096826,0.21365216,3,0.99999905,0.13542229,Tanguy Ndombele
-0.47942808,-1.0795429,0.19769862,0.6321823,-1.4997892,-0.9715644,0.14380111,-0.34740812,-0.42289263,-1.8251467,0.02844913,0.79530084,0.46087608,0.31783563,-0.38406664,-0.090998955,2,1.0,0.18817523,Dan Ndoye
-0.22044697,-0.794647,0.033185095,0.31334496,-1.1597189,-0.5003722,0.33576512,0.1646833,-0.21447533,-2.2388499,-0.1375417,0.5745107,0.47664377,0.28255036,-0.32572395,0.18605126,2,1.0,0.152306,Paul Nebel
-0.43209544,-0.22727649,0.0036529154,-0.21687025,0.19603936,-0.04309077,0.029923752,-0.1753125,-0.34531206,1.7736511,0.036736432,-0.17074353,-0.42709023,-0.3571061,0.08015375,-0.22962779,0,1.0,0.06802346,Kosta Nedeljković
0.55865276,0.9544033,0.28596732,-0.090773426,0.4369747,0.6825393,-0.14359312,0.13114952,0.69793844,-1.1179472,-0.24423261,-0.4188904,-0.039560493,-0.055858284,-0.27244627,-0.10471947,6,0.99978536,0.21069929,Loïc Nego
-0.31448868,-0.4587425,0.39093736,0.078752466,-0.24550804,-0.3423392,-0.2815207,-0.6932586,-0.6983193,0.5084134,0.27807015,-0.073908255,-0.2692315,-0.14162144,-0.056409046,0.09116249,5,1.0,0.19657782,Reiss Nelson
0.6548451,0.79977703,-0.0032800585,-0.0020560175,1.2397494,0.7550625,-0.21702436,0.10136996,0.74999774,0.5688872,-0.0027587935,-0.602663,0.39487776,-0.18683001,-0.022206478,-0.01994612,7,0.9977918,0.07507487,David Nemeth
-0.5294689,-0.65155625,0.70311785,0.2227565,-0.7430214,-0.6878149,-0.24551138,-0.7455833,-0.7968127,-0.77184105,0.15113409,0.0658008,0.05134236,0.04819207,-0.29225242,0.13980052,2,1.0,0.042906873,David Neres
-0.60144377,-0.7733592,1.2894881,0.51046324,-1.0755293,-1.1135013,-0.020000532,-0.7614532,-0.7998196,-2.1120749,0.13620593,-0.01992379,0.5943289,-0.13902947,-0.64962023,0.07733926,2,1.0,0.16008048,Pedro Neto
-0.20972145,0.23339055,0.32744843,-0.2822169,0.20053755,0.13725144,-0.1445548,-0.27784577,-0.17290162,0.6610164,0.07471889,-0.47173372,-0.20291838,-0.2413066,-0.1096388,-0.04864175,0,0.9896153,0.075539835,Luca Netz
0.32338613,0.11805323,0.020745128,-0.0013238713,-0.23772842,0.2465426,0.011590794,0.535054,0.572703,-2.1621897,-0.17797804,0.064094774,0.25128376,0.4491852,-0.11512347,0.25650406,6,1.0,0.22313789,João Neves
0.392274,0.9079992,-0.063999906,-0.13365692,0.64988416,0.7656838,-0.11993348,0.09602274,0.78365856,-0.38888714,-0.1216224,-0.3742756,-0.14759707,0.03625934,-0.042699292,-0.018119745,1,0.9918906,0.053799927,Yvan Neyou
-0.052836373,-0.014833324,-0.064477354,-0.16347677,0.699804,0.202876,-0.07473679,0.042178582,0.0051276237,1.5109324,0.12187479,-0.3960977,-0.02882693,-0.31838843,0.17879987,-0.09927999,0,0.94235796,0.08640457,Mikayil Ngor Faye
2.275807,0.8712821,-0.39954072,0.5284084,2.1574216,0.6113994,-0.06057176,0.8506942,1.4904195,0.016516417,0.00032395497,-0.12107151,1.1418194,-0.0006120354,0.2334781,0.018119447,1,1.0,0.21406122,Moussa Niakhate
0.3760982,1.1106493,-0.0015465319,-0.00094535947,1.1817721,0.8029347,-0.18769808,0.14848016,0.76441866,0.6821276,-0.20257533,-0.7999662,0.38330495,-0.16552158,-0.10933604,-0.16728544,3,1.0,0.2724197,Abdoulaye Niakhate Ndiaye
-0.9893378,-0.64493394,-0.69741124,-0.17011398,-1.1963451,-0.75444204,0.45057625,0.09893271,-0.9175147,0.9553539,-0.18695438,0.99935555,-0.75393057,0.2820451,0.22607672,0.041525528,5,1.0,0.07484467,Ibrahima Niane
0.8265028,-0.80029404,-0.32880318,-0.03071532,1.4866363,0.1423075,-0.4343201,0.33046308,-0.03240081,2.0355556,0.8937167,-0.58450085,0.3501682,-0.599715,0.683671,0.0049807876,7,1.0,0.22176728,Tanguy Nianzou
0.036247503,-0.38662905,-0.10555576,-0.18807319,0.75166315,0.047087245,-0.16191404,0.14623946,-0.23956071,1.6470995,0.32711625,-0.2920308,-0.08066069,-0.42904598,0.28833425,-0.07073056,7,0.9840121,0.050573677,Rasmus Nicolaisen
0.51019645,0.6907222,-0.039882645,-0.13322705,0.21997258,0.5391432,-0.043444708,0.50577307,0.84987944,-1.3126321,-0.23050205,0.14214258,-0.087775,0.20988986,-0.22830307,0.0128491,6,0.9999943,0.17300813,Hans Nicolussi Caviglia
-0.30102652,0.27842045,0.1414941,-0.29495367,-0.15779722,0.26437712,-0.12277773,-0.0027963445,0.12224311,-0.67974347,0.04931333,-0.20827422,-0.26081556,0.24542147,-0.047930747,0.011291146,6,1.0,0.25781393,Saúl Ñíguez
0.42863524,-0.5061535,-0.2315227,-0.14977676,1.1540031,0.13718084,-0.29156798,0.2533453,-0.08454411,1.7718738,0.5804243,-0.402386,0.13567597,-0.5665892,0.45453638,-0.009596854,7,1.0,0.09540235,Tamás Nikitscher
-0.92454183,-0.7384136,-0.20673807,0.028667077,-1.0292927,-0.75651836,0.13812508,-0.45355886,-0.9724678,0.5199997,-0.114791214,0.6830671,-0.59543526,0.24581659,0.030804276,0.17290804,5,1.0,0.09984836,Justin Njinmah
-0.8569977,-0.7178847,-0.6026585,-0.038102806,-1.1986533,-0.72421145,0.30455244,-0.03885041,-0.82199055,0.38646537,-0.11682579,0.96717364,-0.6188547,0.2872785,0.14294246,0.12803699,5,0.9999866,0.15485072,Eddie Nketiah
-0.7197875,-0.74325806,-0.25608414,-0.10158037,-0.9066131,-0.49259,0.14370881,-0.26706773,-0.7404444,0.2880962,0.05523674,0.60171455,-0.51348394,0.29595232,0.07759847,0.36598372,5,0.9999962,0.202853,Christopher Nkunku
0.7624885,0.14686023,-0.18092321,0.044337206,0.630393,0.32661656,-0.11171274,0.35414028,0.5293655,-0.09020149,0.156982,0.2769206,0.105859466,-0.008209288,0.22022101,0.028895602,3,1.0,0.121087715,Felix Nmecha
-0.88309,-0.760958,-0.7685824,-0.20392409,-1.0395906,-0.73447305,0.37381983,0.13536234,-0.9001044,1.4060085,-0.2135576,1.0369949,-0.8507297,0.14276004,0.35770702,0.049959313,5,1.0,0.15893212,Lukas Nmecha
-0.57254386,-0.56618345,-0.15114887,0.008269288,-0.8468571,-0.5068139,0.0049872845,-0.23920432,-0.62560606,0.042182036,-0.103460014,0.7064049,-0.42220494,0.2686745,-0.010832548,0.15687823,5,0.98957014,0.09018387,Arnaud Nordin
-0.35242105,-0.316922,-0.011032805,-0.20776023,0.28410393,-0.059232943,-0.026036128,-0.09078169,-0.34608513,1.7600574,0.09148897,-0.16571267,-0.43648523,-0.36340177,0.13440838,-0.20536974,0,1.0,0.03758716,Brooke Norton-Cuffy
-0.6279495,-0.49030936,-0.028250664,-0.1673625,-0.4783052,-0.4239511,0.060387596,-0.36863625,-0.6646509,0.9785927,0.056839325,0.42093003,-0.61287606,0.012812793,0.036960527,0.15432584,5,1.0,0.037455507,Tijjani Noslin
-0.73563564,-0.3285928,-0.3483867,-0.22156897,-0.6089437,-0.42853898,0.22836174,-0.03099639,-0.5856564,1.2929991,-0.12042235,0.6383407,-0.7203121,0.05981326,0.15405604,-0.09925852,5,1.0,0.082421176,Randy Nteka
-0.30113983,-0.469405,0.20657288,0.099556886,-0.5879005,-0.38076064,-0.21778893,-0.46858728,-0.5453428,-0.14748767,0.12196263,0.41500396,-0.18851922,0.18444717,-0.03361342,0.12282837,5,0.836662,0.06802017,Ernest Nuamah
0.049949802,0.08239381,0.9317354,0.20417848,-0.24540025,-0.07050235,-0.12352921,-0.18831107,-0.06450347,-1.6034466,-0.027229797,-0.3209397,0.22986338,-0.03166336,-0.4210098,0.06887894,6,1.0,0.15392907,Matheus Nunes
-0.90547895,-0.7379442,-0.71684307,-0.14051828,-1.3060542,-0.6475183,0.38769245,0.14113279,-0.7945889,0.2936516,-0.09650205,1.0273293,-0.6648517,0.39365166,0.21769604,0.21982616,5,0.99611086,0.077128544,Darwin Núñez
0.49981624,-0.31341374,-0.25952655,-0.100803494,1.2494905,0.19182561,-0.24369782,0.24891095,0.07005492,1.6750449,0.54771024,-0.44512555,0.28764156,-0.5624769,0.43004024,-0.009363629,7,1.0,0.07632722,Unai Núñez
-0.3174117,-0.26796764,0.59320503,0.043431155,-0.51223135,-0.37080178,-0.21838126,-0.5105429,-0.4871005,-0.6445994,0.13895547,0.050110526,-0.1609048,0.007812619,-0.19084813,0.11690988,2,1.0,0.049568925,Antonio Nusa
-0.17003143,-0.5156211,0.1814813,0.12292486,-0.43888962,-0.28240404,-0.25333455,-0.4698475,-0.54967403,0.13317844,0.27233174,0.3469274,-0.18616784,0.10931456,0.06241919,0.18110737,5,0.9941653,0.15881637,Ethan Nwaneri
-0.19534242,-0.302011,-0.06440927,-0.22188386,0.37664944,-0.008542724,-0.0011951178,0.017818125,-0.24605674,1.4974078,0.14884773,-0.0860155,-0.30632588,-0.25473666,0.21539149,-0.049792193,0,1.0,0.04505607,Allan Nyom
0.056902245,0.6159046,0.04695861,-0.31293347,0.3057439,0.66029483,-0.04127892,-0.012125682,0.50403315,-0.26603675,-0.028052613,-0.4930012,-0.3766475,-0.008044019,-0.08175375,-0.08112832,3,0.9987267,0.20868616,Rabby Nzingoula
-0.88486993,-1.105011,-0.9365643,0.041037478,-1.7275356,-0.9585669,0.48212504,0.16513637,-0.86804926,-0.01840058,-0.22175173,1.3910851,-0.540644,0.5060421,0.20937344,0.13586937,4,1.0,0.11285522,M'Bala Nzola
0.75862336,0.8442317,-0.50322944,-0.37384677,0.48523322,0.7930359,0.3254202,0.64510965,1.5265316,-1.9362783,-0.15806153,0.16551496,-0.1957146,0.38783246,-0.059579216,0.17242578,6,1.0,0.3759183,Christian Nørgaard
0.20797825,0.20776792,-0.0050718486,-0.07351459,0.7583365,0.2359294,-0.05532445,0.14433865,0.18913549,0.94168586,0.17368114,-0.3553139,0.1640648,-0.2550302,0.06807591,-0.02669447,7,0.99999815,0.13646188,Jake O'Brien
-0.2855773,-0.6198065,0.09821898,-0.08401702,-0.44742474,-0.22131255,-0.20024373,-0.35465714,-0.5527107,0.17336306,0.29770672,0.34295866,-0.3432155,0.19295615,0.013459489,0.30727983,5,0.99949664,0.12197987,Matt O'Riley
1.3505299,1.4741036,-0.17771824,0.23420769,1.7431953,0.8926081,-0.17627089,0.48985368,1.381466,0.066821165,-0.25362414,-0.51708084,0.7305268,-0.003204003,-0.025554359,-0.05762986,1,1.0,0.199344,Dara O'Shea
-0.12892924,0.42562056,0.03807777,-0.18862577,0.47305772,0.35865533,-0.033894822,0.043170363,0.13586211,0.71259046,0.04073066,-0.32764736,-0.16671416,-0.12628846,-0.016187526,-0.05179713,3,0.99110204,0.068526305,Adam Obert
-0.6432946,-0.48571968,-0.21029495,0.026449129,-1.0050882,-0.5490351,0.14436512,-0.096260995,-0.53637755,-0.25499454,-0.11319588,0.809417,-0.3484462,0.31821552,-0.015219495,0.15614402,5,0.9949886,0.09275194,Jens Odgaard
-0.37324923,-0.23731048,0.04628928,-0.08207898,-0.16790062,-0.2917532,-0.06101975,-0.28261474,-0.4603632,0.9604483,0.092556894,0.24433796,-0.49191928,-0.16247766,0.053625017,-0.016711839,5,0.9860825,0.0764729,Wilson Odobert
0.28008866,0.809964,0.03998001,-0.18044567,0.85691416,0.7869469,-0.18772301,-0.033191804,0.5645541,0.24245006,-0.054325618,-0.6967728,0.07490384,-0.085877374,-0.061223783,-0.012740523,3,0.9947629,0.0637605,Tim Oermann
0.3874043,0.20674147,-0.13918053,0.013357215,1.1201503,0.34548935,-0.16238888,0.14271127,0.339757,1.2341566,0.25548625,-0.46543103,0.34690383,-0.41304427,0.19937396,-0.035570167,7,1.0,0.078928575,Caleb Okoli
1.5660106,0.51840985,-0.27895463,0.24866596,1.697346,0.51587313,-0.17376775,0.5060037,0.9606135,0.53835195,0.21859473,-0.18086784,0.76397896,-0.18549164,0.2857475,0.05366383,1,1.0,0.096593395,Joseph Okumu
-0.4568139,0.12586562,0.042851135,-0.29303125,-0.14850095,-0.081996195,0.050335363,-0.2144326,-0.22861034,1.2030813,-0.053501956,-0.020263148,-0.51353234,-0.08384314,-0.024269968,-0.16017666,0,1.0,0.060200535,Olasagasti
-0.51318777,-0.4413668,-0.011423647,-0.20889717,-0.13107486,-0.26563716,0.0032944381,-0.28811574,-0.5552324,1.4709091,0.122000955,0.19932519,-0.63950264,-0.25608006,0.07562739,-0.023573644,0,0.9397106,0.028852796,Ben Old
-0.11843458,-0.23686643,0.0413249,-0.22039577,0.5373234,0.04974749,-0.12102476,-0.015241712,-0.288226,1.3551484,0.23810256,-0.30706537,-0.23061407,-0.40033382,0.18062705,-0.013799667,0,1.0,0.033977438,Finn Ole Becker
-0.2698894,-1.4504759,0.21533734,0.7524082,-1.7263545,-0.98421204,0.81396306,0.38907173,-0.48752722,-4.2390113,0.08202322,0.4720856,1.4547833,0.46417928,-0.42237422,0.39036158,2,1.0,0.058769953,Michael Olise
-0.46571407,0.18935965,0.30060452,-0.26686874,-0.13947217,-0.06872069,-0.08009147,-0.47529447,-0.2566374,0.90733117,-0.019526433,-0.22250476,-0.4305902,-0.16153398,-0.19137828,-0.17771935,0,0.99922216,0.08578117,Brian Oliván
0.16598046,0.82801545,0.1298081,-0.2548661,0.49952936,0.68444747,-0.10294154,-0.03819304,0.54131186,-0.23891288,-0.11991434,-0.6367324,-0.13510264,-0.08732907,-0.17006797,-0.14762345,3,1.0,0.08834353,Lucas Oliveira Rosa
0.37409532,1.2460873,0.06652142,-0.20254323,0.46841785,0.8578027,-0.0678378,0.23863648,0.9733292,-1.1305957,-0.3350224,-0.54527,-0.19372337,0.09000182,-0.21546859,-0.16863692,6,0.91926676,0.07387962,Mathías Olivera
-0.29170668,-1.4561903,-0.43113905,0.26338097,-1.395011,-0.5345646,0.30624002,-0.050406106,-0.6422891,-0.9869679,0.011971427,0.7707699,0.16579413,0.59588706,-0.047612846,0.4165593,4,0.99998385,0.22298154,Dani Olmo
1.0446376,0.052522853,-0.24517165,0.1246065,1.61195,0.41895247,-0.29427272,0.34109235,0.60269123,1.1767752,0.46332866,-0.38916188,0.6236177,-0.5164668,0.44254398,0.0066141933,7,1.0,0.07520072,Becir Omeragic
0.25616366,-0.35515177,-0.16827302,-0.1494253,1.0794673,0.1802496,-0.2150163,0.18247232,-0.07880072,1.8381237,0.40354478,-0.5222307,0.18840665,-0.54789937,0.34352067,-0.075655974,7,1.0,0.10969858,Andrew Omobamidele
-0.7208607,-0.64478046,-0.4276765,-0.15438247,-0.89136803,-0.5265113,0.15655853,-0.065191746,-0.7294768,0.58138424,-0.033778623,0.81359947,-0.6483154,0.25807467,0.17932671,0.26566023,5,1.0,0.05162706,Ado Onaiwu
0.8897568,0.3366499,-0.22794916,-0.01889348,0.7716082,0.49505666,-0.03430225,0.3118885,0.7768,-0.10231442,0.06292143,0.10822035,0.12882158,0.033606738,0.14311343,0.102538794,1,0.9999962,0.1716812,Amadou Onana
-0.9345865,-0.4470402,-0.713833,-0.27239203,-1.1236092,-0.640474,0.46829838,0.13618882,-0.78413373,1.2976716,-0.28423923,0.95075977,-0.7466709,0.20769137,0.2426152,-0.030670248,5,1.0,0.10222091,Paul Onuachu
0.16180989,1.1227845,0.012914121,-0.2952896,0.30579072,0.88601714,0.006753728,0.1679627,0.9763067,-1.0031344,-0.18139735,-0.502221,-0.38160086,0.11768636,-0.15289815,-0.15058959,6,0.9999409,0.10349109,Frank Onyeka
-0.9172758,-1.2246746,-0.54144996,0.43450218,-1.8997915,-1.2448163,0.54862046,-0.07308874,-0.8124989,-1.2132787,-0.24674524,1.2770904,-0.114909954,0.5036228,-0.15478475,-0.04281453,4,0.99999815,0.12361115,Loïs Openda
-0.11218071,0.015568145,0.5032572,-0.13504305,0.078549415,-0.11851468,-0.24386851,-0.3832785,-0.35043705,0.0476889,0.19296636,-0.2630277,-0.1468576,-0.248249,-0.10200468,0.025955245,3,1.0,0.117575385,Christopher Operi
-0.82729924,-0.68533194,-0.6099066,-0.2855799,-0.781238,-0.54128456,0.29996544,0.06915146,-0.80726236,1.4641244,-0.08458534,0.86479414,-0.82278967,0.04602036,0.27730137,0.029497586,5,1.0,0.09146538,Gift Orban
1.9824902,0.84013015,-0.49048936,0.36579347,1.6903392,0.45796078,0.01231426,0.87629277,1.2943944,-0.039743014,-0.08321316,0.13956471,1.0098674,0.10228264,0.25155848,0.092325784,1,1.0,0.27830976,Willi Orban
1.631411,0.25762367,-0.30911785,0.2750832,1.9895061,0.53724885,-0.2018381,0.41861144,0.96143806,1.0743865,0.4157682,-0.38986847,0.9803731,-0.40232217,0.47207618,0.042081684,1,0.99999815,0.31072956,Ivan Ordets
-0.4936559,-0.637451,0.42996854,0.3285111,-0.8788733,-0.73040664,-0.111876205,-0.49844387,-0.61288047,-0.983626,0.05316546,0.4129722,0.03517238,0.15332419,-0.2949893,-0.03927604,2,1.0,0.057749666,Gaetano Oristanio
0.30376148,-0.36922008,0.16283874,0.10774591,-0.65402246,-0.012376837,0.10494234,0.37750727,0.15199691,-2.1846087,0.011295348,0.34761286,0.43825403,0.29840282,-0.2576019,0.15722063,2,0.9998684,0.09618517,Aimar Oroz
-0.6249317,-1.6306996,-0.9302988,0.51835483,-2.0801163,-1.0738362,0.86430115,0.25474063,-0.6674784,-1.6046407,-0.108533144,1.4009371,0.17358437,0.6599206,0.0033688992,0.18070787,4,1.0,0.16871586,Riccardo Orsolini
0.7168902,0.09664065,-0.17177884,0.0649808,1.3404875,0.35069823,-0.23196603,0.2490329,0.4361049,1.1185209,0.35098517,-0.37645772,0.48418966,-0.48372075,0.29952168,-0.011430569,7,1.0,0.05802862,Gabriel Osho
0.21187101,0.63218963,0.06870426,-0.109134704,0.36958137,0.5628081,-0.11126195,0.12604961,0.52420485,-0.33882204,-0.058410086,-0.1810842,-0.19629574,0.086313576,-0.059328064,-0.07255051,3,0.999876,0.026510071,Patrick Osterhage
-0.76157844,-0.974562,0.018997192,0.50327444,-1.4947052,-1.0358411,0.3396222,-0.1478902,-0.573013,-1.6392455,-0.102558866,0.66916704,0.18986553,0.27510893,-0.31682357,-0.070818685,2,1.0,0.25151247,Dango Ouattara
-0.13985296,-0.47965837,-0.09719084,-0.23264086,0.51152086,-0.05041664,-0.09281194,0.07492162,-0.37776232,1.6443542,0.2969659,-0.11025273,-0.2658577,-0.37432975,0.2807,-0.017864458,0,1.0,0.047109984,Guimissongui Ouattara
0.11309712,1.1247604,-0.010388941,-0.3088774,0.55989265,0.92020875,-0.028046176,0.019601712,0.84246546,-0.5050823,-0.10845287,-0.73997074,-0.2095817,0.07058667,-0.11789333,-0.009087078,1,0.9915445,0.22637758,Elisha Owusu
-0.7044041,-1.178011,-0.92119133,0.092970364,-1.7637615,-0.85300004,0.5557186,0.25751483,-0.67141783,-0.4164455,-0.16253646,1.362892,-0.39758354,0.64766234,0.17928618,0.14687252,4,1.0,0.11417104,Mikel Oyarzabal
0.20985068,-0.06679874,-0.16695286,-0.098565474,1.0221783,0.24731201,-0.15219346,0.11975132,0.105335206,1.6458421,0.28511763,-0.50566125,0.19729611,-0.46972775,0.2733526,-0.11337345,7,1.0,0.11756512,Cenk Özkacar
-0.0047966167,-0.63447666,-0.12523703,-0.17335412,0.40659553,-0.13210365,-0.15309519,0.103587,-0.42584634,1.4043571,0.38420576,0.052892733,-0.2154212,-0.3064991,0.380163,0.076445475,0,1.0,0.0968958,Nico O’Reilly
0.21516359,-0.2079204,-0.13750876,-0.12179956,0.96702546,0.18465362,-0.15748298,0.14199108,0.010068178,1.5421716,0.34657776,-0.40608367,0.09240841,-0.4628858,0.2747221,-0.07698127,7,1.0,0.058574807,Jon Pacheco
0.8670052,1.5941486,-0.19568454,-0.012126774,1.3949264,1.0787364,-0.23299448,0.24110325,1.2701694,0.012620725,-0.34789562,-0.8434462,0.33157033,0.08811641,-0.05784779,-0.1314869,1,1.0,0.30505857,Willian Pacho
0.37256044,-0.23163536,0.2756105,-0.005266927,0.12049267,0.086585194,-0.19822739,0.18979703,-0.0774526,-0.8610702,0.23201881,-0.06856595,0.19809312,0.15654948,0.06670396,0.2302363,6,0.99999833,0.30017626,Exequiel Palacios
0.6520139,-0.70924765,-0.2614358,-0.052182835,1.2711849,0.09582075,-0.38604766,0.30375737,-0.10532138,1.8343353,0.78308576,-0.46362644,0.22886196,-0.5672808,0.5750545,-0.025347464,7,1.0,0.14998874,Tomás Palacios
-0.38464424,-0.63803595,0.38288012,0.15709001,-0.83537066,-0.48702216,-0.043393962,-0.1458819,-0.49920052,-1.5954988,-0.037730448,0.12811077,0.32643828,0.21547326,-0.34467334,0.24330604,2,1.0,0.23529729,Isaac Palazón Camacho
0.025344536,-0.3794083,-0.015079454,-0.19285807,0.7026738,0.06554338,-0.18456592,0.13089596,-0.20409599,1.4788772,0.286273,-0.23248349,-0.16203046,-0.38856167,0.2266644,-0.059263445,0,0.9999638,0.07855536,João Palhinha
0.76020634,1.2255682,-0.037515208,-0.015729241,1.4760685,1.0050523,-0.21943599,0.19666876,1.0033087,0.48510367,-0.11613378,-0.86015093,0.5237302,-0.12715821,-0.093229294,-0.054323755,1,0.9649087,0.21682557,Nicolas Pallois
-0.33327436,-2.1176486,-0.79121816,0.909202,-2.3194423,-1.1519998,1.0980728,0.6824196,-0.46944702,-4.358881,-0.09443258,1.1054348,1.5078056,0.72219473,-0.19556478,0.4528801,2,1.0,0.20500264,Cole Palmer
0.21656258,0.7179902,0.1976698,-0.19490737,0.19637914,0.5415919,-0.09601849,0.10645805,0.5771627,-0.7548482,-0.13519816,-0.28984717,-0.25302485,0.048510402,-0.23158813,-0.17945892,3,0.9061565,0.06937571,Emerson Palmieri
0.40854755,0.1891234,-0.059697896,-0.23250014,-0.22657236,0.29528353,0.2164266,0.61941993,0.7133812,-2.137966,-0.27315432,0.29238006,0.14544752,0.3147118,-0.15422446,0.17937781,6,1.0,0.30163342,Lucas Paquetá
-0.17728668,0.91159016,8.6426735e-07,-0.104087435,0.49994966,0.4646707,0.035707712,0.23521484,0.3886903,0.92648214,-0.14502086,-0.44787204,0.13428637,0.017630741,-0.14436953,-0.2403445,3,1.0,0.52538407,Aitor Paredes
1.2043136,-0.24461786,-0.18999188,0.15924191,0.77848536,0.11393188,-0.09157231,0.3522621,0.32693246,-0.0047076046,0.2825163,0.1588748,0.5040767,0.06448628,0.40978223,0.16463694,3,0.9999834,0.48080963,Leandro Paredes
0.7938765,0.4939767,-0.08884056,-0.19750574,0.4726601,0.6049387,-0.012835994,0.46928114,0.97367334,-1.450528,-0.23157187,0.113124594,0.13311693,0.19848925,-0.065911815,0.36159906,6,1.0,0.21185449,Daniel Parejo
-0.08753829,0.08889374,-0.022434115,-0.2237562,0.3955369,0.16076759,-0.03255473,0.0108363405,-0.051190645,0.9421475,0.093441136,-0.10990869,-0.24083152,-0.18990675,0.12660643,0.022700213,0,0.9995767,0.07340129,Fabiano Parisi
1.0998375,0.9272814,-0.32575727,-0.27980658,0.5161747,0.86380714,0.19134285,0.73701555,1.6722534,-2.1888134,-0.36430246,0.10253649,-0.009890273,0.36925757,-0.09450699,0.24462688,6,1.0,0.21772595,Thomas Partey
-0.074795246,-0.3961501,-0.22001679,0.12756321,-0.79058516,-0.26428115,0.11554603,0.38828906,0.0679678,-1.7477286,-0.20412755,0.5637485,0.31348303,0.28364676,-0.1270544,0.08839181,2,1.0,0.33736,Mario Pašalić
-0.14150362,0.43657696,0.93234444,-0.1059973,-0.14310831,0.013622619,-0.21079895,-0.31078434,-0.094465554,-1.220998,-0.14940615,-0.63549936,-0.066898234,-0.15660271,-0.44912076,-0.10597391,6,1.0,0.14039275,Felix Passlack
-0.07666986,-0.4359911,-0.08327161,-0.23716623,0.56092674,-0.008002736,-0.10463804,0.14404443,-0.313163,1.6341645,0.27922943,-0.18202353,-0.185186,-0.37648207,0.25876746,-0.06408735,0,0.99996185,0.06731515,Patric
-0.07949151,0.9852997,0.08816564,-0.096934825,0.5725852,0.52759933,-0.15122257,0.11072944,0.45145154,0.528136,-0.22420658,-0.67103606,0.0276713,-0.0036313534,-0.1627454,-0.20019165,3,1.0,0.33070263,Benjamin Pavard
1.4074711,-0.19092613,-0.25090998,0.29576373,1.0863886,0.12458994,-0.17510858,0.43765867,0.4866789,0.42179275,0.28123385,-0.03499724,0.529142,-0.0722473,0.38612032,-0.042346604,1,1.0,0.46965018,Aleksandar Pavlovic
0.66528857,0.9605787,-0.07518263,0.0438898,0.7631789,0.600684,-0.17080207,0.31150416,0.75265074,-0.2709922,-0.29345715,-0.25330165,0.082552485,0.03834282,-0.05791647,-0.20599851,1,0.9965727,0.12670194,Strahinja Pavlović
-0.25732642,-0.043639503,0.23891327,-0.16535163,-0.15723288,-0.078484215,-0.20804447,-0.3331725,-0.32204944,0.4134351,0.12630227,0.035517853,-0.4068281,-0.05247245,-0.010456279,0.08317486,5,0.98895496,0.044169415,Martín Payero
-0.50321174,-0.37713653,-0.06534378,-0.16166708,-0.10837335,-0.24921909,0.03839536,-0.22177462,-0.51085997,1.5340339,0.039383274,0.2086748,-0.5835888,-0.2164635,0.09034547,-0.062364645,0,0.9896682,0.043637153,Nicolas Pays
-0.18233204,-0.88249713,-0.20837297,0.36557025,-1.3744974,-0.47936565,0.49717218,0.5525332,0.109172806,-3.2267075,-0.08297527,0.558786,0.8584371,0.507311,-0.17084838,0.20229957,2,1.0,0.28744724,Nicolás Paz
-0.3008335,0.1331002,0.12125574,-0.15175742,0.118379354,0.0025906563,-0.036642656,-0.22916096,-0.17355195,1.0513138,-0.015984535,-0.18223174,-0.3377151,-0.20055202,-0.017750643,-0.13868523,0,1.0,0.15647131,Marcus Pedersen
-0.33290017,-0.3922397,0.12522578,-0.2288011,0.0846838,-0.15992919,-0.09969789,-0.2909659,-0.49763253,1.1844597,0.26648545,-0.016805092,-0.46851125,-0.33884335,0.06928913,0.09715186,0,0.99988747,0.07482535,Alfonso Pedraza
0.6313337,0.22761787,0.90615445,0.21468738,-0.14676465,0.09648151,0.1259396,0.6112086,0.5586469,-3.8417587,-0.23911564,-0.32483906,0.8321632,0.38432163,-0.3085714,0.41987205,6,1.0,0.25247443,Pedri
-0.33876398,-1.204875,-0.4470423,0.18154955,-1.273781,-0.48680955,0.22703852,-0.09952141,-0.6262931,-0.6480921,0.03978023,0.8205603,-0.06484518,0.49053383,0.018163562,0.33756346,4,0.9999752,0.22932105,Pedro
0.3564777,0.9259491,0.33631968,-0.17679271,0.3923279,0.60592985,-0.11983085,0.06374742,0.5835884,-0.94207394,-0.24884425,-0.46251753,-0.12852703,-0.096996106,-0.30572128,-0.11834485,6,0.99233145,0.06964197,Adrià Pedrosa
-0.5558226,-0.57969,-0.27041173,-0.24654791,-0.41428357,-0.41164774,0.11699726,-0.11552738,-0.6496183,1.2013102,0.10708938,0.5941249,-0.696787,0.00625585,0.1941132,0.13754185,5,1.0,0.12973735,Jordan Pefok
-0.53028643,-0.56145686,0.070319325,0.032518372,-0.7230065,-0.46431613,-0.08025771,-0.26870504,-0.5194878,-0.44305342,-0.036787592,0.5382212,-0.25143462,0.22269449,-0.11099817,0.18104589,2,0.96578705,0.095874734,Lorenzo Pellegrini
-0.2654302,0.20065443,0.5703177,-0.11029292,-0.054935433,-0.021688364,-0.2610155,-0.40752026,-0.27532464,-0.13319463,0.110664956,-0.35061654,-0.18600267,-0.09496884,-0.12732084,0.062780514,3,1.0,0.0929449,Luca Pellegrini
-0.9000857,-0.54663044,-0.5413611,-0.22396839,-1.0379732,-0.6692986,0.3730173,-0.036467113,-0.8502356,1.3105613,-0.21025284,0.83162904,-0.77661556,0.14724636,0.16689837,-0.009533823,5,1.0,0.05647462,Mateo Pellegrino
0.17745441,0.0530407,-0.050486907,-0.15580495,0.71834856,0.19786844,-0.06186991,0.13078894,0.07410024,0.8880875,0.24862857,-0.14763665,-0.026609667,-0.25766194,0.18228349,0.06788264,7,0.9999962,0.06764346,Timothee Pembele
-0.5385519,-0.13065113,0.15533783,-0.14402807,-0.24900955,-0.24858326,-0.009564236,-0.39751384,-0.39203858,1.2206422,-0.043468088,0.11325082,-0.5787443,-0.13481219,-0.03466367,-0.14549318,5,0.9989382,0.1184793,Rubén Peña
-0.54549766,-0.7689066,0.7514417,0.34695694,-0.9290411,-0.79651314,-0.14957975,-0.6579702,-0.7773845,-1.3470019,0.13914889,0.05595769,0.27852765,0.07284178,-0.35349005,0.15736377,2,1.0,0.04969236,Nicolas Pépé
-0.4721149,-0.37769789,-0.086819515,-0.23195532,-0.25936413,-0.27510837,0.013950288,-0.19950564,-0.5103873,0.9584792,0.17141967,0.38637644,-0.59442145,-0.05205287,0.08706744,0.13731574,5,1.0,0.050792553,Peque
-0.47788045,-0.43176156,0.8374992,0.0954357,-0.57902914,-0.50107515,-0.1438435,-0.44696385,-0.6658543,-1.3529185,0.07559334,-0.17581074,0.25116307,0.091605365,-0.39898703,0.25223187,2,1.0,0.268103,Andreas Pereira
-0.71085703,-0.22311255,0.3682136,-0.10950117,-0.7826241,-0.41744614,-0.085495666,-0.43140504,-0.53792846,-0.6067002,-0.01579931,-0.04548072,-0.32282078,0.041184977,-0.18637387,0.037783265,2,1.0,0.25599584,Mathias Pereira Lage
0.5778296,0.65413666,0.18998696,-0.03525634,0.5213388,0.5873525,-0.14476892,0.22353972,0.716856,-0.81078315,-0.15220484,-0.2357655,0.0058835745,0.0097275525,-0.22497389,-0.13113865,3,0.98075926,0.11679064,Pedro Pereira
-0.72410536,-1.9876866,-1.7054522,0.3528064,-2.8213468,-1.3976847,1.207228,0.6309177,-0.87757564,-1.391117,-0.19043227,1.7836305,0.024970748,0.81757593,0.32134792,0.16604368,4,1.0,0.17933252,Ayoze Pérez
-0.5289608,-0.21592656,0.06717749,-0.14700627,-0.67029923,-0.3896954,-0.044486955,-0.32927126,-0.4817648,0.24053982,-0.13320929,0.29775316,-0.56616044,0.07570909,-0.083618656,0.08153943,5,0.9999962,0.1215508,Carles Pérez
-0.4160846,-0.19182399,0.18304148,-0.23603511,-0.038118128,-0.14698988,-0.09711708,-0.39913508,-0.44824263,1.1276816,0.10720066,-0.086863115,-0.51033217,-0.3061549,-0.054224476,-0.081628,0,0.9999543,0.08772848,Francisco Perez
-0.1272557,0.25462478,0.16335472,-0.16797422,0.15355945,0.12322739,-0.1291797,-0.12750164,-0.02479691,0.2693848,0.06807036,-0.09303452,-0.3641882,-0.06496362,-0.034964025,-0.041112714,3,0.9999829,0.07845765,Kike Pérez
-0.36025834,0.0916087,-0.04019931,-0.22727665,-0.25675428,-0.028713621,-0.0144566,-0.031897902,-0.12275848,0.35806078,-0.00871988,0.28525162,-0.56019104,0.09364666,0.0040322095,-0.030342989,3,0.9989963,0.12251215,Kike Pérez
0.478845,0.82520884,0.47680277,-0.11747266,0.4098534,0.4905119,-0.13128008,0.03977685,0.46723998,-1.1262168,-0.24491166,-0.44188884,0.04899677,-0.17490336,-0.30897194,0.013554044,6,1.0,0.20671758,Luis Pérez
0.1801255,0.71250314,0.4366426,-0.05557847,0.2514429,0.45026973,-0.20907769,-0.097920835,0.36350507,-0.5995758,-0.20120262,-0.3629042,-0.035424843,-0.046504825,-0.2847184,-0.16511852,3,0.9128996,0.102735,Romain Perraud
-0.47385535,-0.88570046,0.40631667,0.37113884,-1.2542496,-0.58211935,0.4172476,0.16236119,-0.4639514,-3.0893402,0.08050678,0.0014751442,0.8322463,0.32573116,-0.3325101,0.50635415,2,1.0,0.2990656,Gaëtan Perrin
0.28472376,0.7908523,0.19433205,-0.1352469,0.5501688,0.53237444,-0.2122173,0.2187647,0.49841785,-0.68802464,-0.23502342,-0.40897265,-0.016481303,0.0030803531,-0.09421973,0.06443954,3,0.99421275,0.12820022,Máximo Perrone
0.042732537,-0.3323812,-0.110568896,-0.16320214,0.7680147,0.08025205,-0.17132826,0.10247089,-0.20284873,1.5617716,0.30916196,-0.2865042,-0.10890289,-0.4253696,0.30382797,-0.06163559,7,0.96677214,0.05441304,Matteo Pessina
0.47800133,1.3437605,0.1091385,-0.16990495,0.7225661,0.9946889,-0.07702078,0.1372798,1.0733092,-1.1175427,-0.26184636,-0.63733006,-0.088552944,0.064098686,-0.2715659,-0.0009953976,1,0.91116357,0.10320934,Léo Pétrot
0.115836464,0.8599825,1.1346006,-0.09932502,0.016990177,0.09229132,-0.1439004,-0.2714165,0.17073473,-1.583947,-0.38133663,-0.8102914,-0.07300935,-0.36804074,-0.5621748,-0.24259514,6,1.0,0.26120895,Giuseppe Pezzella
0.03294837,0.25406027,-0.017505154,-0.10438192,0.734675,0.34643564,-0.1005897,-0.009196553,0.20629498,1.0041564,0.11584122,-0.3809471,-0.029249638,-0.24174827,0.06855352,-0.02437865,7,1.0,0.06296651,Kalvin Phillips
-0.71838903,-0.256496,-0.28412735,-0.27378178,-0.5630425,-0.36041525,0.24821912,-0.09552917,-0.48653588,1.4575526,-0.09593925,0.48167574,-0.69070697,0.015847802,0.08243762,-0.11633737,5,1.0,0.05474233,Jaden Philogene Bidace
0.63609254,-0.7832896,-0.31433064,-0.07860885,1.2349805,0.07482079,-0.35920152,0.25225413,-0.1354326,1.8298588,0.81291366,-0.3599873,0.111616395,-0.4856964,0.64869946,0.070145056,7,1.0,0.29648855,Pica
-1.1357172,-1.2738854,-1.5146492,0.16979301,-2.4254494,-1.4329394,0.93587595,0.5847468,-0.88234246,-0.2952822,-0.38315237,1.8902185,-0.49553016,0.6952661,0.39314872,-0.070010744,4,1.0,0.18805584,Roberto Piccoli
-0.69436264,-0.5625706,-0.109194115,-0.14451675,-0.59801155,-0.57028073,0.092723146,-0.37454525,-0.7825252,1.0363898,-0.008713108,0.51427525,-0.6691477,0.07113555,0.050409526,0.10046777,5,1.0,0.07189174,Benedikt Pichler
1.0473754,0.3378595,-0.14271481,0.09984694,1.5270721,0.5293322,-0.2393209,0.28402224,0.6920681,0.7981939,0.33053517,-0.3676524,0.5749449,-0.37038648,0.26332486,0.06412567,7,0.99996185,0.0430594,Amos Pieper
-0.74937415,-1.0622699,-0.56167597,0.18713474,-1.5178478,-0.8186476,0.46900368,0.107581586,-0.6878557,-0.77777106,-0.18364957,1.0626805,-0.20006126,0.5729884,0.03613223,0.14133015,4,1.0,0.14362319,Marvin Pieringer
-0.34548312,-0.23055439,0.12039927,-0.11937834,-0.6590131,-0.17558274,-0.08048703,-0.13588089,-0.22638683,-0.56658846,-0.007256262,0.2644,-0.46498132,0.08133577,-0.12435526,0.03640534,2,1.0,0.1302571,Santiago Pierotti
0.32573646,0.5630466,0.0023078173,-0.09405189,0.82706565,0.59900314,-0.14369498,0.020176282,0.47295213,0.3204157,0.08061479,-0.38487414,0.0040652826,-0.13475141,0.01040718,0.034068115,3,0.99946034,0.11204736,Balthazar Pierret
-0.71565616,-1.0788331,-1.0167029,0.08513331,-1.7197452,-0.90551686,0.5249739,0.34767333,-0.72344655,-0.06446528,-0.24202688,1.4822469,-0.515581,0.5737871,0.26526678,0.09071457,4,1.0,0.13669981,Andrea Pinamonti
0.65324223,0.9398136,0.015278742,0.09145767,1.3071429,0.6873495,-0.183596,0.2583854,0.76480514,0.57219857,-0.07164922,-0.54927945,0.53143346,-0.16790932,-0.0317161,-0.076140754,7,0.99594945,0.16135412,Ethan Pinnock
-0.45689067,-0.26666617,0.7980288,0.030533284,-0.69391644,-0.43493146,0.03213857,-0.30073237,-0.41039222,-1.7811729,-0.03986928,-0.2624377,0.22539917,0.09857163,-0.418922,0.1216281,2,0.9987163,0.24606767,Yeremi Pino
-0.4245312,-0.13511343,-0.0898516,-0.12480075,-0.3902466,-0.21317846,0.023718968,-0.07365817,-0.30698228,0.5308872,0.05702512,0.42226893,-0.49977458,0.13558275,0.058990702,0.047178596,5,0.9991763,0.09314011,Niccolò Pisilli
-0.443387,-1.4420234,-0.504006,0.43128467,-1.6068996,-0.82903844,0.4720258,0.0059503578,-0.6048576,-1.395567,-0.024491407,1.0347394,0.2419801,0.57301056,-0.09412629,0.2593494,4,0.9419528,0.16705498,Alassane Pléa
-0.33111772,-0.025959078,-0.045252815,-0.28497773,-0.2029374,-0.053456612,0.048923075,0.018547468,-0.16217439,0.66150665,0.054311723,0.24269682,-0.50398767,0.071343884,0.067672774,0.04257147,5,0.99985313,0.09644856,Tommaso Pobega
-0.9708189,-0.7233597,-0.7671374,-0.13739212,-1.3889376,-0.7737334,0.45098543,0.12226361,-0.8550035,0.55509704,-0.23422618,1.156368,-0.66553545,0.4011556,0.20255905,0.12309072,5,1.0,0.16583045,Joel Pohjanpalo
-0.26300782,-0.2097725,1.5114936,0.36561498,-0.74754745,-0.7869498,0.15445544,-0.5167358,-0.46113846,-2.5573025,0.08766119,-0.2083325,0.76880753,-0.13322875,-0.65956545,-0.071641706,2,1.0,0.22476701,Matteo Politano
0.7014741,-0.064137906,-0.1523266,0.05788534,1.3694692,0.32267374,-0.27885255,0.25810012,0.35781157,1.2341721,0.41839486,-0.42890137,0.47331724,-0.544001,0.32833982,-0.025551371,7,1.0,0.038894307,Marin Pongračić
-0.03782125,0.4292311,0.6118342,-0.16765943,-0.06783978,0.15279315,-0.18133123,-0.17317288,0.09364122,-0.832801,-0.13918744,-0.31563535,-0.18050276,-0.1077897,-0.35158777,-0.10458567,6,0.99100935,0.11226968,Finn Porath
0.23240717,1.2098713,1.0241606,-0.12920828,0.15186292,0.40266407,-0.07605158,0.28719142,0.68633085,-3.0418534,-0.5584388,-0.7965524,0.19792765,0.05297798,-0.48358017,0.15096942,6,1.0,0.15206182,Pedro Porro
-0.59352756,-0.3868922,0.11734981,-0.2025149,-0.39758828,-0.35081804,-0.01946412,-0.47147048,-0.6244272,0.92244357,0.07123768,0.23054574,-0.60461324,-0.067139834,-0.043369055,0.084795505,5,1.0,0.05567817,Portu
-0.2948019,0.05933021,0.17430161,-0.2455922,0.27643216,0.073547944,-0.07416701,-0.21416976,-0.16831702,1.1555437,0.041655425,-0.33591983,-0.29009396,-0.27415767,-0.028144442,-0.14672771,0,1.0,0.069907136,Stefan Posch
0.25296634,0.6605453,-0.022935808,-0.17983463,0.53457415,0.72293043,-0.0690881,0.0189471,0.62576056,-0.13908014,0.025326386,-0.4056198,-0.20625825,0.029279724,-0.067292124,0.019021794,3,0.86874956,0.110559486,Beñat Prados
0.21686718,0.32871562,0.5807828,-0.1079048,0.21279915,0.11915868,-0.18831131,-0.11150952,0.050305977,-0.56573325,-0.014412876,-0.37739736,-0.09200247,-0.18289918,-0.28615785,-0.14255157,3,0.9732736,0.10919861,Alexander Prass
-0.4669157,-0.21343733,0.013707265,-0.22777718,0.17134978,-0.048325278,-0.014690697,-0.20164676,-0.3474753,1.743895,0.017537683,-0.19022982,-0.5195494,-0.37600553,0.05911866,-0.24743453,0,1.0,0.06558685,Matteo Prati
-0.79883444,-0.5231836,-0.35464162,-0.20164892,-0.5503467,-0.48286295,0.25973094,-0.062164135,-0.69814163,1.8429517,-0.09583454,0.62967557,-0.759866,-0.07220614,0.17948619,-0.12144207,5,1.0,0.073668644,Abdón Prats
-0.69137025,-1.3146652,-1.064027,0.3192228,-1.9764966,-1.0129058,0.8033776,0.37134293,-0.5795244,-1.2162427,-0.06383243,1.4405831,-0.07342963,0.6651411,0.14045927,0.054754574,4,1.0,0.16141368,Javi Puado
-0.6609098,-1.3771799,-0.02674751,0.767768,-1.823818,-1.0254074,0.68941355,0.023395255,-0.5159328,-3.1928966,0.04572466,0.55844617,1.026872,0.5311531,-0.29917276,0.18429856,2,1.0,0.23794012,Christian Pulisic
-0.09229502,-0.22873458,-0.06522457,-0.22041842,0.71015054,0.17096566,-0.10156971,0.04046728,-0.1475761,1.7887237,0.18742378,-0.47350708,-0.05136411,-0.3860629,0.22003055,-0.14120308,0,0.9984657,0.09986275,Jarell Quansah
0.49427542,0.678511,0.050613403,0.06747087,1.0998871,0.5112135,-0.18404575,0.2408836,0.56610274,0.58429974,-0.056392394,-0.45758453,0.40313947,-0.21313764,-0.03463573,-0.13328466,7,0.99974257,0.23315683,Leopold Querfeld
-0.60259724,-0.96644855,0.26767606,0.2752257,-1.0341597,-0.45655936,0.14983349,-0.22073613,-0.6021515,-1.7243655,0.0603745,0.118906975,0.4423854,0.382401,-0.18741478,0.47563526,2,1.0,0.3324309,Dani Raba
0.35880268,-0.8286358,-0.75141853,0.19909316,-1.2386299,-0.14381501,0.40941614,0.80440986,0.5078839,-2.4857504,-0.20902885,0.99426067,0.41381064,0.49634147,-0.11666721,0.033942595,2,1.0,0.2162911,Adrien Rabiot
-0.15865327,0.1464193,0.26013464,-0.2515639,0.20398737,0.13694224,-0.17015183,-0.22759601,-0.100958064,0.48185724,0.06506019,-0.32872808,-0.27607813,-0.19650643,-0.079747245,-0.010465927,3,0.968169,0.119395316,Hamza Rafia
1.93373,1.1660454,-0.32423347,0.41183144,1.9203188,0.6296679,-0.016522959,0.90901965,1.4163029,-0.14206678,-0.17109936,0.008631432,1.0816865,0.0461763,0.13593414,0.015693456,1,1.0,0.14217266,Antonio Raillo
0.2774884,0.5019198,0.010612413,-0.12151221,0.69405395,0.5649517,-0.1396761,0.041336276,0.43281823,0.21271256,0.10240259,-0.35650536,-0.07489277,-0.068852596,-0.016324632,0.037024997,3,0.9959019,0.09696301,Ylber Ramadani
-0.7050426,-0.18391861,0.34421515,-0.10908236,-0.22099002,-0.27792147,-0.10688268,-0.67957574,-0.5819457,1.1767696,-0.023437742,-0.18635096,-0.51091105,-0.2727261,-0.15156005,-0.08399048,5,1.0,0.20004658,Benito Ramírez
-0.5964575,-0.7213042,0.033992186,0.21242216,-1.1428943,-0.58286726,0.13004167,-0.09628238,-0.50591815,-0.9319478,-0.039902575,0.77481544,-0.20306444,0.27435642,-0.18157312,0.17493764,2,1.0,0.19183682,Sandro Ramírez
-1.404459,-1.5313674,-1.6418971,0.10349672,-2.5185337,-1.4336475,0.9948639,0.46858257,-1.1982352,-0.015603244,-0.27644914,1.7228795,-0.55752593,0.66508085,0.52809215,0.1718979,4,1.0,0.31526428,Gonçalo Ramos
-0.020401329,-0.27293843,0.5604064,0.12897095,-0.3657912,-0.16728437,-0.2468564,-0.34522885,-0.35417593,-0.6365289,0.30123973,-0.010265475,0.040947266,0.07808845,-0.07331013,0.05759423,2,0.96289104,0.08660245,Jacob Ramsey
1.2943938,1.1943003,-0.058363393,0.28795844,1.4368335,0.7053095,-0.182086,0.5825864,1.130183,-0.43020713,-0.34879804,-0.30418193,0.6498762,0.03394723,-0.13237862,-0.13272876,1,1.0,0.15830049,Luca Ranieri
-0.18271342,0.35518295,0.4759763,-0.22184747,0.05718624,0.1268523,-0.20880619,-0.3233733,-0.09231192,-0.13185078,-0.039702863,-0.5414488,-0.29235423,-0.16417146,-0.19399898,-0.11875186,3,0.999691,0.095834374,Lilian Raolisoa
-0.46740547,-2.2833233,-0.75742257,0.91326684,-2.5512943,-1.2787273,1.1812904,0.49538618,-0.6307738,-4.1774173,-0.20391637,1.0767547,1.3778394,0.7250064,-0.25986564,0.4690376,2,1.0,0.20547004,Raphinha
-0.74598,-0.24694404,0.14573927,-0.080180205,-0.73235106,-0.5148591,0.038487405,-0.5429205,-0.67258275,0.5637459,-0.09210931,0.27648932,-0.48547792,0.06027028,-0.12126433,-0.014968425,5,1.0,0.109134756,Marcus Rashford
-0.4957656,-1.0905565,-0.36881465,-0.0066267103,-1.068679,-0.47103238,0.047067747,-0.16785626,-0.79252476,0.12306063,0.07428356,0.7848856,-0.42713532,0.38713825,0.12868476,0.30822685,4,1.0,0.22310877,Giacomo Raspadori
0.5596893,0.69746107,0.6803484,0.17801628,-0.08535329,0.3267126,-0.08113539,0.37722,1.0479591,-2.5146375,-0.40333772,-0.05268719,0.24774101,0.014604121,-0.41752064,-0.16219652,6,1.0,0.32611427,Andrei Ratiu
-0.6768081,-0.7466246,-0.6072092,-0.21117353,-0.75872815,-0.55428857,0.21059178,0.122377634,-0.7884312,1.2287502,-0.05502805,0.93415135,-0.8269781,0.07242796,0.3425039,0.13103242,5,1.0,0.12748666,Raúl
-0.35432833,0.23296805,1.3573835,-0.060186725,-0.22940844,-0.24888745,-0.20283614,-0.46527267,-0.42534795,-1.4275063,-0.12859952,-0.90872556,0.0060782284,-0.27709967,-0.6186496,0.047759145,6,1.0,0.21597584,David Raum
-0.054465324,-0.52831244,-0.097300544,-0.17434022,0.5041592,-0.09769305,-0.12502465,0.12487677,-0.35119224,1.5182703,0.32149512,-0.046170868,-0.19855237,-0.34162933,0.32958212,0.032052577,0,1.0,0.07446624,Rayan Raveloson
-0.7984024,-0.25217927,0.16003819,-0.11631426,-0.7311813,-0.5318754,0.024393529,-0.5961195,-0.692958,0.7158795,-0.15687323,0.24505524,-0.6306523,0.026361167,-0.15863413,-0.07535363,5,1.0,0.12000964,Ante Rebić
0.61778736,-0.9532048,-0.6530428,0.22564471,-1.1765797,-0.21814519,0.56394386,0.98021805,0.34855416,-3.260731,-0.18870881,0.9419124,0.88090295,0.38848567,-0.16027376,0.19883785,2,1.0,0.38703385,Tijjani Reijnders
0.31813523,0.85861796,0.030060649,-0.18762577,0.60410047,0.7048704,-0.008149952,0.25566694,0.7845734,-0.76667386,-0.15305406,-0.22424704,-0.09786412,0.096075,-0.13720159,0.034173705,1,0.9965575,0.20997684,Rocco Reitz
0.08944242,1.1111006,0.064599104,-0.17198604,0.67446095,0.75481033,-0.12336767,0.06367485,0.65847754,-0.019039802,-0.23621123,-0.6748137,-0.033018775,-0.0058523417,-0.16733633,-0.17932981,3,1.0,0.09811857,Nicolai Remberg
-0.6355802,0.14636023,0.13899961,-0.27122867,-0.045332775,-0.026630618,0.07019822,-0.33105138,-0.31271267,1.6211218,-0.122699186,-0.31204095,-0.49446747,-0.28464562,-0.103700474,-0.34552768,0,1.0,0.24275465,Devyne Rensch
-1.0088098,-2.3843567,-1.899938,0.49150175,-3.199977,-1.8406792,1.3947746,0.6535296,-1.1690732,-1.4810184,-0.2477219,1.9861467,0.007773146,1.0917732,0.39849603,0.06134028,4,1.0,0.24655676,Mateo Retegui
-0.39167142,0.3488493,0.4315285,-0.10021521,-0.22838049,-0.07232828,-0.17874086,-0.3850219,-0.22343865,-0.21330026,0.0004950017,-0.102673195,-0.40780735,-0.03686107,-0.17836179,-0.1008276,3,0.9999962,0.08652109,Elvis Rexhbeçaj
2.037164,1.1956413,-0.48036855,0.4967618,1.9003928,0.5609533,-0.035765275,0.9834581,1.4839097,-0.5124428,-0.25215042,0.10851195,1.0435956,0.17700657,0.10027763,-0.040579595,1,1.0,0.15366685,Alexsandro Ribeiro
0.39250743,0.9207382,0.003606528,0.028310753,0.54623127,0.5938544,-0.1970905,0.27612963,0.6716151,-0.39140698,-0.28950387,-0.23706637,0.043969877,0.09790087,-0.093818605,-0.13378131,3,0.8283132,0.12407653,Samuele Ricci
0.21122068,0.05223988,0.6299588,0.16578358,-0.42850026,-0.03379423,0.10116641,0.45542988,0.33967793,-3.055857,-0.12784801,-0.07978192,0.632786,0.2762402,-0.30689418,0.39272642,6,1.0,0.12353879,Declan Rice
0.017863296,1.1843345,-0.0050103664,-0.14532682,0.8623163,0.7605824,-0.10126992,0.1138531,0.623916,0.66340274,-0.21320844,-0.77159506,0.19684684,-0.06757917,-0.14649425,-0.19268876,3,1.0,0.2562371,Chris Richards
0.2134221,-0.18425922,-0.05328752,-0.124376126,0.79890937,0.076109245,-0.16260338,0.17030838,-0.03335139,1.0081215,0.35881793,-0.1174851,-0.03853788,-0.36101866,0.25502902,0.042406373,7,0.9999866,0.047411583,Amir Richardson
-1.2101024,-0.30632257,-0.6761607,-0.27825943,-1.3947098,-0.7199442,0.6370914,0.038409688,-0.8869756,1.42392,-0.3623457,0.86954397,-0.759472,0.2575216,0.15504608,-0.16194296,5,1.0,0.17663486,Richarlison
0.41915357,1.4441315,0.5236473,-0.32869378,0.46367607,0.8002472,-0.065381214,0.17592289,0.82681143,-2.074923,-0.5416659,-0.96654564,-0.099402115,-0.0738217,-0.31392056,0.102866895,6,1.0,0.21018581,Diego Rico
-0.432027,-0.21139169,0.2922374,-0.15005614,-0.40997773,-0.2663184,-0.1460214,-0.47903678,-0.5119662,0.43013477,0.091862164,0.0953058,-0.46990904,0.029895097,-0.10324174,0.15865156,5,1.0,0.07283373,Fabian Rieder
-0.035149984,-0.055838674,1.108904,0.21081305,-0.55737466,-0.3613992,0.13188834,-0.22757882,-0.18291005,-2.300849,0.012151457,-0.1575784,0.48589775,-0.0663242,-0.52792,0.031008922,2,0.99216115,0.26319996,Luis Rioja
-0.64443743,-0.25625575,0.40515804,0.020762704,-0.4095944,-0.44176018,-0.16429295,-0.7796819,-0.70273197,0.7639978,-0.018297978,-0.069663264,-0.44373795,-0.13339551,-0.17842215,-0.0570836,5,1.0,0.16359372,Rodrigo Riquelme
-0.57800543,0.70247465,0.07297724,-0.21186543,-0.01772448,0.30326894,0.13512872,-0.2313973,0.041104212,1.0247619,-0.25635797,-0.551728,-0.41031146,-0.075700685,-0.22791469,-0.37787673,3,1.0,0.39204952,Lars Ritzka
-0.21063024,-0.091789186,0.12712705,-0.24847358,0.39198032,0.048364952,-0.1073474,-0.107627615,-0.2701195,1.1604997,0.1555292,-0.27986163,-0.26580626,-0.3122859,0.10016169,-0.002562359,0,1.0,0.08598478,Sergi Roberto
0.45717746,0.6669386,0.6937129,0.15570623,0.11843088,0.20484583,-0.15350719,0.1943164,0.4389484,-1.9754956,-0.28910804,-0.21681212,0.2855209,0.06583181,-0.34906325,-0.0077539906,6,1.0,0.19048451,Andrew Robertson
0.51928896,1.7524552,1.0466932,-0.08118377,0.3309028,0.72007865,-0.04702563,0.24639858,1.3425535,-3.3958056,-0.6767751,-1.0960491,0.08512998,-0.106564105,-0.69620836,-0.17438188,6,1.0,0.7202155,Antonee Robinson
0.43433398,-0.44263077,-0.035204455,-0.10190241,0.6654882,0.021435767,-0.18414952,0.1001298,-0.15763065,0.848949,0.58045864,-0.059482485,0.03413125,-0.21547993,0.38157666,0.1814166,0,0.999052,0.184749,Marc Roca
-0.55298877,-0.44017887,-0.2366982,-0.15051752,-0.40967983,-0.43499643,0.17168258,-0.046246227,-0.5670885,1.5137602,-0.09401253,0.5450985,-0.7015939,-0.026178613,0.21217653,0.007805638,5,1.0,0.14097707,Álvaro Rodríguez
-0.41050717,0.024896659,0.42023513,-0.16745868,-0.4068503,-0.1398974,-0.2395007,-0.39602748,-0.330327,-0.37854624,0.036416534,-0.099274166,-0.36208475,0.010006264,-0.13861783,0.08837612,3,0.8838951,0.09311409,Óscar Rodríguez Arnaiz
-0.45686743,0.4522944,0.15988158,-0.16951987,0.23305403,0.022603616,-0.017945707,-0.22370754,-0.06848821,1.1546973,-0.06636755,-0.42129725,-0.2658975,-0.11916174,-0.09188232,-0.2673549,3,0.99993706,0.34508163,Damián Rodríguez
-0.24786755,-0.10603646,0.40180197,-0.14802726,-0.57058674,-0.017547958,-0.09669715,-0.10593137,-0.12761334,-1.2660873,0.013193024,-0.16154201,-0.10319704,0.14223573,-0.24312785,0.1511131,6,0.9851425,0.1813303,Dani Rodríguez
0.1508942,0.06555553,-0.07164188,-0.14012526,0.8817033,0.27585202,-0.13581093,0.04907843,0.14345971,1.1923995,0.24236909,-0.37440646,0.016042545,-0.3623426,0.17572236,0.007793382,7,1.0,0.054346103,Guido Rodríguez
0.99700105,1.1689403,-0.21123542,0.07681998,0.9351852,0.68013066,-0.019963086,0.5681222,1.2177793,-0.97487056,-0.32384294,0.059989393,0.0967425,0.10232958,-0.15862247,-0.16077027,1,0.99939555,0.08416198,Javi Rodríguez
-0.48713025,-0.25542182,0.093194,0.017308377,-0.5597927,-0.43027866,-0.06473282,-0.39137065,-0.5489782,0.36582726,-0.039904356,0.3595934,-0.39458305,0.09390624,-0.0649025,0.016773842,5,1.0,0.11641041,Jesus Rodríguez
0.7294278,0.025812566,0.052897103,0.13319221,0.46108273,0.15623465,-0.14126782,0.40618142,0.23681387,-0.5372776,0.1446013,0.13081554,0.22348806,0.07874277,0.114742875,0.012628563,3,0.99996704,0.17384362,Kirian Rodríguez
0.2911999,-0.018308029,0.04273306,-0.03581677,0.8718402,0.20036751,-0.1703454,0.1340674,0.09812787,0.8045542,0.29523563,-0.2468747,0.09412519,-0.36680067,0.15497205,0.0033079535,7,1.0,0.04784752,Ricardo Rodríguez
-0.21810633,-0.87614083,0.6787392,0.37319085,-1.0742737,-0.6533459,-0.014399171,-0.374013,-0.39539716,-2.0463734,0.13040113,0.30386183,0.6572675,0.15416303,-0.5173352,0.11497073,2,1.0,0.23057123,Rodrygo
-0.14656754,0.028303735,0.23763928,-0.2732372,0.23173866,0.023295797,-0.14429124,-0.23634987,-0.24465105,0.773438,0.1052342,-0.31955513,-0.19400693,-0.30561668,-0.016680583,-0.03265851,0,0.99803925,0.124120966,Mads Roerslev
-0.5628278,-0.7654193,0.7882159,0.5012761,-1.302779,-0.8825656,0.45001864,-0.12741305,-0.6023438,-3.1445923,0.11606395,-0.01529667,0.97358996,0.21397403,-0.41504893,0.28511927,2,1.0,0.16753763,Morgan Rogers
-0.48858956,-0.13346595,0.1345046,-0.26558572,-0.12574302,-0.1419918,-0.023645774,-0.3693802,-0.4339133,1.2152598,0.057960898,-0.016650012,-0.5799175,-0.22454587,-0.047372244,-0.09628338,0,0.99642634,0.0336113,Merlin Röhl
0.9799949,1.3292248,-0.2540437,0.10117721,1.2922882,0.74187076,-0.1509133,0.42725924,1.1143222,-0.06902016,-0.31818783,-0.30018994,0.39367333,0.05571413,0.030942902,-0.026855133,1,1.0,0.15986757,Alessio Romagnoli
0.24084263,1.1633216,0.35716236,-0.3377019,0.2733408,0.7138837,0.026138753,0.10325152,0.79268783,-1.4301239,-0.2859832,-0.6347727,-0.3056003,-0.15119147,-0.37771595,-0.1343261,6,1.0,0.17283085,Carlos Romero
0.2490576,0.9522699,-0.04072699,-0.08585224,0.78606194,0.6457168,-0.14106639,0.20048828,0.6095785,0.18352331,-0.1756434,-0.42162463,0.009923242,0.0053658187,-0.059428476,-0.040934585,3,0.9998608,0.12605737,Cristian Romero
-0.8222306,-0.71292055,-0.5203634,0.017701514,-1.2722564,-0.75335026,0.34383494,0.00018759258,-0.69494593,-0.034430727,-0.24602671,1.0285034,-0.49042207,0.4046753,0.045921594,0.12825881,4,0.99997336,0.094576575,Isaac Romero
0.30436605,0.3174895,0.021815717,-0.047145706,0.90307295,0.44610983,-0.1464712,0.034275334,0.3509576,0.7118548,0.16792324,-0.31446046,0.100516625,-0.24643004,0.06808019,0.007870376,7,1.0,0.09641783,Oriol Romeu
1.0426468,0.50506973,-0.21471362,0.12358502,0.92582196,0.5051748,-0.04527615,0.4146066,0.99347436,-0.46208042,-0.062532164,0.24574122,0.23296961,0.07762365,0.07962635,0.086293794,1,1.0,0.1588137,Valentin Rongier
0.96732295,1.4283572,-0.1120563,-0.20430332,0.72216994,1.0158626,0.03869845,0.745275,1.5410986,-2.4057488,-0.51125455,-0.26019135,0.013158634,0.28417194,-0.19638084,0.28509367,6,1.0,0.21167836,Marten de Roon
-0.9621674,-0.6499539,-0.67507255,-0.11567119,-1.3072842,-0.77817357,0.42231596,0.025747694,-0.8537482,0.5451182,-0.21211258,0.9575681,-0.685767,0.2732681,0.15743864,0.10159697,5,1.0,0.14952727,Vitor Roque
0.42493904,0.3355345,-0.27961612,-0.16306047,0.34122482,0.36100957,0.07865855,0.36967063,0.55337995,-0.27673742,0.11265333,0.2816418,-0.083756514,0.14188185,0.1714699,0.08973516,3,1.0,0.16766301,Pablo Rosario
-0.22611496,0.63550586,0.12032214,-0.33519778,0.085968405,0.41202548,-0.036816925,-0.10351902,0.22853866,-0.010796227,-0.07215703,-0.40149197,-0.36810416,-0.06025341,-0.17714936,-0.18325877,3,0.9999943,0.23697963,Lasse Rosenboom
0.4415386,-0.010317437,-0.07604383,-0.018568024,1.0346626,0.24532956,-0.17238556,0.19272918,0.20106816,1.0067166,0.33004808,-0.3186364,0.26631683,-0.43052018,0.21875688,0.0006689206,7,1.0,0.05142216,Max Rosenfelder
0.6589891,1.6794358,0.028285697,-0.22977555,0.9184155,1.1649442,0.00046506524,0.1908993,1.406513,-1.2477652,-0.31256336,-0.6690036,-0.068125606,0.03779921,-0.3669267,-0.060808413,1,0.9988239,0.24479847,Valentin Rosier
-0.30669683,0.5363017,0.33569792,-0.2765929,-0.17359938,0.25803366,-0.10107037,-0.20416294,0.04181093,-0.29653227,-0.13431594,-0.34069324,-0.45031297,-0.023970008,-0.21047206,-0.16188976,3,1.0,0.17655225,Tom Rothe
0.32064307,-0.081782065,-0.12203555,-0.055077862,1.0797639,0.22826222,-0.18620902,0.17364833,0.14540645,1.4344991,0.3350349,-0.46938697,0.26430848,-0.46492672,0.24218723,-0.05351057,7,1.0,0.08826883,Anthony Rouault
0.37550846,0.34867895,-0.06135063,0.015671335,1.0866733,0.37693787,-0.15154777,0.14630516,0.37541878,1.0146346,0.2024362,-0.41366395,0.33886918,-0.32602593,0.1292069,-0.02156981,7,1.0,0.07597685,Anthony Rouault
0.92046964,1.3291993,-0.19117357,-0.114658244,0.74788475,0.97443426,0.12826587,0.55117404,1.6409047,-2.1633723,-0.3279149,-0.23572542,-0.05835592,0.24846545,-0.15571411,0.12300851,6,1.0,0.22603893,Nicolò Rovella
-0.65913653,-0.9141414,0.18050928,0.1471569,-0.98052096,-0.54883343,-0.116034105,-0.64545923,-0.8488059,-0.2004923,0.013323205,0.37114164,-0.24259707,0.24725571,-0.1677462,0.31660333,2,0.99996275,0.20087767,Jon Rowe
2.188381,1.414873,-0.5490151,0.5523936,1.9518739,0.56101996,0.03103149,1.1552405,1.7767445,-0.91273654,-0.4299814,0.2813488,1.0804347,0.22899371,0.003194198,-0.14049932,1,1.0,0.15942124,Amir Rrahmani
1.1954767,0.61635536,-0.18868436,0.2489624,1.4010311,0.4309656,-0.22767578,0.5625897,0.8090577,0.3313716,-0.039663814,-0.16894223,0.5885384,-0.11412172,0.109529406,-0.07653291,1,1.0,0.26349062,Antonio Rüdiger
0.45296764,0.59803563,0.5262653,0.077792205,0.2448175,0.39327323,-0.23008184,0.06669323,0.37567407,-1.2001874,-0.14151183,-0.3137278,0.13015723,-0.020296663,-0.19850165,-0.012915976,6,0.9999084,0.12707058,Matteo Ruggeri
-0.05476114,0.09633085,0.42197835,-0.20070547,0.11964426,0.16017699,-0.21660878,-0.15301856,-0.07765518,-0.13142478,0.1267331,-0.3090113,-0.2292926,-0.08189616,-0.08077626,0.080758415,3,0.9999427,0.06919755,Aitor Ruibal
-0.5850165,-0.53509974,-0.4849453,-0.2566837,-0.63634616,-0.43752944,0.20438732,0.06389777,-0.58392024,1.0168834,0.007996468,0.72990966,-0.658218,0.084654644,0.22687122,0.14963943,5,1.0,0.24538505,Abel Ruiz
0.577587,-0.43425655,0.029137626,0.10273846,-0.4533871,0.0047841743,0.13916291,0.6554806,0.18820465,-2.5768404,-0.04501827,0.26357025,0.5676558,0.39622587,-0.08224118,0.326979,2,0.99977136,0.2640906,Fabián Ruiz Peña
-0.68037355,-0.70421815,-0.24203421,0.1188213,-1.1473403,-0.52764106,0.10808478,-0.16261359,-0.60810673,-0.50507605,-0.052306302,0.75692064,-0.28889868,0.33706397,0.01835391,0.19609195,4,0.98989755,0.079408295,Georginio Rutter
0.29753074,0.30697674,0.8606517,0.12104877,-0.037820496,0.11620353,-0.14854622,0.00096331537,0.28507695,-1.8629934,-0.16447663,-0.26616818,0.20518228,0.0069595873,-0.40788692,0.022377327,6,1.0,0.1148993,Julian Ryerson
-0.73172784,-0.4138298,-0.004265934,-0.044126395,-0.8483755,-0.52668554,0.034155115,-0.41728428,-0.7569876,0.3482535,-0.109706566,0.42822018,-0.49909964,0.18149894,-0.04745532,0.115090236,5,1.0,0.06306368,Elias Saad
0.22909649,0.5307972,0.10256465,-0.08738572,0.70162165,0.59534496,-0.17026031,-0.054024387,0.3719334,0.37095797,-0.011453766,-0.51178414,0.07581011,-0.13922311,-0.062360078,-0.06250592,3,1.0,0.059465148,Youssouf Sabaly
-0.61544204,-0.4328133,-0.11187343,-0.1982998,-0.31888834,-0.3406407,0.09229644,-0.22653234,-0.59136736,1.4772701,0.032520086,0.37951878,-0.6952881,-0.13495605,0.07953301,-0.04758405,5,0.99938035,0.038309563,Emmanuel Sabbi
0.14368254,0.9735135,0.50730723,-0.25003833,0.26188928,0.4872384,-0.14475207,-0.08267352,0.36312646,-0.8430852,-0.33733726,-0.77500606,-0.15023224,-0.12924357,-0.28487173,-0.15872356,6,0.9958136,0.15107742,Stefano Sabelli
0.07659031,0.25568122,0.089501366,-0.012650698,0.24830952,0.20303732,-0.14966284,0.071125746,0.10521717,0.0933591,0.13140741,0.16815262,-0.14692482,0.06553301,0.08695242,-0.01422739,3,1.0,0.061908405,Marcel Sabitzer
-0.26569322,0.1560447,0.070303485,-0.16960722,0.40538144,0.13278611,-0.04994847,-0.12987214,-0.08074644,1.2569574,0.017907068,-0.39173475,-0.22393972,-0.26664704,0.04104723,-0.14094862,0,1.0,0.12027071,Falaye Sacko
-0.743356,-0.6570423,-0.6364233,-0.26154122,-0.80198944,-0.5541548,0.2734391,0.12723029,-0.76991546,1.2059699,-0.09239541,0.93515414,-0.77530086,0.118177265,0.29743686,0.10255794,5,1.0,0.09887203,Umar Sadiq
-0.24294624,-0.6519245,0.23766398,0.09700369,-0.73945105,-0.29320976,-0.11480798,-0.21660794,-0.39750412,-1.012909,0.03952468,0.37644172,-0.045896847,0.20200035,-0.18182,0.24076787,2,1.0,0.11319943,Alexis Saelemaekers
1.1516192,0.73827094,-0.0980293,0.15640476,1.6753535,0.6748457,-0.22650611,0.36222154,0.91459894,0.70432967,0.1395953,-0.4852527,0.730423,-0.28744876,0.15564659,0.015617214,1,0.57516813,0.1352092,Jorge Sáenz
1.193739,0.8730543,-0.15883149,0.06988076,1.5174989,0.7717899,-0.15418373,0.28935328,1.0329758,0.30180243,0.08758333,-0.36141253,0.5408485,-0.14353459,0.05440171,0.1228844,1,1.0,0.11949768,Modibo Sagnan
-0.2821041,-0.54630244,0.8429296,0.2531112,-0.6770853,-0.5922105,-0.13871877,-0.5756977,-0.6535684,-1.3219604,0.3193183,-0.009877088,0.45798203,0.0083667785,-0.25755477,0.1972627,2,1.0,0.11641973,Osame Sahraoui
-0.5172466,-0.629808,-0.22899719,-0.19113135,-0.57824475,-0.37295294,0.03839141,-0.16299872,-0.6340649,0.81549835,0.08371869,0.62148124,-0.6435646,0.09452087,0.14742664,0.22896424,5,1.0,0.084269986,Wesley Saïd
0.056487106,-0.2232967,-0.090506986,-0.181705,0.61875165,-0.027318217,-0.08342205,0.16234757,-0.1545492,1.1461124,0.31071317,-0.008526007,-0.18346888,-0.27565044,0.30158937,0.037342183,7,0.98639476,0.08525777,Théo Sainte-Luce
-0.82984364,-1.1320766,0.9509817,0.6994282,-1.4190037,-1.1820619,0.14923163,-0.72419083,-0.9811897,-2.5967028,0.11655959,-0.056081213,0.85983175,0.18906409,-0.5407239,0.24498534,2,1.0,0.18228364,Bukayo Saka
-0.60934865,-2.3376427,-0.5733391,1.1951725,-2.6703892,-1.5249985,1.2020606,0.19965835,-0.6730085,-4.2586584,-0.0021520332,1.2456867,1.4733299,0.689632,-0.33269632,0.24715441,2,1.0,0.07738558,Mohamed Salah
1.3572592,0.9565408,-0.2270642,0.20753628,1.4742231,0.6322381,-0.09049441,0.50885683,1.0860038,-0.0056090504,-0.07029013,-0.094174795,0.5488356,0.0029078573,0.067686304,0.003788583,1,1.0,0.14615585,Kike Salas
0.21665807,0.584109,0.60237706,-0.06961399,0.09327575,0.24124297,-0.19428802,-0.0040459223,0.23575172,-1.1402919,-0.2254091,-0.25867438,-0.040948573,-0.039850183,-0.33751124,-0.10954497,6,0.99631894,0.11034544,Manolis Saliakas
1.9747554,1.2921349,-0.47745836,0.39627713,1.7464446,0.6633466,-0.011281893,0.9189762,1.6077259,-0.5971157,-0.37999427,0.23577423,0.7722779,0.15039504,0.028061941,-0.084268086,1,1.0,0.19817886,William Saliba
-0.34801075,0.75911397,0.035289586,-0.13221316,0.39068657,0.39274988,0.025359452,0.020011403,0.28010786,1.0033456,-0.15707162,-0.5352726,-0.12943795,-0.031952746,-0.1676469,-0.27730423,3,0.9997758,0.30431625,Mohammed Salisu
0.59955335,-0.38148582,-0.29239243,-0.11420113,1.2969544,0.14196777,-0.28309786,0.3407563,0.08407165,1.6333764,0.64378965,-0.365306,0.25480416,-0.5259495,0.4940104,0.04058729,7,1.0,0.10828946,Yoann Salmier
-0.29243025,-0.4897588,0.7512873,0.19443217,-0.55035675,-0.48360455,-0.28283626,-0.65683085,-0.6913335,-0.88665277,0.2522025,0.035654046,0.21195212,0.053352386,-0.25179827,0.19162941,2,1.0,0.17661269,Lazar Samardzic
-0.8227347,-0.45184273,0.10785959,-0.029342547,-0.8721259,-0.61428535,0.03567727,-0.5304815,-0.8290794,0.25639433,-0.10432951,0.40836963,-0.47495386,0.21616074,-0.13523053,0.12848389,5,1.0,0.0549301,Mama Samba Baldé
0.13464971,0.2397765,0.14231117,-0.10957236,0.50389445,0.22687766,-0.12279194,0.11522499,0.100260004,0.3815363,0.16122183,-0.14712375,-0.053965274,-0.09478389,0.056322604,0.026195914,3,0.96910566,0.082826376,Albert Sambi Lokonga
-0.6407045,-0.5754069,-0.2649579,-0.21415442,-0.48196718,-0.44124973,0.13476638,-0.14033253,-0.6835668,1.464763,0.021598829,0.608792,-0.73583007,-0.061356038,0.17204338,0.020923018,5,1.0,0.056031823,Chuky san jose
-0.37048975,-0.63387173,-0.23483185,-0.26725343,-0.056000367,-0.28757325,0.019410923,0.021005709,-0.5610182,1.3757577,0.23052958,0.44412598,-0.60456234,-0.120102465,0.31217963,0.17166997,0,0.9974018,0.115571715,Antonio Sanabria
-0.48222378,-1.5985539,-1.1909055,0.25735888,-2.1138253,-0.9465246,0.77120954,0.35526752,-0.69462264,-0.79846835,-0.021914158,1.4414922,-0.07396252,0.69842416,0.22439685,0.18615273,4,1.0,0.2553398,Oihan Sancet
0.07035093,0.05415967,-0.076912835,-0.13513082,0.63920313,0.13635682,-0.057610944,0.10958123,0.043487415,0.9520328,0.20356423,-0.08503752,-0.12111975,-0.22674109,0.2053765,0.033549294,7,0.9999543,0.097591914,Antonio Sánchez
-0.08132732,-0.11515116,0.75801814,-0.020895563,-0.3385518,-0.15642542,-0.24377325,-0.47094223,-0.3317425,-0.7109335,0.2005163,-0.2312042,-0.051359143,-0.03982295,-0.27160284,0.053300537,2,0.9979498,0.13582718,Iván Sánchez
1.543894,0.19014247,-0.37277663,0.3197666,1.9069989,0.4387822,-0.2325157,0.45652777,0.8866372,1.1662204,0.44950968,-0.34429935,0.90860504,-0.41461498,0.55880874,0.008359231,7,0.99892664,0.16131346,Javi Sánchez
-0.09340587,0.10112277,0.29562682,-0.12732172,-0.3313545,0.21510477,-0.11419233,0.056895364,0.16233885,-1.0353043,0.0058571454,-0.02305193,-0.30652755,0.13363427,-0.21017063,0.16944909,6,0.99988747,0.1149928,Juanlu Sánchez
0.13871434,1.3968582,0.17572092,-0.36133492,0.24114309,0.8644987,0.07389934,0.105130345,0.91479826,-1.2608742,-0.3745134,-0.8305938,-0.40369016,-0.06858921,-0.26066074,-0.26914445,6,1.0,0.28648385,Manu Sánchez
-0.3096367,-0.51059777,1.1652386,0.30613196,-0.7413392,-0.7373344,-0.05467271,-0.7303544,-0.7116279,-1.5723624,0.352722,-0.21923797,0.5765403,-0.1075443,-0.37510014,0.1244244,2,1.0,0.21184619,Jadon Sancho
0.51768786,0.21670277,-0.070659295,-0.01955495,0.8901205,0.3162063,-0.115316294,0.20705079,0.3351398,0.5224435,0.28291938,-0.07798885,0.0835486,-0.19396186,0.22209501,0.07236758,7,0.99997705,0.062197387,Philipp Sander
0.504758,-0.8676881,-0.27114272,-0.07936313,1.0756677,0.009554341,-0.38586444,0.18150973,-0.24659365,1.7895758,0.7901159,-0.30717555,0.010559566,-0.49247327,0.6269922,0.05121269,7,1.0,0.33706412,James Sands
-0.5485742,-1.6203482,-0.46899074,0.7273645,-1.9965705,-1.1965599,0.6048885,-0.13469438,-0.5668045,-2.2467196,-0.10586034,1.114355,0.5148095,0.5280437,-0.2583415,0.048682246,2,1.0,0.12267399,Leroy Sané
0.9843544,-0.011870578,-0.2548173,0.091329865,1.3580972,0.27360937,-0.213935,0.3299953,0.42743123,1.1278741,0.50708354,-0.22956951,0.5395187,-0.4134908,0.48394597,0.035728738,7,0.99880105,0.11976087,Arouna Sangante
-0.5703776,0.23628624,0.055614404,-0.26368102,0.19502535,0.12775429,0.058783323,-0.2561283,-0.093507245,1.6743885,-0.08111522,-0.462408,-0.3276486,-0.24273157,-0.05753483,-0.3624119,0,1.0,0.29549748,Ibrahim Sangaré
0.049073104,-0.21257785,-0.0063508153,-0.17003891,0.67491984,0.07111537,-0.1239349,0.08144854,-0.18679558,1.162108,0.27469492,-0.2078681,-0.121161155,-0.3807122,0.23616749,0.02789221,0,0.9999179,0.06220331,Nhoa Sangui
-0.6512015,-0.62692326,-0.3570395,-0.1954456,-0.63196135,-0.5348572,0.17645328,-0.17982131,-0.7532415,1.1245906,-0.049233757,0.67977417,-0.7442271,0.040594384,0.17710736,0.13119528,5,1.0,0.08491151,Maroan Sannadi
0.7771871,1.13672,-0.09036966,-0.07212848,0.76696754,0.9426775,-0.022518441,0.32904953,1.2218983,-1.3132963,-0.21905954,-0.2459753,-0.058407716,0.11270997,-0.21542704,0.10215726,6,0.9996872,0.19856861,Kaishu Sano
0.12827727,-0.28897834,-0.06729692,-0.17476955,0.7224726,0.024210513,-0.16381215,0.18250766,-0.13961513,1.1498357,0.38306618,-0.06908427,-0.14614162,-0.3588513,0.28540438,0.055518035,7,0.98741883,0.070364796,Baptiste Santamaria
-0.42480263,-0.10805197,0.044960663,-0.22985679,0.26361427,0.02580116,-0.015601262,-0.2156386,-0.2723642,1.6849912,0.008511664,-0.33018285,-0.4026666,-0.3595693,0.044780284,-0.20270395,0,1.0,0.08573336,Baptiste Santamaria
1.0040627,0.26875854,-0.8952874,-0.37287316,-0.18756646,0.60241514,0.40559006,0.9270745,1.6078191,-2.1894405,-0.29756093,0.6731304,-0.023046963,0.49216455,-0.08164118,0.10647325,6,1.0,0.62233835,Andrey Santos
-0.6208699,-0.44520038,0.027915835,-0.008347049,-0.77019656,-0.51218396,-0.017021745,-0.37889785,-0.67639315,0.20367238,-0.056149125,0.4768449,-0.44233656,0.1880888,-0.06297444,0.15578571,5,1.0,0.06188824,Pablo Sarabia
-0.5884596,-0.49254256,0.03393525,0.022688016,-0.74648535,-0.5411876,-0.054100953,-0.3378756,-0.5999013,-0.17934954,-0.10177572,0.52073324,-0.35571405,0.1884762,-0.10787233,0.11240853,5,0.95995504,0.078354955,Amin Sarr
-0.9496019,-1.3924372,0.102514744,0.7915763,-1.8751234,-1.413665,0.54377025,-0.32706147,-0.8067429,-2.2905495,-0.16520765,0.7175828,0.5608434,0.32110146,-0.3970219,0.013138674,2,1.0,0.3106308,Ismaila Sarr
0.56911576,0.2958151,-0.046434462,0.040344127,1.2559466,0.4360053,-0.21755897,0.15605213,0.4587028,0.92110336,0.24574411,-0.44615147,0.3870742,-0.3581674,0.17070979,0.010749385,7,1.0,0.055787165,Malang Sarr
1.3684287,0.87548363,-0.19581427,0.21842444,1.7407573,0.7272051,-0.24395248,0.4395265,1.0658784,0.4723921,0.029175347,-0.4491582,0.7169073,-0.12487871,0.13146621,-0.016107,1,1.0,0.11942359,Mamadou Sarr
-0.3450867,0.061809868,1.0794889,0.1172835,-0.38165107,-0.28559005,-0.0074463934,-0.001470983,-0.37007707,-2.3949726,-0.1534216,-0.5245188,0.48682073,0.12807178,-0.45978844,0.41680828,6,0.999326,0.3912703,Téji Savanier
-0.6030605,-0.83760405,1.3632762,0.6095126,-1.0980393,-1.173633,0.036494225,-0.8255268,-0.8874007,-2.3680403,0.16164929,-0.2305424,0.8751394,-0.08009771,-0.5957519,0.026690185,2,1.0,0.25367063,Sávio
0.64623284,0.124029994,-0.023342133,0.12865135,0.836999,0.2999095,-0.14098938,0.21866094,0.27477664,0.27853063,0.21671988,-0.08376373,0.29506284,-0.189007,0.14803019,-0.0442769,3,0.99698716,0.09461381,Nicolò Savona
0.8721523,0.8013409,0.0979841,0.11530214,0.9120423,0.6658351,-0.2096325,0.24327089,0.78637826,-0.3202889,-0.20101689,-0.3012368,0.23890778,-0.05429361,-0.16467878,-0.15947455,1,0.962031,0.1273437,Joe Scally
-0.28748056,-0.07325274,0.009287655,-0.2421327,0.38489002,0.09046385,-0.002213493,-0.13661277,-0.15618265,1.562857,0.043549,-0.3586495,-0.27226517,-0.2882918,0.09781243,-0.1398851,0,1.0,0.080971204,Oliver Scarles
-0.7967328,-0.97377914,-0.65352345,0.26170585,-1.6969332,-0.9801184,0.63176537,0.25298145,-0.60290635,-0.9666977,-0.20831315,1.231156,-0.23652053,0.50008005,-0.024024919,0.042009734,4,1.0,0.24777691,Kevin Schade
-0.0006680265,0.57269007,0.10715811,-0.23790568,0.39273563,0.5007883,-0.121181235,-0.046315584,0.2648608,0.09241837,0.0037119351,-0.45772335,-0.2271328,-0.07346677,-0.04822118,-0.051033758,3,1.0,0.0788268,András Schäfer
1.9751887,1.0587181,-0.58536136,0.34208843,1.672366,0.58978164,0.0872107,0.9270321,1.5112497,-0.53802764,-0.24200363,0.4489504,0.80312717,0.15506843,0.09478301,-0.047691904,1,1.0,0.21152732,Fabian Schär
-1.0159729,-1.8070493,-2.0744977,0.046161152,-2.884922,-1.5055798,1.1981307,0.7431938,-1.1057272,0.08987633,-0.32581484,1.9896295,-0.53537154,0.71438193,0.657787,0.21532749,4,1.0,0.31126362,Patrik Schick
0.22399601,-0.11547184,-0.13269566,-0.14025821,0.9917325,0.22096802,-0.1729658,0.10877088,0.04921198,1.3962808,0.35387337,-0.37135887,0.05641643,-0.4516532,0.2843778,0.0032698512,7,1.0,0.050254665,Joël Schingtienne
1.0575331,-0.2818938,-0.2514848,0.109577395,1.3611678,0.12671298,-0.23342074,0.31044665,0.2889852,1.1525489,0.6414772,-0.30291015,0.48097107,-0.29512775,0.5419393,0.14421695,7,0.99999815,0.2554026,Keven Schlotterbeck
1.3824654,0.8047496,-0.19045217,0.40329057,1.0553259,0.38256338,-0.09718399,0.83451945,1.0837098,-1.1519526,-0.32946962,0.15548137,0.61772937,0.21328759,-0.054046914,-0.18705907,1,1.0,0.25340673,Nico Schlotterbeck
0.05788614,-0.19071233,1.0583851,0.2745795,-0.65054536,-0.47055793,0.3099835,0.1614344,-0.14338666,-3.4784064,0.018791497,-0.13675722,0.964065,0.20659167,-0.46897966,0.307557,2,1.0,0.20078881,Romano Schmid
0.52145267,0.6238584,-0.0027631968,-0.12423828,0.26865366,0.54969406,0.09755312,0.5204408,0.916247,-1.4989146,-0.1518901,0.14735267,-0.035197724,0.1841932,-0.26813376,0.010586821,6,1.0,0.28792685,Jan Schöppner
-0.68325996,-0.74445117,0.766996,0.2561422,-0.8065696,-0.6527635,-0.289827,-0.9631486,-0.9122339,-0.5815022,0.13431993,-0.009474391,-0.07820394,0.02638568,-0.35776496,0.23931977,2,1.0,0.1852292,Léo Scienza
-0.41893914,0.08510904,0.17659926,-0.20131153,0.07676761,-0.028773732,-0.08505802,-0.29179192,-0.22822984,1.0825869,-0.03348025,-0.20858371,-0.4502647,-0.15233015,-0.06895844,-0.14574304,0,1.0,0.099996604,Alex Scott
-0.56974113,0.13863029,0.004799679,-0.24672389,0.20895925,0.11280628,0.090725645,-0.22656555,-0.079033434,2.0005398,-0.09592421,-0.4464914,-0.29596537,-0.24917261,-0.039206833,-0.38613048,0,1.0,0.30987224,Aleksandar Sedlar
0.07386171,-0.056250073,-0.0072710663,-0.18248492,0.7357663,0.16628802,-0.11580741,0.070583746,-0.0590169,1.0969013,0.25454348,-0.2587342,-0.08542465,-0.3583339,0.21411037,0.027983308,0,0.98331034,0.04627212,Alidu Seidu
0.5166005,1.1250967,0.06273939,-0.22733939,0.7309794,0.8238649,-0.16248621,0.28426245,0.7950665,-0.9935998,-0.3842488,-0.5010241,-0.0024449006,0.013041228,-0.17580508,0.13911223,6,1.0,0.12402942,Nicolas Seiwald
0.06928549,-0.25413167,0.03257194,-0.12975627,0.7196902,0.049865656,-0.1321619,0.09719561,-0.17006221,1.2784333,0.29229784,-0.2925475,-0.021464385,-0.42009002,0.23574239,-0.056841232,0,0.99968916,0.059007835,Hiroki Sekine
0.4769688,0.96393645,0.5516927,-0.13856338,0.38670993,0.552846,-0.15210237,0.111830994,0.7032123,-1.5578983,-0.33456773,-0.56720805,-0.074711,-0.115456924,-0.37865937,-0.110271685,6,1.0,0.1365174,Nélson Semedo
-0.40811664,-1.1910447,-0.13714592,0.71069074,-1.7351454,-0.9094535,0.671298,0.28581774,-0.15086956,-3.159824,-0.06031245,0.95478195,0.9564745,0.4464432,-0.283772,0.0005453527,2,1.0,0.24669807,Antoine Semenyo
0.52111155,0.21239014,-0.027307197,0.006004542,1.023923,0.33128813,-0.16672082,0.17223696,0.33214945,0.6685112,0.2700587,-0.22008353,0.22479379,-0.32635862,0.14638087,0.0520996,7,1.0,0.08113978,Marcos Senesi
-0.1739169,-0.07227941,-0.10009299,-0.18522069,-0.02007594,-0.08756711,-0.015444875,0.110792994,-0.10218917,0.6637453,0.05559645,0.38942185,-0.43867868,0.049543053,0.1619587,0.054586668,0,0.99864185,0.12255634,Suat Serdar
2.076604,1.1242093,-0.40284055,0.34642094,2.0953226,0.7282015,-0.05853302,0.733419,1.5383424,0.16551766,0.015428191,-0.100926705,1.0160844,-0.035984218,0.18724391,0.11552898,1,1.0,0.09470368,Sergi
-0.7841672,-1.5392972,-1.2984959,0.31226924,-2.1862364,-1.1471673,0.77497125,0.31872046,-0.81235343,-0.6383337,-0.050609775,1.6025611,-0.23353297,0.7497936,0.38980454,0.06885339,4,1.0,0.1401367,Benjamin Šeško
-0.61530375,-0.39497602,0.020447537,-0.06507004,-0.5684224,-0.3833819,-0.013347581,-0.34330896,-0.59293735,0.6127223,0.00891855,0.4047139,-0.5224461,0.12197256,0.025176615,0.12693292,5,1.0,0.082812086,Ryan Sessegnon
-0.3525063,-0.480734,0.170836,0.09508573,-0.7184982,-0.3173109,-0.16147108,-0.45436496,-0.5379266,-0.31204367,0.15897968,0.41925386,-0.12579365,0.24105775,-0.030335627,0.24152318,5,0.76922256,0.055089347,Stephan El Shaarawy
-0.9776448,-0.65510005,-0.47388858,-0.05251363,-1.1452755,-0.6647657,0.3258093,-0.09454353,-0.85918695,0.4040676,-0.08586621,0.81902057,-0.5706018,0.3307585,0.13623244,0.22997761,5,1.0,0.099674,Eldor Shomurodov
0.49901295,0.7835163,0.31793368,-0.19694039,0.515437,0.6157503,-0.12375477,0.23657502,0.6482261,-1.298001,-0.21584864,-0.49632195,-0.0969858,0.024001151,-0.19414051,0.17152333,6,1.0,0.15833342,Djibril Sidibé
-0.8793882,-0.36829406,-0.31506938,-0.17530042,-0.91492677,-0.62078536,0.32410777,-0.21365346,-0.79703933,0.9917116,-0.18529133,0.62081593,-0.6443703,0.16988158,0.03344734,0.0382673,5,1.0,0.07561415,Armindo Sieb
0.49485847,0.09987353,-0.08229788,-0.21095076,-0.12484582,0.20601279,0.053358212,0.5546494,0.48265123,-1.6292179,-0.21340129,0.36280337,0.074347995,0.23770323,-0.17833424,0.18208593,6,0.99999046,0.25547037,Vincent Sierro
0.35666868,0.18600802,-0.0198638,-0.0058514327,0.9895281,0.34364647,-0.16337247,0.117140874,0.28136703,0.91081643,0.24186642,-0.39098138,0.25452417,-0.3520085,0.1257424,-0.0069842637,7,1.0,0.045679092,Tim Siersleben
0.16269585,-0.30486155,-0.104424104,-0.15419047,0.7037534,-0.06637143,-0.100415215,0.21376422,-0.13235056,1.1750146,0.40738112,-0.0162626,-0.09962807,-0.28400445,0.36354682,0.07961456,7,0.9985438,0.103053056,Kiliann Sildillia
0.3640043,0.114983976,0.6188826,0.19549474,-0.53908634,-0.089901485,0.13369392,0.38324398,0.5505212,-2.8724804,-0.20212755,0.120235175,0.43923196,0.2549808,-0.4288507,-0.047371544,6,1.0,0.10873,Bernardo Silva
0.20237193,0.3642187,1.138807,0.16356951,0.024426218,0.034172013,-0.1729552,-0.18380839,0.07530779,-1.8540876,-0.093893066,-0.64969355,0.27424565,-0.13785493,-0.45985237,0.025130391,6,1.0,0.2847212,Caio Henrique Oliveira Silva
-0.87963164,-1.1300112,-0.9923011,0.13169873,-1.7912629,-0.88638055,0.57327414,0.26580507,-0.7662189,-0.2216245,-0.24076904,1.4153142,-0.42527798,0.5948512,0.24740505,0.20777558,4,1.0,0.06829403,Fábio Silva
-0.7514812,-0.18547055,0.14172605,-0.18435977,-0.86521083,-0.50140965,0.07148695,-0.4737713,-0.64044315,0.44598404,-0.21311106,0.2691227,-0.6266248,0.09700528,-0.18627964,-0.0008333549,5,1.0,0.15151578,Jota Silva
-0.99114585,-0.731223,-0.8205922,-0.003466487,-1.4352123,-0.79391867,0.4725222,0.21026288,-0.83469427,0.21456623,-0.1610034,1.1919478,-0.5874254,0.42067093,0.23912993,0.18346548,4,0.9400521,0.07922875,Abdallah Sima
-0.3960844,-0.36878967,0.9165405,0.10021613,-0.6521182,-0.58894,-0.11640966,-0.46924835,-0.4815667,-1.2922419,0.058662534,-0.1336415,0.09487698,-0.12677395,-0.43776664,0.07408714,2,1.0,0.12481885,Giuliano Simeone
-0.7185527,-0.8926753,1.1868926,0.5692653,-1.2340724,-1.103344,0.1694289,-0.60730946,-0.8012707,-2.5837934,0.18862909,-0.061652154,0.75188416,0.015753448,-0.5774541,0.29297513,2,1.0,0.27345628,Moses Simon
-0.34337392,-0.73005164,0.65005416,0.336768,-1.0765362,-0.6199144,0.36853772,-0.016298339,-0.48858857,-2.9686637,0.076585114,0.08694828,0.8785991,0.18472254,-0.43778816,0.46546063,2,1.0,0.15544511,Xavi Simons
-0.5015497,-0.4658305,0.42454517,0.013375081,-0.592379,-0.43486333,-0.24104938,-0.6157675,-0.71546865,-0.020257749,0.07862547,0.11868529,-0.32164964,0.058010817,-0.23010187,0.20165288,5,0.9623126,0.09972362,Danel Sinani
-0.61091375,-0.8326319,0.29085582,0.36830974,-1.13869,-0.7812225,0.07479197,-0.24988541,-0.5086616,-1.6540715,-0.077537715,0.2997733,0.3438449,0.29840472,-0.3360659,0.1197441,2,1.0,0.22863469,Lassine Sinayoko
0.9735396,1.1123701,-0.11781739,0.18061742,1.1073339,0.7158484,-0.10338171,0.4952172,1.1180444,-0.56486523,-0.2573309,-0.21108648,0.35011166,0.17403993,-0.14962852,-0.057754807,1,1.0,0.10392094,Wilfried Singo
0.5395159,-0.48139942,-0.1972587,-0.10329599,1.1698903,0.14590709,-0.3079059,0.27257076,-0.01854708,1.5857161,0.62703955,-0.37976182,0.22267336,-0.53338015,0.4342484,0.00442563,7,1.0,0.07467507,Jailson Siqueira
-0.9112295,-0.47750646,-0.54012704,-0.25259933,-1.0183182,-0.5954504,0.40936005,0.06500435,-0.7866206,1.1288869,-0.16325383,0.8294017,-0.7662318,0.2097646,0.15740582,0.0074239373,5,1.0,0.050879408,Ibrahim Sissoko
0.37005663,0.9842515,0.06759704,-0.26991916,0.32229748,0.8510071,-0.0034659505,0.27266958,0.95387423,-1.326309,-0.17246082,-0.34236994,-0.31444585,0.0695982,-0.24360237,-0.0127877,6,1.0,0.07520832,Ibrahima Sissoko
-0.5291927,-0.16156143,0.22068065,-0.12603067,-0.45693022,-0.38738263,-0.036834255,-0.50456756,-0.5323876,0.5752139,-0.020855196,0.18886274,-0.452484,0.02882637,-0.08901082,0.033483706,5,1.0,0.057128787,Tim Skarke
1.0889605,0.4624887,-0.114175215,0.13312662,0.96820605,0.515958,-0.049446948,0.39089012,0.85189867,-0.5305088,-0.014881592,0.080492556,0.4067488,0.08643727,0.061098143,0.11969313,1,1.0,0.15094753,Ellyes Skhiri
0.14329292,-0.329663,-0.11919059,-0.14048813,0.8337518,0.06484936,-0.2053805,0.13672538,-0.1472604,1.3604182,0.38714594,-0.20885564,-0.0990205,-0.43567172,0.31165335,-0.026805006,7,0.9999409,0.047937434,Oliver Skipp
0.50009656,0.22405122,-0.103036895,0.025392383,1.1768228,0.34446645,-0.1671531,0.1801957,0.39424753,1.0478694,0.26539886,-0.39276385,0.36061665,-0.3908943,0.19112739,-0.0111448765,7,1.0,0.057109576,Leo Skiri Østigård
0.79084384,-0.13565683,-0.21342696,0.054586746,1.4742355,0.2665494,-0.2981468,0.31645724,0.357773,1.3756077,0.47248346,-0.44788942,0.5069142,-0.5710372,0.42841035,0.0017430261,7,1.0,0.118865654,Leo Skiri Østigård
-0.5610211,-0.36230367,0.4281286,-0.1218372,-0.21995118,-0.31852645,-0.20126787,-0.6751511,-0.64338213,0.74920875,0.19537148,-0.12031665,-0.4380009,-0.2545176,-0.15289469,0.09240418,5,0.99999046,0.1562334,Andreas Skov Olsen
-0.6358236,-0.10629746,0.4938389,-0.067336485,-0.5372786,-0.43789726,-0.13512939,-0.713743,-0.6233756,0.27399048,-0.04219971,-0.053359076,-0.40581748,-0.030842029,-0.30381125,0.0045062527,5,1.0,0.0875477,Robert Skov
-0.3628103,-0.91559833,-0.112740114,0.04687982,-0.94691104,-0.36071357,-0.015446812,-0.14774741,-0.5849011,-0.3157862,0.0438494,0.6591671,-0.26318878,0.3806424,-0.03109499,0.32041162,4,0.999773,0.13831961,Steven Skrzybski
-0.033654645,-0.5132952,-0.077066645,-0.21293363,0.5205623,-0.09268885,-0.14312494,0.11980465,-0.30343154,1.3385999,0.35211474,0.02813422,-0.30570567,-0.32728076,0.34750664,0.082147256,0,1.0,0.09832724,William Smallbone
-0.047927067,0.21401428,0.068762735,-0.088376395,0.56987125,0.23318842,-0.05817744,-0.02597103,0.053455204,0.89036065,0.084416345,-0.34018803,-0.063756466,-0.2502541,0.04117714,-0.05188664,0,0.99997336,0.06630288,Adam Smith
1.0567465,1.0343823,-0.104054675,0.0076190084,1.1711283,0.6905802,-0.0920461,0.48203936,1.0647924,-0.93863726,-0.32390523,-0.06669038,0.34208897,0.069509044,-0.17590657,0.13118754,1,0.9999962,0.08923697,Eric Smith
0.07805136,-0.6591655,-0.31896925,0.108069606,-0.8106222,-0.14934477,0.13398226,0.33380368,0.072622105,-1.3337476,0.0116787795,0.78599495,0.15423253,0.43838596,-0.13120408,0.06267251,2,1.0,0.15621221,Emile Smith Rowe
-0.66452277,0.246134,0.013156757,-0.22094873,0.07530594,0.0074047297,0.12892012,-0.22099897,-0.1418112,1.806712,-0.15867747,-0.31572443,-0.4028905,-0.2122154,-0.061201505,-0.38929832,0,1.0,0.24836667,Ivan Smolčić
0.5723909,0.106318906,-0.13950716,0.10650758,-0.23691732,0.17860276,0.008935466,0.4581453,0.46805155,-1.323714,-0.08660064,0.6344401,0.2361686,0.17460635,-0.119765475,-0.10266965,6,1.0,0.18384516,Simon Sohm
-0.489517,0.019104294,0.095987245,-0.24375919,-0.2684966,-0.17452168,0.05690211,-0.30320832,-0.3235743,1.1758254,-0.080444954,0.07904076,-0.6214946,-0.07660548,-0.05335763,-0.16997784,5,0.9319835,0.07921796,Alex Sola
-1.0058155,-1.2352257,-1.278657,0.15484539,-2.1163301,-1.1507344,0.78116006,0.43042305,-0.8242317,-0.33250937,-0.16880234,1.5893853,-0.41362312,0.677014,0.36904168,0.08476503,4,1.0,0.0981779,Dominic Solanke
-0.31440622,-0.41888046,-0.029185653,-0.21025261,0.22718473,-0.16621035,-0.03394243,-0.087576434,-0.4143327,1.5604674,0.19689098,0.03303489,-0.48878285,-0.33965898,0.18277305,-0.09125038,0,1.0,0.07081039,Ola Solbakken
-0.18064174,-0.20241639,0.20694362,-0.17479315,0.057268094,-0.09817884,-0.16074282,-0.18284534,-0.34299392,0.5243778,0.30493438,0.11943602,-0.29682902,-0.09904936,0.08469692,0.20951426,3,0.99635595,0.051306885,Carlos Soler
1.2250428,0.22066511,-0.15945043,0.20686337,1.3053608,0.38550338,-0.15577358,0.42278814,0.64418375,0.3131294,0.17829385,-0.10734033,0.55794144,-0.13318248,0.22881263,0.02691412,1,1.0,0.1202123,Oumar Solet
-0.14455542,-0.40895212,-0.09663208,-0.22505367,0.5215256,0.0029560477,-0.095464,0.078625575,-0.31459486,1.722487,0.21326077,-0.17954008,-0.22885132,-0.35992998,0.25149208,-0.099239014,0,1.0,0.070005044,Jhon Solis
0.03585573,0.21477704,0.19682483,-0.15259373,0.47817522,0.25929415,-0.1292042,-0.057406574,-0.031961404,0.5500997,0.11482432,-0.37388894,-0.066353835,-0.25763246,0.025271624,0.020208828,0,0.9870385,0.07305999,Borna Sosa
0.093170345,0.18438517,0.28092933,-0.10554146,0.45246258,0.11428377,-0.15177067,-0.060366802,-0.084153384,0.36988983,0.15119866,-0.24369799,-0.010973036,-0.20549971,0.016611084,-0.040581875,3,0.99992746,0.12304403,Hugo Sotelo
-0.19664839,-0.37991995,0.08230587,0.23853248,-0.7562991,-0.45534694,-0.06599924,-0.124218464,-0.23821111,-0.9565865,-0.12441707,0.6193721,-0.03005296,0.11018726,-0.20935912,-0.21681574,2,1.0,0.20012355,Florian Sotoca
-0.43652937,-0.41280526,0.3292538,0.14485154,-0.38450807,-0.51423955,-0.17876208,-0.6971462,-0.71057165,0.5109609,0.16351013,0.1337365,-0.28519315,-0.028791703,-0.074449375,0.0018376485,5,1.0,0.18139592,Riccardo Sottil
-0.0038167983,-0.45276994,-1.0320965,-0.2870319,-1.1110053,-0.21597737,0.5918774,0.5488159,0.046367243,-0.3190902,-0.29025197,0.98639584,-0.29449627,0.48590648,0.32056153,0.19877101,4,1.0,0.5028211,Tomáš Souček
-0.42003217,-0.4717576,1.1484628,0.22185773,-0.8026164,-0.6621611,-0.05069291,-0.5638472,-0.56452394,-2.0247037,0.10964889,-0.13619237,0.543141,-0.010830551,-0.58527684,0.25959906,2,1.0,0.08021968,Matìas Soulé
0.83161414,0.53659785,-0.10597204,0.13577375,0.99605834,0.5473262,-0.15443523,0.2560374,0.6848244,0.030230884,0.017135112,-0.11828736,0.22992629,-0.07642221,0.086255744,0.039788738,1,0.9994337,0.12193503,Boubakary Soumaré
-0.67703986,-0.46017426,0.4152689,0.19327089,-0.99159276,-0.7450619,0.029121682,-0.42840013,-0.60582006,-0.8637141,-0.037207156,0.41747007,-0.2428683,0.047592893,-0.3394975,0.016607441,2,1.0,0.14212091,Issa Soumaré
0.15436494,0.28680336,-0.04891926,-0.0808069,0.108388,0.29349244,-0.07620156,0.25122678,0.35471404,-0.43150824,0.08762925,0.24877962,-0.025553301,0.24103573,0.06264578,0.11231963,3,1.0,0.12580517,Djibril Sow
0.2797138,-0.16019478,-0.14837189,-0.08428516,1.0326282,0.19702044,-0.18559805,0.17331102,0.03737484,1.5127188,0.34662312,-0.4278773,0.18440416,-0.4674704,0.2891147,-0.043068953,7,1.0,0.08129306,Saidou Sow
0.40354145,-0.28598353,-0.20411001,-0.13677672,1.0686,0.10183072,-0.17660418,0.28150055,0.022872984,1.49598,0.5222809,-0.28382632,0.13666764,-0.44277692,0.39015067,0.008995362,7,1.0,0.059092708,Saidou Sow
0.55859053,0.716823,0.2635833,0.024992213,0.51766,0.6023326,-0.19034992,0.22649188,0.69529015,-0.9577311,-0.19537102,-0.2417505,0.07417067,0.058221385,-0.2010732,-0.05216039,3,0.76360995,0.08295398,Djed Spence
0.06463814,-0.027931686,0.8335842,0.15889618,-0.18851177,-0.3169256,-0.11060071,-0.41585758,-0.38941556,-0.8634797,0.28488606,-0.20960347,0.23855478,-0.0699218,-0.13044523,-0.05102677,2,0.9996882,0.19055629,Leonardo Spinazzola
0.5815269,1.4224741,0.03691934,-0.30530226,0.71877354,0.9537405,0.07208355,0.5238059,1.248085,-1.913729,-0.411157,-0.44244954,-0.10760714,0.15809798,-0.2604447,0.13939607,6,1.0,0.09162569,Anton Stach
-0.08940129,-0.94192904,-0.9004924,-0.10770409,-1.4222584,-0.33260795,0.540046,0.60852194,0.06453149,-1.589402,-0.25077254,0.9440001,0.05678367,0.64878243,0.06483984,0.31318533,2,1.0,0.23412041,Jens Stage
0.5740464,-0.30529645,0.06825052,-0.014270745,0.88929003,0.1285263,-0.25839975,0.2030379,-0.017253958,0.73994094,0.46264356,-0.27741078,0.23053172,-0.38154823,0.28182787,0.046170622,0,0.9963831,0.16055557,Josip Stanišić
2.1393807,0.6381668,-0.46827734,0.45714086,2.1730905,0.59954154,-0.11970021,0.6498523,1.3807836,0.679099,0.2438284,-0.18759014,1.1078094,-0.18031754,0.41391373,-0.019735895,1,1.0,0.14287677,Carl Starfelt
1.9329941,0.55418277,-0.38821352,0.35031182,2.0761933,0.6036653,-0.14695947,0.5330614,1.2539992,0.70067406,0.29972953,-0.215465,1.0177199,-0.23835713,0.3628546,0.022248268,1,1.0,0.15739289,Niklas Stark
-0.7484375,-1.2576344,-0.91862965,0.15987724,-1.8293937,-0.8513816,0.61298555,0.28299403,-0.6551122,-0.49243397,-0.1758357,1.3691411,-0.31972718,0.64334065,0.17824647,0.26270887,4,1.0,0.15337566,Lucas Stassin
-1.011898,-0.50784296,-0.7488635,-0.2898514,-1.2408962,-0.67743963,0.5446761,0.1368155,-0.84267926,1.2857565,-0.31935203,0.9632896,-0.82345635,0.23080587,0.22290966,-0.07364591,5,1.0,0.15668471,Orri Steinn Óskarsson
-0.17871025,0.8276574,0.051695578,-0.15084118,0.63084704,0.52669466,-0.07020047,0.079444006,0.39580345,0.8568416,-0.12709248,-0.6253059,0.028354272,-0.06354787,-0.1555931,-0.1804328,3,1.0,0.32097054,Jack Stephens
0.27116945,-0.18131956,-0.13525446,-0.14401387,0.86098814,0.087846115,-0.1579353,0.20663795,-0.013569571,1.1022567,0.41889095,-0.14472176,-0.0046980307,-0.35681206,0.30692458,0.06307583,7,1.0,0.0793453,Leonidas Stergiou
-0.5848216,-0.31673002,0.12969387,-0.11031074,-0.3021434,-0.35549602,-0.019805744,-0.50069255,-0.6081808,1.1001034,0.038693793,0.1732565,-0.53594905,-0.1487992,-0.0129006505,0.024190158,5,1.0,0.054563392,Raheem Sterling
0.715274,0.53383994,0.7298619,0.17957467,0.21708514,0.28590664,0.0037960112,0.7667186,0.6406553,-3.3672273,-0.3059039,-0.4756566,0.58278406,0.4111449,-0.28217635,0.41608182,6,1.0,0.35968933,Angelo Stiller
-0.17259938,-0.20366171,0.95540553,0.050260164,-0.350336,-0.24347857,-0.0044376105,-0.22194181,-0.34625238,-1.9881186,0.001225613,-0.34239456,0.50194293,0.12031916,-0.36180663,0.3399185,2,0.99472296,0.22061011,Kevin Stöger
-0.67211235,-0.2633986,0.09155553,-0.123136416,-0.46751276,-0.3826201,0.04847482,-0.44691253,-0.56684625,1.2682472,-0.08878338,0.25202575,-0.6440093,-0.06423748,-0.0488552,-0.11365413,5,1.0,0.10471269,Stoichkov
0.78889084,-0.91405845,-0.26581365,0.05940523,1.2789649,0.006604828,-0.40545744,0.2267518,-0.16913724,1.8241355,0.95327437,-0.47204837,0.30606192,-0.47026607,0.71796393,-0.011791743,7,1.0,0.25801486,John Stones
-1.0595765,-1.4501368,-1.466592,0.14503866,-2.3816261,-1.2637714,0.9131518,0.571405,-0.8960368,-0.29576206,-0.23125301,1.7418513,-0.43848318,0.8067777,0.44391608,0.16041535,4,1.0,0.1749318,Jørgen Strand Larsen
-0.008717798,-0.0845262,0.65790457,0.020594992,-0.7483401,-0.18315771,0.10241918,0.10581185,0.18982866,-2.3470683,-0.05069159,-0.015821384,0.26747,0.21736446,-0.49442148,0.023949899,6,0.9975369,0.17492935,Gabriel Strefezza
-1.0588306,-1.0417167,-1.2819611,-0.12740205,-1.8550562,-0.9137653,0.71778804,0.53316617,-0.95498145,0.65821004,-0.24851416,1.4700168,-0.759366,0.45858926,0.53032094,0.22527394,4,1.0,0.20219931,Cristhian Stuani
0.027517602,1.2439909,0.0016836524,-0.07620768,0.9217546,0.77049357,-0.16399372,0.13530137,0.6936899,0.7552935,-0.29754138,-0.91790146,0.21161377,-0.033936113,-0.17485888,-0.26311088,3,1.0,0.38699487,Álex Suárez
-0.18088016,-0.58052284,0.1643705,-0.0963901,0.010611871,-0.11677528,-0.26855898,-0.32696116,-0.5103086,0.7919878,0.4011767,0.08113608,-0.34451658,-0.23118515,0.09022896,0.19490865,5,1.0,0.09623073,Denis Suárez
0.1347553,0.7936097,0.78532064,-0.0952677,0.16812207,0.4321211,-0.1361444,0.024499808,0.44237894,-2.0245533,-0.3075148,-0.7010153,0.07209582,0.012827009,-0.30462763,0.20651895,6,1.0,0.18106754,Gabriel Suazo
-0.14796129,-0.22420965,0.07704707,-0.0015884936,-0.36171934,-0.09400224,-0.14509092,0.068942994,-0.08964743,-0.65228015,0.11294385,0.46308494,-0.18267961,0.17839089,-0.053982094,0.06902342,2,0.99985313,0.1177552,Luka Sučić
0.21801008,0.27922308,0.45752925,-0.062748,0.24595277,0.18500303,-0.23606515,-0.13302861,0.015659377,-0.27454782,0.0993254,-0.2946123,0.009477057,-0.15276498,-0.118040174,-0.0725495,3,0.9999962,0.04985302,Yukinari Sugawara
0.28089565,-0.015015416,-0.04292555,-0.045395378,0.99449354,0.23100853,-0.18950067,0.16753766,0.14066714,1.1906602,0.28305465,-0.34949246,0.18439138,-0.41778818,0.17368731,-0.052471794,7,1.0,0.10954837,Niklas Süle
-0.2801538,-0.09123312,0.21591201,0.016415529,-0.320739,-0.2814186,-0.14333636,-0.40081143,-0.4002516,0.24200213,0.08246285,0.17499502,-0.31062517,-0.007995248,-0.0307616,0.020747282,5,0.998085,0.12069924,Kamaldeen Sulemana
-0.6313199,-0.36767888,0.28384244,-0.059528816,-0.44794852,-0.46258497,-0.12715553,-0.64898795,-0.69377506,0.63577724,0.04695422,0.14031805,-0.45225418,-0.05621831,-0.11599844,0.04126525,5,1.0,0.049096826,Crysencio Summerville
-0.053727686,0.48351943,0.4487009,-0.25318065,-0.11087529,0.39099112,-0.16470198,-0.16269167,0.25440967,-0.9331242,-0.09051424,-0.4399552,-0.32473952,-0.0136356205,-0.18872127,-0.003051035,6,0.9974569,0.12718907,Tomáš Suslov
-0.5027064,-0.38040137,0.49151307,-0.027871463,-0.3066368,-0.37896615,-0.2712253,-0.7693372,-0.69917893,0.46387556,0.15034157,-0.10537497,-0.36217475,-0.12965599,-0.18528198,0.12362385,5,1.0,0.16517639,Suso
-0.67377675,-0.28726214,-0.35005885,-0.23750848,-0.74622154,-0.37240562,0.18984888,0.002187525,-0.49823415,0.6190255,-0.042522743,0.6642182,-0.62948877,0.22234613,0.12934428,0.12328628,5,1.0,0.105087325,Mattias Svanberg
-0.4591904,0.11691159,0.23289762,-0.23152402,-0.112302974,-0.05940432,-0.011135459,-0.33488023,-0.2685653,0.97133446,0.017158851,-0.2011704,-0.38215944,-0.13796508,-0.09422415,-0.10173943,0,1.0,0.093796335,Daniel Svensson
0.3895368,-0.14818698,-0.16639175,-0.07906785,1.0446707,0.16038316,-0.15995836,0.20192595,0.08781837,1.268076,0.4470579,-0.30109742,0.18176877,-0.44938862,0.3231547,0.027941369,7,1.0,0.037859462,Marin Šverko
0.7405741,0.08467038,-0.14541127,0.054799117,1.2846442,0.34901792,-0.22982752,0.2459689,0.41038537,0.9792291,0.38262963,-0.30386773,0.42615977,-0.45364755,0.3126939,0.017014816,7,1.0,0.046837885,Michael Svoboda
-0.9223535,-0.6417499,-0.2398764,0.039072588,-1.2458209,-0.7632507,0.28003907,-0.24561912,-0.7939345,-0.2177451,-0.15525706,0.74391377,-0.3771491,0.3614112,-0.030901387,0.14333501,5,0.9999971,0.13132031,Williot Swedberg
0.39068246,0.031191193,-0.16608255,-0.046592537,1.1227868,0.2783655,-0.16168271,0.15926757,0.24886328,1.3478744,0.33544385,-0.43132365,0.30106208,-0.45358506,0.25876334,-0.015793525,7,1.0,0.06172185,Abakar Sylla
0.16235238,-0.1877729,-0.05945514,-0.12856519,0.49467033,-0.0037006363,-0.12893735,0.110455915,-0.1074266,0.8041164,0.33360898,0.08420157,-0.11795373,-0.22366332,0.2677382,0.07173568,0,0.9999943,0.099804,Issiaga Sylla
-0.86554265,-0.45913613,-0.46995157,-0.16066223,-0.9652233,-0.5227946,0.3219186,-0.0039028623,-0.71693826,0.85327566,-0.12254563,0.86493677,-0.67236525,0.22869864,0.14375117,0.070968166,5,1.0,0.20012549,Mamadou Sylla
-0.73560214,-0.37876076,-0.5340073,-0.27607247,-0.7840477,-0.44956338,0.33507156,0.12717688,-0.55956924,1.1557066,-0.14213206,0.77183855,-0.7046902,0.15433666,0.2065889,0.021327414,5,1.0,0.115792096,Sammie Szmodics
-0.28818074,-0.8801395,0.2937461,0.39128685,-1.151893,-0.62059927,0.3298741,0.14735998,-0.3619246,-2.7105074,0.048387565,0.1959049,0.7934058,0.32455608,-0.2679944,0.33646548,2,1.0,0.23198757,Dominik Szoboszlai
-1.3323953,-1.9915015,-2.2945538,0.28066513,-3.2895098,-1.8112562,1.387334,0.77442443,-1.2203834,-0.23783028,-0.28043437,2.281949,-0.41816032,0.8937255,0.80187434,0.03895551,4,1.0,0.16386852,Alexander Sørloth
-0.6103084,-0.4325096,0.12635568,0.08254471,-0.64808315,-0.5379559,-0.08216994,-0.5035714,-0.704814,0.2673402,-0.034441978,0.38742745,-0.37688628,0.13532078,-0.08745096,0.09075406,5,1.0,0.0764788,Musa Al-Taamari
-0.6460397,-0.61200607,-0.10691027,-0.21861297,-0.37109578,-0.43246716,0.019139469,-0.36754328,-0.7578722,1.2426748,0.13326848,0.41409218,-0.6611724,-0.1284018,0.0714812,0.10657355,5,1.0,0.092770666,Musa Al-Taamari
-0.9344263,-0.4828292,-0.5765985,-0.25837627,-1.0563667,-0.67041105,0.4214731,0.00040240958,-0.84033346,1.3176991,-0.21639131,0.8728871,-0.746535,0.19514397,0.17345634,-0.007927619,5,1.0,0.07363472,Haris Tabakovic
0.15807268,1.1084938,-0.11451952,-0.25645044,0.23390342,0.7114133,0.112703815,0.41156292,0.9311737,-0.8459268,-0.14235024,-0.15891771,-0.320012,0.22072488,-0.15906125,-0.24081987,3,0.99998754,0.33633712,Nicolás Tagliafico
2.1592097,1.1753597,-0.48639023,0.49903935,2.0357685,0.5841423,-0.07520397,0.97426265,1.5179461,-0.290844,-0.1349579,0.02017317,1.178712,0.119954616,0.20937392,0.04481999,1,1.0,0.21582584,Jonathan Tah
-0.3217707,-0.19651657,9.380281e-05,-0.2280694,0.33024025,-0.034304865,-0.025502652,-0.13004182,-0.32066432,1.6515924,0.10666937,-0.23682277,-0.35929084,-0.35420826,0.114246964,-0.13971964,0,1.0,0.08199806,Adrien Tameze
0.674036,1.0476726,-0.067983165,-0.067364685,1.0025244,0.8303918,-0.1682208,0.1278482,0.86633086,-0.10612113,-0.1307922,-0.46465114,0.09357805,-0.059704818,-0.07231599,0.01566463,1,1.0,0.06681226,Renato Tapia
1.4683987,0.93640625,-0.2729786,0.37143558,1.3343949,0.5475711,-0.12550065,0.68981934,1.1116517,-0.42952275,-0.28498852,0.007046275,0.5387691,0.1177195,-0.014897138,-0.15400586,1,1.0,0.16241618,Edmond Tapsoba
0.033774942,0.34638333,0.33024535,-0.07006391,0.06815955,0.19867238,-0.23151556,-0.041323695,-0.018085353,-0.45602393,0.09926108,-0.24933325,0.015158594,0.10879907,0.05858928,0.11391204,3,0.99988747,0.2534427,Florian Tardieu
-0.50216925,-0.71162856,-0.13082834,-0.18987459,-0.32908726,-0.3750504,-0.051043965,-0.2773649,-0.67609304,0.942702,0.2623943,0.44272715,-0.5539604,-0.027045384,0.14346325,0.2569366,5,1.0,0.15184891,Mehdi Taremi
-0.079695195,0.12203419,0.1034879,-0.15711197,0.43788958,0.20843633,-0.14557567,-0.10837571,-0.108173825,0.8354315,0.09944813,-0.33105808,-0.2150085,-0.26939857,0.09399864,0.0074540526,0,0.9957765,0.07406341,Oussama Targhalline
1.5750419,1.3384956,-0.05872427,0.10418192,1.8089602,0.8919813,-0.1054402,0.55762243,1.4438196,-0.54956007,-0.2563756,-0.37961328,0.6610315,-5.4061413e-05,-0.22150767,0.15267897,1,1.0,0.31152028,James Tarkowski
1.9692605,1.2413875,-0.39122498,0.30992335,2.0270166,0.74657315,-0.08840733,0.7973032,1.5238364,0.08104691,-0.123685524,-0.17833473,1.0228461,-0.0018173903,0.131426,0.105590805,1,1.0,0.1722598,César Tárrega
-0.13202505,0.12819329,1.2962495,0.18061483,-0.33863133,-0.14384109,-0.093699954,-0.3878052,-0.25264406,-2.0730212,0.07221307,-0.5527815,0.4609134,-0.053179078,-0.40253472,0.16802056,6,0.9978261,0.24646446,Nuno Tavares
-0.43906203,-0.40635514,0.49097574,0.19835535,-0.8919824,-0.4678254,0.10958411,-0.16532858,-0.39654288,-2.0114732,0.021298945,0.0774787,0.5328535,0.26225212,-0.26542604,0.1609552,2,1.0,0.20457359,Marcus Tavernier
-0.26956418,-0.15485954,0.005131215,-0.16549668,0.26986617,-0.020865403,-0.07242817,-0.06735057,-0.23775032,1.3037317,0.069496855,-0.1057527,-0.33398834,-0.24932675,0.114836216,-0.092987336,0,1.0,0.047179315,Jack Taylor
-0.5262164,-0.58807963,-0.18092163,-0.13760003,-0.52053905,-0.4850282,0.028293371,-0.3048266,-0.68430436,1.0328038,0.03853315,0.54168165,-0.65120345,0.026734501,0.12127441,0.13331097,5,1.0,0.10162469,Loum Tchaouna
0.27498406,0.39511472,0.85505766,0.039877348,-0.17460613,0.012482353,-0.13269937,-0.15856653,0.313469,-1.5100864,-0.17774025,-0.29090136,0.079863034,-0.1419528,-0.4755949,-0.23308203,6,1.0,0.1773373,Jackson Tchatchoua
0.22473611,0.75207627,0.27760202,-0.15405014,0.43666476,0.5756834,-0.15418254,-0.10082038,0.38389856,-0.22498897,-0.17207094,-0.5944023,-0.09403857,-0.1485994,-0.19975951,-0.16645265,3,0.9999409,0.096909955,Enzo Tchato
1.8288245,1.2688576,-0.4598868,0.34596676,1.7777808,0.74335605,-0.084391385,0.76008224,1.5651996,-0.4735368,-0.24785091,0.042702716,0.6836172,0.19859982,0.017733335,0.05756651,1,1.0,0.14353615,Aurélien Tchouaméni
-0.6500977,0.10713367,0.91528475,-0.09241224,-0.3435896,-0.47072142,-0.2618671,-0.861272,-0.6830397,-0.12680039,-0.019903958,-0.44721553,-0.16310918,-0.13569687,-0.48297802,0.01304815,5,0.99986345,0.16991803,Álvaro Tejero
-0.80002654,-0.34237128,0.06387603,-0.0809721,-0.7897404,-0.62089044,0.060174882,-0.51465344,-0.7910563,0.52431285,-0.1482697,0.37830904,-0.52908045,0.09739748,-0.12229655,0.02566982,5,1.0,0.0695578,Mathys Tel
-0.7238656,-0.4112811,0.1260326,-0.038773123,-0.79273754,-0.5776996,0.012901932,-0.46123555,-0.71263117,0.06937377,-0.063306056,0.40991002,-0.42092425,0.21169284,-0.11369913,0.1347591,5,1.0,0.08540037,Nathan Tella
0.58429575,1.564859,0.018445954,-0.32530746,0.6276597,1.061413,0.12963717,0.33959672,1.3806483,-1.6914475,-0.31088293,-0.5369888,-0.24004745,0.042972937,-0.32567972,-0.12095221,6,1.0,0.2262834,Nahuel Tenaglia
-0.8797816,-0.5648975,-0.70023555,-0.15129296,-1.2113602,-0.65049314,0.38135868,0.15289576,-0.72330064,0.5060147,-0.157013,1.0495569,-0.63707256,0.35940337,0.22267371,0.17544368,5,0.99997705,0.08536113,Casper Tengstedt
-0.6359464,0.031373143,0.00949277,-0.23660812,0.15650278,0.010943405,0.10519178,-0.24306364,-0.21487942,2.0614276,-0.098089844,-0.33062297,-0.38329476,-0.29111975,-0.026426278,-0.36512947,0,1.0,0.28363267,Filippo Terracciano
-0.5686505,-0.38438332,-0.12514241,-0.12600863,-0.5968585,-0.37547994,0.028214008,-0.15967318,-0.52871066,0.5279138,0.0165267,0.5674215,-0.55754364,0.1582323,0.058013156,0.14085168,5,1.0,0.14567107,Ramón Terrats
-0.49216697,-0.74600565,-0.20974444,-0.1851652,-0.3381748,-0.385736,0.001372233,-0.22657543,-0.7283712,1.2225596,0.20585397,0.5300059,-0.6642584,-0.09346779,0.19726026,0.19338983,5,1.0,0.0983665,Martin Terrier
0.31283623,0.15937275,-0.07857452,-0.08562317,0.890974,0.25963607,-0.109878674,0.1683513,0.23274174,0.8683538,0.2884621,-0.13752206,0.05046373,-0.26558205,0.21321982,0.06289181,7,1.0,0.05851593,Tanner Tessmann
0.22469498,0.93604004,0.060138024,-0.25702763,0.5175605,0.810653,-0.07836002,0.07226978,0.77571285,-0.63585836,-0.1322012,-0.5092674,-0.24245882,0.030996427,-0.11585452,-0.10767343,3,0.9012681,0.07404709,Kenny Tete
-0.4544092,0.029252492,0.17103757,-0.20346601,-0.07415687,-0.119081564,-0.07088945,-0.32605797,-0.32246813,0.9952233,0.021450425,-0.071297236,-0.44054013,-0.122263625,-0.06099554,-0.084577985,0,0.9999809,0.07164216,Teddy Teuma
-0.21263349,-0.34700924,0.057060495,-0.26843667,0.17738003,-0.10278585,-0.1257113,-0.099987105,-0.384047,1.0464841,0.29365772,0.033241868,-0.4170461,-0.2732485,0.15242442,0.14734082,0,1.0,0.03821341,Jordan Teze
-0.59399474,-1.0516003,0.18702763,0.6137158,-1.3478926,-0.88810074,0.21458547,-0.312115,-0.62035066,-1.8600985,0.018754791,0.66670555,0.5380293,0.34396055,-0.32360065,0.10989782,2,1.0,0.12233716,Florian Thauvin
2.0499444,1.2198161,-0.35051233,0.47394145,1.862145,0.694023,0.06306654,0.97271156,1.6158297,-0.8121497,-0.3097279,0.1688568,0.97318834,0.16849661,-0.020613365,-0.0039970204,1,1.0,0.15026084,Arthur Theate
1.2512001,0.18702094,-0.24609216,0.18259487,1.6099082,0.42605427,-0.2521987,0.387488,0.72409314,0.87224007,0.36709237,-0.27623862,0.65094596,-0.34393635,0.36892986,0.00017666072,1,0.9899835,0.08491108,Malick Thiaw
0.19317237,0.35243142,0.004806131,-0.11661637,0.80452096,0.45559603,-0.1300771,0.009897545,0.30408728,0.794645,0.12959428,-0.42533514,0.107916735,-0.24016967,0.027242154,0.018784456,7,1.0,0.065440476,Luke Thomas
-0.6093786,-0.18510458,0.9683967,-0.031085096,-0.40848106,-0.6461668,-0.24217106,-0.9062254,-0.75691164,-0.4730929,0.07816623,-0.29963708,-0.14825816,-0.16009125,-0.47529247,0.08484329,2,1.0,0.1211703,Sorba Thomas
0.03600571,0.29338795,0.13551241,-0.09042675,-0.5256321,0.118986286,0.17722209,0.60971516,0.5563446,-2.9100003,-0.2760892,-0.24915852,0.18705773,0.52399415,-0.17489384,0.17577791,6,1.0,0.40516296,Adrien Thomasson
-0.47068605,0.12781854,0.28341326,-0.19424333,-0.3716387,-0.10133203,-0.09086491,-0.3321735,-0.23085439,-0.21162555,-0.05685477,-0.17512202,-0.5065085,-0.03976284,-0.22730511,-0.10269553,3,0.99999815,0.22596304,Morten Thorsby
0.542858,-0.17188843,-0.058068886,0.1845631,-0.50785977,0.083144225,0.04500553,0.5327811,0.5561781,-1.7890407,-0.025673635,0.5017774,0.32321596,0.34598055,-0.09986368,-0.038409702,6,0.99999905,0.1660258,Khéphren Thuram
-0.6254513,-1.8428148,-0.87063754,0.53578955,-2.1268744,-1.1054889,0.8162775,0.12832683,-0.774261,-1.5318332,-0.074421845,1.3254555,0.20727524,0.75394684,-0.011682466,0.22897035,4,1.0,0.0979204,Marcus Thuram
-0.47475448,0.111547574,0.030396953,-0.28484425,0.15930043,0.12873383,0.053880915,-0.20435135,-0.09554055,1.5738393,-0.06082453,-0.32474607,-0.38987422,-0.20604813,-0.023992643,-0.23405161,0,1.0,0.15107606,Cheikh Tidiane Niasse
0.40518206,0.9519037,0.46855277,-0.1663588,0.047791127,0.5061599,0.11108868,0.8617171,0.9570662,-3.3923967,-0.45504653,-0.5417875,0.22838363,0.3997336,-0.17008553,0.4772281,6,1.0,0.2364461,Youri Tielemans
-0.74208045,-0.871422,-0.7767992,-0.045315895,-1.3892308,-0.7107929,0.34467775,0.20053375,-0.7611171,0.117291376,-0.23063795,1.2354223,-0.59182125,0.4840312,0.20257893,0.18581578,4,0.9998513,0.08908627,Phillip Tietz
0.407164,0.88206404,0.13354301,-0.115265615,0.28569257,0.6981318,-0.12839966,0.29025307,0.8306648,-1.2650331,-0.19966774,-0.2884111,-0.18465817,0.15464309,-0.14983357,-0.053495385,6,0.98224,0.10843916,Jurriën Timber
0.89310265,0.6758845,-0.064225554,0.031877413,1.4346411,0.74123555,-0.23566018,0.15253364,0.80625015,0.71434027,0.14802662,-0.5685924,0.5151902,-0.23237011,0.10160689,0.054677222,7,0.9641517,0.08286892,Jean-Clair Todibo
0.50979376,-0.36095554,-0.36344886,-0.012852654,-0.65210474,0.10622692,0.25962442,0.82798755,0.49397826,-2.4456038,-0.23284902,0.5930043,0.37294373,0.42496645,-0.11228973,0.20490143,2,1.0,0.21640006,Corentin Tolisso
-0.15410323,-0.14518785,0.057609133,-0.2548471,0.42841047,0.053798564,-0.05912164,-0.025966158,-0.14266245,1.2074468,0.18336582,-0.2354895,-0.24621925,-0.30273074,0.10291149,-0.06711479,0,1.0,0.1295391,John Tolkin
0.22746356,-0.57489574,-0.1284676,-0.18583798,0.90617895,0.02713316,-0.2611216,0.21088243,-0.2550765,1.6502931,0.51021105,-0.2821998,-0.039041497,-0.51949525,0.38463432,-0.030206643,7,0.9999886,0.06604252,Rafael Tolói
-0.5948596,-0.6799936,-0.3485158,0.07816721,-1.1646187,-0.6123813,0.20506777,0.043448664,-0.48218146,-0.5365096,-0.19874406,0.9332323,-0.35084814,0.3763922,-0.034289747,0.09357062,4,0.9999923,0.07284194,Tiago Tomás
1.3427048,0.041544273,-0.21951391,0.17906094,1.6097468,0.4342807,-0.23041692,0.27757528,0.73204803,0.8992508,0.4227658,-0.37240908,0.63024014,-0.33067173,0.39341718,0.091340944,1,1.0,0.2627081,Fikayo Tomori
0.69280183,0.19675516,-0.37896204,-0.20012635,-0.118769646,0.3843424,0.17262517,0.6497596,0.9600396,-1.8539984,-0.21957414,0.4983376,0.109680004,0.3203978,-0.09631449,0.12452896,6,1.0,0.17066179,Sandro Tonali
0.36608878,-0.047570907,-0.15233289,-0.016330883,1.1154794,0.25348228,-0.19411151,0.16297016,0.19008529,1.3913879,0.32256478,-0.45158228,0.2852456,-0.4879904,0.26234064,-0.054832764,7,1.0,0.08478592,David Torres
-0.7965708,-1.468299,-1.1296436,0.24182034,-2.0111828,-0.9154148,0.61136013,0.1341474,-0.8668226,-0.4559793,-0.044784643,1.321786,-0.21197537,0.675362,0.372104,0.28240165,4,1.0,0.21015427,Ferrán Torres
1.3721346,0.011228859,-0.30051053,0.3227265,1.5119264,0.29595345,-0.22482264,0.4887763,0.6446841,0.92450374,0.35794765,-0.23238696,0.7578169,-0.3115891,0.44463545,-0.15689316,1,1.0,0.21306749,Pau Torres
0.94734335,1.0049767,-0.30062157,-0.1549069,0.9951085,0.8150631,0.098711476,0.31253478,1.2625949,-0.77474123,-0.06610163,0.00940805,-0.05423867,0.093792304,-0.046742417,0.096279256,1,0.99999815,0.25817364,Lucas Torró
0.31654108,-0.18958628,-1.1925815,-0.46572426,-0.8727479,0.22906974,0.5948892,0.6702068,0.55759734,-0.83876234,-0.21501379,0.8853083,-0.3316583,0.3747577,0.23410174,0.15357314,2,1.0,0.8267229,Abdoulaye Touré
-0.48861346,-0.48240525,0.14158729,-0.06381215,-0.36696297,-0.42047805,-0.05784332,-0.49329928,-0.6669025,0.7400374,0.08537717,0.21820723,-0.4922219,-0.002410099,-0.046712264,0.16563664,5,1.0,0.15329151,Bazoumana Touré
0.16860576,-0.35265613,-0.11846198,-0.1682007,0.8343106,0.07564438,-0.16870312,0.16896306,-0.17251848,1.5576501,0.37007135,-0.29471534,0.01638443,-0.4408606,0.31895584,-0.022339456,7,0.9994185,0.06850676,Souleymane Touré
-0.36128375,-0.32210332,-0.047464877,-0.2013678,0.214394,-0.121372305,0.015912488,-0.039984852,-0.33842573,1.6026007,0.08613683,0.022015288,-0.45699552,-0.23053,0.16207927,-0.12637627,0,1.0,0.0845863,Lucas Tousart
-0.6009053,-0.74176633,1.0501713,0.43288815,-0.97306484,-0.94410634,-0.05919055,-0.780488,-0.87854207,-1.7280467,0.21808235,-0.13644756,0.51471335,0.04035631,-0.43245268,0.105221145,2,1.0,0.106151894,Adama Traoré
0.10817568,-0.32364804,-0.038816065,-0.18693921,0.7965199,0.047581032,-0.17181015,0.13701227,-0.2058087,1.340336,0.3805514,-0.26047218,-0.09778957,-0.43640384,0.28422752,-0.00040704012,0,0.99033856,0.047963455,Hamari Traoré
0.46868765,0.87055165,0.7329634,0.096620716,0.12931302,0.28510347,-0.20890336,-0.08687118,0.40283895,-1.3253623,-0.303212,-0.37123722,0.21327749,-0.15293187,-0.30621374,-0.33573595,6,1.0,0.34068662,Omar Traoré
-0.30429652,-0.32157275,0.07643869,-0.2203652,0.22613911,-0.09425918,-0.102445096,-0.1738123,-0.42169857,1.3201127,0.23242742,-0.0792741,-0.4168302,-0.3680892,0.11191943,0.025759876,0,1.0,0.04252443,Óscar Trejo
0.31495082,1.0973111,0.36687273,-0.18045196,0.31357428,0.63033205,-0.08976308,0.11408214,0.7286249,-1.361244,-0.35124367,-0.5585567,-0.19293892,-0.08660041,-0.2749436,-0.16462833,6,1.0,0.096739456,Philipp Treu
-0.22606751,0.77656853,0.7211238,-0.32109115,0.09790537,0.15911376,-0.19255373,-0.37103987,-0.053502254,-0.4267221,-0.27674216,-0.9706381,-0.2575771,-0.24475545,-0.4209877,-0.25004822,3,0.9417309,0.2928115,Christopher Trimmel
0.46965694,0.35624003,0.41800365,-0.0048147216,0.3892013,0.33507326,-0.25999978,0.045127444,0.22307321,-0.68441504,-0.024403282,-0.24882247,0.115221344,-0.07460802,-0.07078647,0.068136446,3,0.99192846,0.1462476,Kieran Trippier
-0.5114058,-0.91676944,0.35714704,0.5119208,-1.3822768,-0.8328418,0.3711599,-0.10997155,-0.4939466,-2.60766,-0.0026772246,0.38031334,0.71311057,0.24893346,-0.36176962,0.20884731,2,1.0,0.07249172,Leandro Trossard
0.31758493,0.7230766,0.7910437,0.029810846,-0.07517469,0.14577103,-0.056045324,0.07699104,0.5953478,-2.1485019,-0.3589326,-0.29407862,0.044810914,0.01549463,-0.53943515,-0.17867613,6,1.0,0.17850375,Adrien Truffert
-0.03571783,0.11500117,0.29496908,-0.21015206,0.30357975,0.13101575,-0.19649902,-0.11406584,-0.17565021,0.41784984,0.16353673,-0.31761885,-0.16116229,-0.19879065,0.0069007725,0.06612736,3,0.5426566,0.07938447,Kostas Tsimikas
-0.40958008,-0.4765855,0.83782876,0.13222405,-0.7153823,-0.6649181,-0.14252393,-0.55388343,-0.51192456,-1.2605749,0.061787598,-0.016542925,0.14121485,-0.054775484,-0.47398457,0.06002767,2,1.0,0.0506996,Viktor Tsyhankov
0.22436032,0.48866695,0.035990283,-0.07452737,0.8431719,0.5627701,-0.15288563,-0.0003619464,0.39934933,0.7150103,0.056133956,-0.502946,0.16666785,-0.21026695,-0.008041874,-0.019376121,7,0.99997705,0.0495707,Axel Tuanzebe
0.10780972,-0.40890414,-0.10371505,-0.16722855,0.7960108,0.0551292,-0.22501811,0.13588534,-0.21698427,1.4956044,0.36515617,-0.23621844,-0.097909525,-0.46449828,0.3047982,-0.03970564,7,0.99714124,0.054669492,Beñat Turrientes
1.8465097,0.996405,-0.35111296,0.2809195,1.7927666,0.6681219,-0.057200603,0.6326084,1.3611155,-0.07223403,0.013767904,-0.001085531,0.8186669,0.03057845,0.11366914,0.11694069,1,1.0,0.063988015,Tuta
-0.56613684,-0.41957033,0.35738564,0.06438764,-0.8856979,-0.5376329,-0.09169802,-0.4074389,-0.5319177,-0.96223545,-0.051535472,0.24297652,-0.16993164,0.10185894,-0.23638579,0.07113041,2,1.0,0.12521309,Christantus Uche
0.26314187,1.1074985,0.07554342,-0.23088574,0.41330102,0.87115836,-0.08741826,0.097037,0.9583043,-0.94941854,-0.23161744,-0.56160074,-0.32309714,0.057641357,-0.13545398,-0.1357382,6,0.9999857,0.18720946,Destiny Udogie
0.24216057,0.76784503,-0.097247735,-0.30846936,0.45492312,0.7461423,0.004979104,0.045277234,0.8618981,-0.5819526,-0.027104385,-0.41432926,-0.3908151,0.10265109,-0.037194796,-0.02802948,6,0.996913,0.26807588,Manuel Ugarte Ribeiro
0.5040518,0.11344363,-0.05703999,-0.07237816,0.7969175,0.37136987,-0.13540989,0.11163741,0.29031476,0.45550582,0.28365463,-0.1437397,0.034296654,-0.17976785,0.14999914,0.110481516,3,0.94445425,0.12529282,Lesley Ugochukwu
0.022672065,0.57781905,0.21249568,-0.12709455,0.3862136,0.44238102,-0.15607506,-0.06370646,0.2249991,0.20466046,-0.09166756,-0.48871598,0.019216247,-0.08545844,-0.18006131,-0.15033779,3,1.0,0.11178774,Lukas Ullrich
-0.8896415,-1.5246964,-1.1488997,0.39968854,-2.1952028,-1.3033816,0.86558586,0.28084198,-0.8933674,-1.1284189,-0.22620966,1.4773006,-0.031730667,0.65254503,0.18248355,0.056672268,4,1.0,0.19264784,Deniz Undav
1.342932,0.95563316,-0.40710288,0.25689098,1.3166784,0.5743274,-0.12838677,0.6238676,1.1716025,-0.21933699,-0.24645044,0.1551891,0.43235824,0.093346745,0.074524745,-0.03993272,1,1.0,0.22982514,Dayot Upamecano
-0.22083634,-0.4358418,-0.052314535,-0.19954464,0.5082201,-0.010118581,-0.11192149,0.003062252,-0.34276038,1.8382353,0.19811307,-0.22970678,-0.29614395,-0.42179564,0.20200133,-0.17618772,0,1.0,0.05816756,Kacper Urbanski
-0.4877626,-0.92645663,-0.124059096,0.040104024,-0.74441135,-0.46825898,-0.073017724,-0.43173748,-0.8547415,0.48616213,0.12720296,0.5029533,-0.44989073,0.15952227,0.12509212,0.30572608,5,0.9999829,0.24107358,Can Uzun
-0.19055891,0.40835238,0.43363667,-0.12805146,0.08494973,0.07570079,-0.1640335,-0.25950825,-0.058461666,-0.07503683,-0.023124885,-0.2446753,-0.18518275,-0.07798657,-0.2256908,-0.08451841,3,0.9999962,0.101829015,Josha Vagnoman
-0.24974817,0.7002311,0.073560804,-0.06364,0.5845514,0.4261398,-0.011486784,-0.008114463,0.31656435,1.2636608,-0.11607014,-0.69260275,0.12552598,-0.13362974,-0.17459336,-0.31338423,0,0.99991226,0.3951915,Lautaro Valenti
0.19328672,0.8546371,-0.03582944,-0.21292046,0.67058337,0.7312495,-0.15826514,-0.004383828,0.57516485,-0.08327552,-0.1251561,-0.6197825,-0.1631145,-0.05195962,-0.07177192,-0.0007742569,3,0.99920785,0.11944093,Óscar Valentín
0.94065845,-0.07231205,-0.27885997,0.04179492,1.4508917,0.34025025,-0.2520219,0.22402696,0.4519475,1.1265538,0.5765341,-0.36060056,0.42673734,-0.41895503,0.4461903,0.19800185,7,1.0,0.41704798,Nicolás Valentini
-0.06979032,0.80726516,1.1269959,-0.0364939,-0.032267574,0.15061802,-0.11568454,-0.1566847,0.18796417,-1.9184906,-0.35909206,-0.69440055,0.038752146,-0.24879828,-0.5714171,-0.08074894,6,1.0,0.2392323,Emanuele Valeri
1.6250732,0.963786,-0.26803684,0.2286425,1.8340534,0.65192693,-0.18646786,0.6471521,1.1916401,0.3715826,0.011433423,-0.27309158,0.9261802,-0.15414372,0.16108796,0.07506044,1,1.0,0.18751512,Martin Valjent
0.14267592,-0.06379825,0.066923015,-0.104241684,0.763581,0.15369694,-0.15337832,0.10026403,-0.018025763,0.93711746,0.27253947,-0.2903495,0.022532254,-0.3528029,0.14717358,-0.009044886,0,0.5612092,0.031406928,Álex Valle
1.1964593,0.6789204,-0.43124658,-0.043985605,0.18745847,0.5889321,0.20721437,1.1108965,1.5438795,-2.7403843,-0.4393837,0.5677999,0.4211767,0.37083554,-0.19034043,0.20754379,6,1.0,0.27890414,Federico Valverde
0.035899736,0.48147804,0.057759978,-0.21289417,0.60730773,0.5505551,-0.11091289,-0.042795755,0.27944523,0.4250534,0.057016753,-0.48210034,-0.100779414,-0.1327877,-0.028882004,0.01778125,3,1.0,0.06763573,Ignace Van Der Brempt
-0.39319694,0.11845307,-0.048841238,-0.26521853,0.15670817,0.06478687,0.06660074,-0.03692757,-0.046656765,1.3874705,-0.031416655,-0.08168608,-0.33612552,-0.1199313,0.05583349,-0.15911388,0,1.0,0.16359733,Siebe Van Der Heyden
2.3583167,1.6756849,-0.65297866,0.57599413,2.2036247,0.823731,-0.0002566427,1.1492077,1.976911,-0.7988417,-0.38478756,0.15585816,1.1884826,0.22142342,0.0540981,0.052845523,1,1.0,0.1698341,Virgil van Dijk
0.32449976,1.0747672,0.30494425,-0.20899722,0.24827251,0.73226434,0.025039256,0.31314984,1.0066016,-1.9750881,-0.27086288,-0.41678193,-0.24754757,0.06810345,-0.24072799,-0.041085683,6,1.0,0.10102898,Vanderson
-0.9456737,-1.3822367,-1.1188657,0.14118361,-2.0839138,-1.1083164,0.7250274,0.29635775,-0.8630412,-0.41761172,-0.13696124,1.4935971,-0.40389797,0.7379172,0.29053864,0.12918302,4,1.0,0.13870054,Jamie Vardy
-0.73261213,-0.52771425,0.024089158,-0.059585035,-0.64361006,-0.58050615,0.012678593,-0.51188266,-0.7872658,0.83086705,-0.040812463,0.39737546,-0.57353437,0.07209243,-0.031113997,0.04779716,5,1.0,0.05930975,Ruben Vargas
2.0365505,1.3361063,-0.47596008,0.39297226,1.8592187,0.81741893,0.016447634,0.81174064,1.6787928,-0.45347768,-0.20405495,0.15506397,0.80725646,0.13876873,-0.02101136,0.049811468,1,1.0,0.12732928,Johan Vásquez
1.6926107,1.189853,-0.2647828,0.29784495,1.933795,0.6814686,-0.13471384,0.70866084,1.3013914,0.20849125,-0.084280856,-0.2472928,0.99563116,-0.0562324,0.15665203,0.07541342,1,1.0,0.20767102,Denis Vavro
0.5258671,0.33915865,0.06775097,-0.09025385,0.36345965,0.48639697,-0.13085353,0.2688169,0.54247206,-0.86881006,-0.07184413,0.03172349,0.04561948,0.084958136,-0.12586555,0.23568663,6,0.99999815,0.20382956,José Luis García Vayá
-0.1494418,0.009557031,0.02179338,-0.1950447,0.45743698,0.13189355,-0.045919813,-0.06587869,-0.10328691,1.2323332,0.057954624,-0.2943989,-0.22540146,-0.29507983,0.10307878,-0.08724541,0,1.0,0.095462576,Jesus Vazquez
0.18176004,0.44558233,0.81551474,0.121198975,-0.0006970614,0.15010796,-0.14296503,0.045093004,0.33131516,-1.9641235,-0.20800552,-0.40804523,0.14235336,0.09817955,-0.38434,0.09364828,6,1.0,0.14653544,Lucas Vázquez
0.36527574,-0.8843125,-0.123064354,0.026732542,0.44818854,-0.14207691,-0.2599282,0.024535425,-0.38670534,1.0904634,0.65208656,0.010661716,-0.07604633,-0.11183581,0.49959654,0.20205316,0,1.0,0.52676976,Matías Vecino
1.1076221,-0.2923332,-0.28605795,0.11170272,1.6686419,0.31015438,-0.34357274,0.33832008,0.41298985,1.4684913,0.67609376,-0.46732536,0.59154063,-0.5063564,0.5799997,0.08178013,7,1.0,0.19059202,Renato Veiga
-0.84500813,-0.24126084,-0.2585532,-0.2608549,-0.56819355,-0.4093899,0.31649786,-0.090312555,-0.5722996,1.7789253,-0.1281937,0.4764466,-0.7430511,-0.04197596,0.082524836,-0.25277984,5,1.0,0.11523255,Alejo Véliz
0.11516773,-0.21276422,-0.06260733,-0.13404001,0.83632916,0.10998121,-0.15959293,0.14049087,-0.06496407,1.3775952,0.33080435,-0.33595031,0.037007324,-0.41430953,0.20927766,-0.056186087,7,0.9999809,0.083561204,Miloš Veljković
0.07034429,0.93652856,0.08336189,-0.12182514,0.6531746,0.67855597,-0.16854784,-0.048205175,0.49669337,0.18524268,-0.23962618,-0.70344216,-0.016549282,-0.063125424,-0.12665413,-0.14778674,3,1.0,0.0831982,Joël Veltman
0.26424327,-0.12406738,-0.08899118,-0.055701554,0.9694599,0.14154547,-0.20343357,0.19650584,0.05597745,1.2266517,0.37095904,-0.3182118,0.14035702,-0.42366052,0.21375251,-0.043885894,7,1.0,0.09917099,Micky van de Ven
0.3589119,-0.06547856,-0.11358647,0.06641845,0.29790196,0.0557352,-0.13316286,0.17965272,0.08518925,0.17568024,0.19159114,0.37715563,-0.053002678,-0.008895472,0.2213169,-0.08899655,3,1.0,0.11014986,Jordan Veretout
0.11025214,0.51636654,0.038621053,-0.13286558,0.62150484,0.51596653,-0.116997525,0.01699823,0.3166914,0.41642943,0.053935986,-0.41259694,-0.015647002,-0.100462794,0.031913802,0.004462652,3,1.0,0.057176977,Arthur Vermeeren
-0.7237555,-0.4153719,0.10804405,-0.06500203,-0.58575547,-0.57214123,-0.001442194,-0.58827823,-0.744896,0.9915092,-0.070922375,0.3191894,-0.5759267,0.011122927,-0.07561335,-0.009636745,5,1.0,0.13810375,Yorbe Vertessen
0.10820452,-0.10544697,-0.025911167,-0.20020542,0.70965445,0.10091699,-0.12665358,0.13837397,-0.06441026,0.99572945,0.3182994,-0.15169396,-0.11049429,-0.3325721,0.23248178,0.08046246,7,0.66879934,0.050031036,Mikel Vesga
1.2680116,-0.19709368,-0.320189,0.2251299,1.8788849,0.37889785,-0.3964698,0.40666446,0.55963707,1.5722525,0.6787101,-0.5532497,0.75372916,-0.5903949,0.61040753,-0.01883217,7,1.0,0.15315959,Jannik Vestergaard
-0.3750871,0.002806805,1.4514395,0.15610462,-0.7497139,-0.69517374,0.11941491,-0.4556414,-0.28763136,-2.3849247,-0.11487006,-0.4222038,0.36860237,-0.16880064,-0.78124785,-0.109369226,2,0.9992111,0.19729157,Carlos Vicente
-0.48346195,-0.3878469,-0.03254722,-0.21399012,0.17846176,-0.10486523,0.018121019,-0.1596758,-0.42865574,1.9977033,0.06302028,-0.12993975,-0.5126395,-0.3909036,0.1214917,-0.2447511,0,1.0,0.053064145,Samuele Vignato
-0.7638203,-0.51202744,0.22568662,0.013354972,-0.7983776,-0.5763958,-0.115236536,-0.6654479,-0.82384723,0.18847016,-0.071919456,0.30310705,-0.46998242,0.14759439,-0.19355348,0.1106834,5,0.9998149,0.104269646,Nicolas Viola
0.17600152,1.043642,0.16925868,-0.32328743,0.4390113,0.7933179,-0.10106051,-0.08518119,0.6997445,-0.64300406,-0.21242686,-0.7878919,-0.23626527,-0.12389292,-0.17238109,-0.13498071,6,0.98810744,0.1609649,Viti
0.87732625,1.6103878,-0.2079814,-0.1153157,1.2860879,1.1163989,-0.10291894,0.1723327,1.3142897,-0.36052045,-0.1609346,-0.6421536,0.164556,0.025419146,-0.14234819,0.038173556,1,1.0,0.1956542,Mattia Viti
-0.7223108,-0.13478173,0.41744447,-0.049071226,-0.70241404,-0.5575819,-0.06538094,-0.64946055,-0.68039656,0.16371062,-0.117411524,0.061903343,-0.46756798,-0.0031432658,-0.27339736,-0.03618353,5,1.0,0.16804741,Vitinha
1.4074671,0.082122535,-0.31133878,0.12807345,0.11243945,0.15019763,0.19798811,1.0435685,0.83246136,-2.2152522,-0.30190778,0.65376633,0.5491897,0.19031891,-0.029186428,0.00479009,6,1.0,0.35318786,Vitinha
1.8818387,1.3751577,-0.5106057,0.36027843,1.7160566,0.79712075,-0.05113692,0.8939502,1.6252649,-0.73705906,-0.33943295,0.20060581,0.77849954,0.14779946,-0.030065343,0.06887387,1,1.0,0.1440427,Daniel Vivian
-1.2023777,-1.4417399,-1.5382369,0.17182943,-2.3829012,-1.3403145,0.83199906,0.40112376,-1.135163,-0.04622004,-0.24154688,1.7847013,-0.55598754,0.7027662,0.5191976,0.083134376,4,1.0,0.09149122,Dušan Vlahović
-0.04333712,-0.36054242,0.39112306,0.029992104,-0.6200308,-0.09018684,-0.09218682,-0.07261535,-0.17958365,-1.3290496,0.117689505,0.15411562,0.15928459,0.24677172,-0.24673826,0.19333261,2,0.9807799,0.090168886,Nikola Vlašić
-0.76221347,0.12622322,-0.12804563,-0.30106607,-0.21495913,-0.13689116,0.20746596,-0.11008695,-0.2812351,1.7628772,-0.11350505,0.018289551,-0.53772366,-0.13292104,-0.011994228,-0.35449,0,1.0,0.2749909,Alessandro Vogliacco
0.91489756,-0.76848155,-0.31175512,0.053033464,1.5980885,0.124954924,-0.4640653,0.35313177,0.032747284,1.9697626,0.9292793,-0.6401973,0.45388559,-0.60177577,0.6876874,-0.0114453435,7,1.0,0.20538461,Alessandro Vogliacco
0.9348389,-0.18335655,-0.20622762,0.09464645,1.4739835,0.23906922,-0.30519626,0.35689119,0.34402108,1.2992682,0.56356657,-0.39874503,0.56390136,-0.51856804,0.5075556,-0.010230742,7,1.0,0.09934046,Kevin Vogt
0.19229785,-0.15535899,0.07383205,-0.10469443,0.71360564,0.07215799,-0.14731951,0.13388321,-0.10823381,0.8551096,0.3397994,-0.17624962,-0.023373693,-0.36695755,0.21403599,0.051131032,0,1.0,0.069227055,Mërgim Vojvoda
-0.32213128,-0.06738782,0.25219455,-0.25474137,0.06811774,-0.06273372,-0.10084154,-0.32551977,-0.36601886,1.0185329,0.1574345,-0.23881774,-0.3469083,-0.30717683,-0.049175784,-0.026879348,0,1.0,0.08390218,Mërgim Vojvoda
0.40922236,-0.66591024,-0.23099844,-0.14212164,1.0788785,0.05967336,-0.3198129,0.2509396,-0.19385031,1.7794402,0.66429746,-0.32317555,0.03200274,-0.5402653,0.498851,-0.022202425,7,1.0,0.16055463,Aster Vranckx
0.8685367,0.64924306,-0.14833508,0.13173595,1.3301903,0.4727305,-0.24822447,0.3714487,0.69776297,0.6598008,0.09864361,-0.3067806,0.5052279,-0.21235019,0.16564617,0.03427969,1,1.0,0.19497249,Stefan de Vrij
-1.0515538,-0.66956705,-0.7164305,-0.2439205,-1.1886712,-0.76126456,0.5195004,0.0833727,-0.9676239,1.1784163,-0.1718897,0.9067716,-0.77393544,0.2114174,0.21181047,0.04977444,5,1.0,0.20203583,Elye Wahi
2.0023246,1.1848421,-0.36049187,0.38174877,1.9874637,0.7072398,-0.05364263,0.7818814,1.5232368,-0.2189185,-0.11961976,-0.05853919,0.9745528,0.06819244,0.08691618,0.11741718,1,1.0,0.07736396,Hauke Wahl
0.113590255,-0.2279794,-0.0048924834,-0.10350588,0.82342243,0.09652545,-0.18654314,0.11750355,-0.10200111,1.2295241,0.33165592,-0.262686,-0.0372069,-0.42387813,0.21499285,-0.042755373,7,0.9847707,0.062673226,Kyle Walker
0.3288719,-0.46742225,-0.1362486,-0.13838506,0.9985782,0.09014713,-0.27282017,0.23050608,-0.14076604,1.4642736,0.54328984,-0.29449457,0.0472197,-0.50271046,0.3728941,-0.014153257,7,1.0,0.07246852,Kyle Walker
0.7463162,0.8412131,0.615371,0.31520817,0.28710908,0.3121668,-0.15136895,0.23813532,0.7627987,-1.7864902,-0.35082757,-0.123531274,0.33337212,-0.018372849,-0.35287094,-0.36776525,6,1.0,0.3770379,Kyle Walker-Peters
0.12291902,0.74261916,0.10625443,-0.043547805,0.6858865,0.6038447,-0.14501622,-0.012091823,0.42697895,0.41234013,-0.13403605,-0.5784138,0.06905741,-0.10239652,-0.11022121,-0.12536103,3,1.0,0.08849503,Sebastian Walukiewicz
0.69315517,1.3825141,0.5265967,-0.013488285,0.55481035,0.8276955,-0.02340804,0.5523897,1.3580137,-2.723115,-0.49620867,-0.39004916,0.11329467,-0.013405755,-0.5005955,-0.023291714,6,1.0,0.35859108,Aaron Wan-Bissaka
-0.32394126,-0.16678497,-0.05971721,-0.11373834,-0.57918346,-0.16523018,-0.0034235269,-0.012488587,-0.17157498,-0.41375533,-0.038959906,0.45980272,-0.40698665,0.20971939,-0.02274251,0.034477383,2,1.0,0.10511538,Paul Wanner
-0.1444002,-0.11169792,0.15644945,-0.29364604,0.26798773,-0.012112506,-0.09101256,-0.01963678,-0.25656575,0.6706537,0.26667416,0.0042825304,-0.2668868,-0.15750325,0.07125743,0.18058163,0,0.93706524,0.091682434,James Ward-Prowse
-1.2827951,-1.9114912,-1.9364532,0.46394408,-3.0503736,-1.8248876,1.3515599,0.6318223,-1.0519757,-1.1682903,-0.17255546,2.0592122,-0.14087497,0.9381883,0.49558103,-0.0022,4,1.0,0.14253025,Ollie Watkins
-0.20958588,-0.32542956,-0.039147303,0.034186438,-0.65535176,-0.20237371,-0.0064495355,0.0852167,-0.095037445,-0.75423115,-0.018851485,0.69236416,-0.25624877,0.28271356,-0.08757854,0.029124916,2,0.99998474,0.101412795,Timothy Weah
0.010106809,0.13363098,-0.035667658,-0.06931974,0.79995596,0.23052336,-0.10454577,0.068265006,0.08664355,1.266096,0.15644851,-0.4162993,0.061848544,-0.3273144,0.1535466,-0.0633708,7,0.9744604,0.10735296,Adam Webster
1.8543072,0.9947077,-0.33181417,0.23304185,1.6930052,0.72387505,-0.04989236,0.5742364,1.454984,-0.5120221,-0.06809936,-0.0151225235,0.705711,0.14170823,0.031150743,0.215311,1,1.0,0.23149772,Julian Weigl
-0.8593296,-0.6658311,-0.5378835,-0.18683359,-0.9531185,-0.6646624,0.3235044,-0.05102366,-0.87539935,0.9288538,-0.0896147,0.8563661,-0.71673346,0.22214848,0.1997751,0.17239834,5,1.0,0.08288355,Nelson Weiper
0.04667692,0.0045560673,0.34367478,0.09892618,-0.63176787,-0.12881657,0.20467378,0.4972074,0.4417991,-2.8293178,-0.24784313,0.06609958,0.4153609,0.40248168,-0.3145944,0.0771076,6,0.9994013,0.2529391,Mitchell Weiser
-0.695138,-0.35629928,0.26080444,0.07495617,-0.58910006,-0.6295722,-0.09863436,-0.6943136,-0.7305319,0.43781093,-0.116005465,0.2360524,-0.41951978,0.030120939,-0.1903438,-0.057107665,5,1.0,0.12545538,Noah Weißhaupt
-0.700871,-1.2399063,-1.2209418,0.04978306,-1.9621358,-0.96913517,0.7270708,0.44034418,-0.6449362,-0.6205675,-0.22993352,1.3736835,-0.29225478,0.6802713,0.26365796,0.22894436,4,1.0,0.13631508,Danny Welbeck
-0.008332752,-0.3940102,-0.07797159,-0.1809075,0.7233518,0.035696447,-0.12839243,0.11581169,-0.21237132,1.6322742,0.31134582,-0.26145414,-0.15167755,-0.4082304,0.29123244,-0.11796527,0,0.98991174,0.06297794,Welington
-0.40548334,-0.3404386,0.3151786,-0.020637803,-0.24283147,-0.3957125,-0.1551924,-0.62956244,-0.6429612,0.5198883,0.17301482,0.05379995,-0.34150147,-0.11750871,-0.09299186,0.12278519,5,1.0,0.16367811,Timo Werner
-0.37290296,0.480177,0.5758509,-0.23897645,-0.035551205,0.036039747,-0.26859134,-0.38898993,-0.28775197,-0.19741285,-0.09049833,-0.6586446,-0.22303453,-0.10912758,-0.19783902,-0.04849107,3,0.99985033,0.20505087,Adam Wharton
-0.46816853,0.73072135,0.23162031,-0.20430319,0.07807688,0.18679944,-0.0102163255,-0.2541734,-0.03384521,0.67787904,-0.10751535,-0.5660722,-0.3055116,-0.08383916,-0.18820646,-0.24296921,3,1.0,0.2516282,Ben White
-0.71354735,0.13616146,0.07492097,-0.24554983,-0.12747128,-0.06912657,0.11595179,-0.33926287,-0.29068685,1.7823162,-0.1582405,-0.2462097,-0.5146451,-0.27798796,-0.09923643,-0.41270947,0,1.0,0.22287104,Silvan Widmer
0.028341465,0.4851936,0.1791366,-0.30691436,0.26617613,0.53220433,-0.1704805,0.012919594,0.33717716,-0.36102098,0.025770739,-0.41370878,-0.2861874,-0.0033715963,-0.03161887,0.061177094,3,0.999508,0.10780163,Mats Wieffer
-0.8933507,-1.0207837,0.808978,0.73874664,-1.5775154,-1.4600273,0.3053354,-0.52599126,-0.84142494,-2.5651062,-0.037003964,0.32058316,0.62366813,0.032592654,-0.62408787,-0.011581786,2,1.0,0.2102791,Iñaki Williams
0.24645792,1.4919357,0.20335777,-0.33696163,0.40775746,0.9222662,0.0785059,0.1689751,1.104301,-1.5977559,-0.36559242,-0.7662129,-0.24518636,-0.06776216,-0.28768086,-0.22921759,6,1.0,0.29718268,Neco Williams
-0.5641521,-0.781447,0.8662363,0.46621323,-1.1653869,-0.96390474,-0.10519797,-0.7315055,-0.67093694,-1.798875,0.08392192,0.21737334,0.44845745,0.05027336,-0.530088,0.055640347,2,1.0,0.16340567,Nico Williams
-0.4320518,-0.15088364,0.4921131,-0.08036019,-0.36992612,-0.27667397,-0.28437567,-0.6236238,-0.52294725,0.109697945,0.0452474,-0.14064358,-0.3856564,-0.09191377,-0.20161691,0.086650215,5,0.9994508,0.0732993,Joe Willock
-0.6877272,-0.71805006,-0.40299863,-0.020955205,-1.1408383,-0.5184349,0.17334451,-0.068245575,-0.69565076,-0.08211646,-0.12976076,0.89618856,-0.4972624,0.36616564,0.06695199,0.2842698,4,0.99910206,0.0923256,Harry Wilson
-0.19285625,0.021984302,0.09177896,-0.2079657,-0.47427827,0.19696218,0.0474879,0.15761113,0.22134787,-1.4662006,0.017571215,0.08736097,-0.16416073,0.1359278,-0.1295303,0.12638058,6,1.0,0.24490182,Patrick Wimmer
-0.54989505,-1.0171579,-0.112944886,0.17592973,-1.2216471,-0.6635853,0.2833987,-0.0043605184,-0.6671701,-1.0248213,-0.13221554,0.730651,-0.10357692,0.38432467,-0.18355508,0.37556335,2,0.99999815,0.25824675,Jonas Wind
-0.05219969,0.504261,0.20371467,-0.09225248,0.40275097,0.16518945,-0.11513891,-0.008000508,0.07007149,0.46345976,0.010828018,-0.34086755,-0.0892109,-0.0684095,-0.03669841,-0.13538441,3,1.0,0.15518935,Harry Winks
-0.3559102,-1.1943976,0.556951,0.6935402,-1.5422591,-0.8451314,0.64947987,0.12941583,-0.43710068,-3.894387,0.20633079,0.32754013,1.4679476,0.34362355,-0.38225228,0.44592395,2,1.0,0.091657735,Florian Wirtz
-0.9729768,-1.9687175,-2.012311,0.37891275,-3.1115565,-1.7075169,1.3755295,0.78196543,-0.9335484,-1.3301494,-0.27162623,2.0902386,-0.11594104,0.9055394,0.4379946,-0.03648492,4,1.0,0.110154465,Yoane Wissa
-0.70431876,0.24215074,-0.13204391,-0.30901644,-0.5367307,-0.17165434,0.27438772,-0.07935794,-0.24497744,1.0495619,-0.16493386,0.19477592,-0.6242636,0.08210923,0.00017827749,-0.22777191,5,1.0,0.16207513,Dani de Wit
0.22962935,-0.13364667,-0.12083222,-0.11066413,1.00029,0.23187017,-0.18051532,0.12922804,0.0472856,1.50165,0.31593317,-0.43838206,0.14351779,-0.46866202,0.25239274,-0.054741018,7,1.0,0.067527965,Axel Witsel
0.28397042,1.1476045,0.771185,-0.19813155,0.25305665,0.4944819,-0.09732712,0.11497261,0.5891865,-1.9767563,-0.49004346,-0.7088355,-0.04795373,-0.17122427,-0.39569616,-0.006510444,6,1.0,0.19437198,Maximilian Wittek
-0.04261949,0.38990426,0.94221354,-0.020878226,-0.0657586,0.024448454,-0.22276944,-0.29900503,-0.14671323,-1.3024529,-0.17409228,-0.47759554,0.11883556,-0.0907749,-0.38761264,0.07288098,6,1.0,0.15568897,Marius Wolf
-0.72975886,-1.7346504,-0.70936334,0.4219249,-1.896613,-1.0204936,0.6629428,0.06903745,-0.9384685,-1.0755938,-0.19888295,1.1754667,0.06411236,0.6959235,-0.018982358,0.2882094,4,1.0,0.18773976,Nick Woltemade
-0.2579448,-0.60073155,0.13317114,0.07613138,-0.58717436,-0.34180465,-0.18323144,-0.36176768,-0.52049947,-0.2063418,0.19728664,0.4530819,-0.15381312,0.25594094,-0.04214385,0.18614489,2,0.9404699,0.06925345,Jeong Woo-yeong
-1.1607523,-1.7249916,-1.866511,0.1848697,-2.8240604,-1.5427924,1.1508753,0.8023493,-1.0321867,-0.3732669,-0.4091034,1.9415876,-0.3659401,0.88475275,0.52615625,0.2131038,4,1.0,0.23596755,Chris Wood
0.5047585,-0.45431608,-0.21984054,-0.113366894,1.2543672,0.18647157,-0.30181855,0.2648929,0.006319806,1.7464405,0.56753343,-0.49142233,0.26905736,-0.59722924,0.41814178,-0.0153802335,7,1.0,0.07704618,Nathan Wood-Gordon
0.70169294,0.3258639,-0.1006114,0.01931715,1.2226661,0.45596063,-0.20764644,0.19127835,0.521818,0.773567,0.2695152,-0.3000543,0.36407068,-0.31070054,0.20350927,0.055862617,7,1.0,0.037452728,Christopher Wooh
0.34415567,0.028891101,-0.17210667,-0.0010761544,1.1668032,0.32040304,-0.21143018,0.12978849,0.23738301,1.5208857,0.2892726,-0.5581574,0.36983946,-0.5095501,0.26112074,-0.10421621,7,1.0,0.12571363,Luke Woolfenden
0.6881398,0.6676177,0.48832738,0.14869648,0.24801436,0.23374978,-0.07013118,0.6931728,0.5827024,-2.7577598,-0.38186485,-0.29034117,0.43824497,0.3218463,-0.25486463,0.21129072,6,1.0,0.33973446,Granit Xhaka
-0.47315934,-1.1570123,0.48047382,0.8292263,-1.7515469,-1.0702294,0.79299086,0.19471948,-0.416356,-4.2212043,0.06529429,0.4207842,1.477626,0.38866812,-0.42882955,0.13992743,2,1.0,0.15781276,Lamine Yamal
0.195297,0.46442187,0.04745397,-0.1450342,0.7483169,0.54497683,-0.11663008,0.0043210573,0.3507256,0.4480715,0.105583385,-0.39163995,-0.00235302,-0.1487621,0.0039450675,0.03176512,3,0.9999962,0.06675842,Yehor Yarmoliuk
0.3946455,0.4974718,-0.01716359,-0.095610246,0.66650045,0.4951521,-0.09616138,0.23236291,0.4600817,0.059479754,0.109926686,-0.099683724,-0.009733118,0.0038899928,0.021132901,0.041675024,3,0.999958,0.1028977,Ryan Yates
-0.60825896,-0.60146624,0.22508591,0.17740503,-0.6642356,-0.5935169,-0.17413007,-0.667535,-0.8124129,0.12590137,0.031803064,0.38051564,-0.2585348,0.16443902,-0.13900137,0.07994914,5,0.9973714,0.08099049,John Yeboah
-0.648422,-0.40525752,-0.21762438,-0.17807648,-0.55606705,-0.468556,0.17466222,-0.20159733,-0.6128776,1.2965401,-0.09052044,0.56112885,-0.7094779,0.0028713793,0.13773441,-0.028197043,5,1.0,0.11258191,Bertuğ Yıldırım
-0.23482776,-0.49237853,0.9494084,0.2847542,-0.93576217,-0.51721394,0.25182086,-0.16129789,-0.29383796,-2.780199,0.18516952,-0.005251959,0.819374,0.22311088,-0.53608584,0.20213093,2,1.0,0.15346831,Kenan Yıldız
0.49825582,0.15190034,-0.113123015,0.007773027,1.1412984,0.3880616,-0.22732314,0.14910017,0.3555282,1.020339,0.30624896,-0.36860156,0.32270813,-0.41661462,0.21978363,0.0048422962,7,1.0,0.06061665,Leny Yoro
0.0903444,0.9296346,0.47825068,-0.3285933,0.2791695,0.5039823,-0.13611194,-0.009447995,0.31059295,-0.91641724,-0.3011517,-0.78456235,-0.19911312,-0.12723942,-0.26913616,-0.049265586,6,0.9999781,0.10036792,Ashley Young
1.9767987,0.42635208,-0.45140278,0.4358943,2.2201276,0.53704363,-0.18776833,0.675718,1.1969788,1.0332668,0.3355906,-0.32673332,1.1889061,-0.30710167,0.52636915,-0.05927057,1,1.0,0.13908793,Etienne Youte Kinkoue
1.8964428,1.6130899,-0.31542772,0.4328171,1.9155536,0.9059309,-0.0892739,0.7335132,1.6815267,-0.6252408,-0.33004075,-0.17694525,0.84885544,0.14213297,-0.10844783,0.031970367,1,1.0,0.07328619,Illia Zabarnyi
-0.17639759,-0.6156049,0.43322182,0.25346538,-1.12168,-0.4499914,0.33411646,0.07553382,0.023797542,-2.8217094,-0.052607194,0.29944456,0.6731381,0.21933317,-0.4917576,0.21421519,2,1.0,0.16272342,Mattia Zaccagni
0.7749598,0.56618756,-0.11000927,0.16915655,0.3853499,0.40381145,-0.0735493,0.44325104,0.88411486,-1.0965581,-0.18613945,0.20018429,0.11383472,0.20207092,-0.040536813,-0.16546133,6,0.99589145,0.1598017,Warren Zaïre-Emery
0.7054583,-0.14502613,-0.63632995,-0.09449547,-0.264534,0.29253665,0.2149298,0.5772051,0.78227407,-1.3491732,-0.18418299,0.76205844,0.19308767,0.34032407,0.04457207,0.18670452,6,1.0,0.3252644,Denis Zakaria
-0.6023071,0.01655671,0.3383338,-0.15839288,-0.22987084,-0.22627029,-0.08455066,-0.58756554,-0.4632849,1.2041261,-0.057642013,-0.1978634,-0.470052,-0.2669194,-0.17758119,-0.2551684,5,0.99827343,0.15035047,Nicola Zalewski
0.5957905,-0.094282165,-0.48384976,-0.1181429,-0.3289848,0.27572978,0.22675417,0.69619066,0.7876893,-1.8351316,-0.16224901,0.72895545,0.18601668,0.41353112,-0.12814873,0.18407995,6,1.0,0.2268149,Andre-Frank Zambo Anguissa
-0.33896604,0.35095793,0.3247652,-0.20554373,-0.12158087,0.005697891,-0.13247043,-0.36052588,-0.18447262,0.25618273,0.016977772,-0.24503036,-0.4229595,-0.098637,-0.17158107,-0.13695389,3,1.0,0.122874066,Francesco Zampano
-0.14361264,0.34341305,0.5884029,-0.046880208,-0.10783493,-0.11556881,-0.25524595,-0.4909224,-0.20495275,-0.10324355,-0.0709889,-0.34325057,-0.23288569,-0.21378672,-0.25609338,-0.23672569,3,0.9999075,0.20484456,Alessandro Zanoli
-1.0901225,-0.37701106,-0.46655864,-0.24237573,-1.1514711,-0.69091505,0.45715964,-0.12752862,-0.8596828,1.2874779,-0.2684508,0.6938898,-0.75888455,0.16577661,0.06226115,-0.10762597,5,1.0,0.14401233,Duván Zapata
0.75284004,0.8310562,0.40869826,0.124591626,0.49835488,0.37815356,-0.16735852,0.38916948,0.6547548,-1.5354316,-0.3618495,-0.029006576,0.22496581,-0.036435664,-0.3242625,-0.12922236,6,1.0,0.18937644,Gabriele Zappa
0.07726412,0.0010449886,0.47081417,0.123046555,-0.49076927,-0.19017774,-0.08495853,-0.12429163,-0.13976732,-1.3176503,0.03675674,0.24611022,0.23582417,0.08880961,-0.21639916,-0.04541617,2,0.98235154,0.1736385,Davide Zappacosta
-0.6365311,-0.51617277,0.9520436,0.37845078,-0.7620618,-0.94398403,-0.090822294,-0.8203684,-0.87740904,-1.1426244,0.28379142,-0.04459759,0.28390795,-0.0012239069,-0.3461579,0.0073228627,2,1.0,0.18509185,Bryan Zaragoza
-0.37772328,-0.28043917,0.8900936,0.015248686,-0.5022919,-0.49054426,-0.24424078,-0.71489143,-0.61225474,-0.84875154,0.182065,-0.1465529,0.046392284,-0.029572181,-0.37450802,0.14358018,2,1.0,0.10739901,Anass Zaroury
-0.21580818,-0.3088345,-0.0045280457,-0.23890477,0.37132683,0.006950155,-0.05427307,-0.0385319,-0.30040944,1.5137848,0.16260223,-0.15590614,-0.34571013,-0.34390673,0.17207721,-0.076746546,0,1.0,0.038618993,Oier Zarraga
0.747735,0.18336017,-0.18303867,0.077256344,1.3138244,0.3261452,-0.19371976,0.3111634,0.45576257,1.0128088,0.33214533,-0.30643645,0.4820163,-0.42155907,0.31253725,0.006542571,7,1.0,0.07323779,David Zec
-0.11507073,0.24520157,0.23729536,-0.1699959,0.1183274,0.15018699,-0.16326486,-0.16266386,-0.08761593,0.3492282,0.11092876,-0.21454576,-0.26066706,-0.123166546,-0.018885829,-0.010699384,3,0.9967476,0.044811327,Jordan Zemura
-0.24966425,0.41688877,0.65635574,-0.13923824,-0.21205275,-0.057617716,-0.17603119,-0.37472758,-0.107134186,-0.6799556,-0.14249213,-0.38693556,-0.34554866,-0.14455198,-0.33613884,-0.22922349,3,0.9653726,0.13594064,Alessio Zerbin
-0.13437732,0.46940053,0.06587132,-0.09618249,0.53167903,0.31994036,-0.0034399182,0.010935955,0.20868778,0.95371926,-0.031412795,-0.45224956,0.033528544,-0.17477195,-0.05539783,-0.17816877,0,1.0,0.22593741,Cedric Zesiger
0.64989233,-0.7932276,-0.28966898,-0.071910925,1.2880504,0.062954456,-0.3783948,0.26586843,-0.12425541,1.8424156,0.8430487,-0.41135374,0.15357685,-0.5157722,0.64660686,0.05496334,7,1.0,0.2656273,Cedric Zesiger
1.257749,0.36641717,-0.19947858,0.13016343,1.7915978,0.5894484,-0.26576468,0.32224786,0.8488354,0.95326144,0.37149328,-0.4301543,0.7130252,-0.4271296,0.33075505,0.06369406,7,0.9980755,0.07748293,Nathan Zeze
-0.43454453,-0.5431552,0.2400719,0.13626376,-0.7167769,-0.491575,-0.19828025,-0.6403148,-0.7160918,-0.028524458,0.082398094,0.3069701,-0.17543891,0.12154549,-0.106084354,0.14283577,5,0.9986829,0.09906908,Edon Zhegrova
-0.25181514,-0.22237675,0.11524598,-0.09920653,-0.03811017,-0.17674711,-0.09211347,-0.18352278,-0.3954695,0.5367703,0.2712724,0.13532229,-0.30421814,-0.033315144,0.060920194,0.18816608,3,0.99126834,0.13141148,Piotr Zieliński
-0.0070889518,-0.5951644,-0.027647302,-0.0963355,0.4551904,-0.10588982,-0.21926084,-0.0052166693,-0.43991908,1.2548755,0.4224887,-0.06871649,-0.20182398,-0.36608475,0.30953372,0.09498348,0,1.0,0.11493625,Oleksandr Zinchenko
-0.846086,-0.47094655,-0.47358012,-0.16472176,-1.0255098,-0.59091306,0.28616428,-0.0245299,-0.7159675,0.4749648,-0.10260007,0.81299657,-0.6231737,0.28940332,0.1345075,0.16505063,5,1.0,0.09519818,Joshua Zirkzee
-0.7173896,-0.20497322,0.0063402057,-0.22494826,-0.67211485,-0.38479912,0.16388182,-0.35180536,-0.590613,0.9341047,-0.08214147,0.311035,-0.64440954,0.07734847,-0.040671356,0.0041521788,5,1.0,0.054956347,Budu Zivzivadze
-0.43573418,0.15788104,0.06311325,-0.24824488,0.22217824,0.119742565,0.025107175,-0.19357322,-0.102996394,1.4254237,-0.07286665,-0.34348956,-0.41118702,-0.2134628,-0.041491024,-0.25971693,0,1.0,0.120061755,Luck Zogbé
-0.06736192,-0.25527146,0.37880057,0.11798864,-0.61942995,-0.2955702,-0.006904125,-0.07983363,-0.12149386,-1.2843573,-0.002250798,0.41941202,0.045539655,0.098166704,-0.29404482,-0.05979403,2,0.99998474,0.1815334,Nadir Zortea
0.052083008,-0.16685045,0.41928405,-0.12985815,0.28278658,-0.106082834,-0.24817774,-0.24109256,-0.35995394,0.19274676,0.31618643,-0.2408097,0.0065298453,-0.260885,-0.050237507,0.12769502,3,1.0,0.32813305,Yanis Zouaoui
1.9414511,0.4975568,-0.3925172,0.39723727,1.8694023,0.5336358,-0.126241,0.56380546,1.2007917,0.50569445,0.20795725,-0.13235801,0.90537995,-0.13211049,0.3257057,-0.0013422891,1,1.0,0.17906837,Igor Zubeldia
1.2788672,1.0622246,-0.35428667,-0.044363044,0.9170888,0.8355082,0.1329666,0.6607607,1.5989821,-1.6401273,-0.29211944,0.18778503,0.14230329,0.25854024,-0.18685746,0.16063543,6,1.0,0.13697028,Martín Zubimendi
-0.1568734,-0.39416677,1.0171303,0.330146,-0.73927724,-0.5876118,0.2568457,-0.056691755,-0.54412585,-3.1707082,0.13907313,-0.18666056,1.1176631,0.22578898,-0.32541668,0.3474944,2,1.0,0.35151988,Martin Ødegaard
-0.49452588,-0.76793337,-0.49464774,-0.15676355,-0.40555748,-0.50485015,0.15622668,0.15889616,-0.68504524,1.4008741,-0.025101446,0.7458217,-0.71551687,-0.04322879,0.4137895,0.15798944,5,1.0,0.32381612,Milan Đurić
