{
  "run_id": "20260513_160615",
  "train_loss": [
    0.553745,
    0.297578,
    0.249873,
    0.241335,
    0.237568,
    0.223088,
    0.220643,
    0.202338,
    0.216437,
    0.207227,
    0.201181,
    0.199881,
    0.19361,
    0.186973,
    0.181275,
    0.191763,
    0.184833,
    0.199975,
    0.184901,
    0.185532
  ],
  "val_loss": [
    0.562732,
    0.238547,
    0.216436,
    0.203163,
    0.179057,
    0.179063,
    0.168637,
    0.171561,
    0.169672,
    0.161861,
    0.169182,
    0.146032,
    0.150926,
    0.149442,
    0.14029,
    0.134239,
    0.14152,
    0.162448,
    0.123952,
    0.139192
  ],
  "best_val_loss": 0.123952,
  "cluster_metrics": {
    "k_range": [
      2,
      3,
      4,
      5,
      6,
      7,
      8,
      9,
      10
    ],
    "silhouette": [
      0.4733,
      0.2893,
      0.2712,
      0.2639,
      0.2732,
      0.2602,
      0.2711,
      0.2642,
      0.2701
    ],
    "davies_bouldin": [
      0.9832,
      1.2402,
      1.1121,
      1.121,
      1.1246,
      1.1417,
      1.0601,
      1.0651,
      1.0665
    ],
    "calinski_harabasz": [
      1085.52,
      934.95,
      870.23,
      823.91,
      816.4,
      790.7,
      783.99,
      773.63,
      766.44
    ]
  },
  "best_k": 2,
  "test_mse": 0.103842,
  "final_recon_mse": 0.113243
}