{
  "run_id": "20260513_163951",
  "train_loss": [
    0.621401,
    0.319778,
    0.226145,
    0.213523,
    0.20405,
    0.207151,
    0.191074,
    0.159289,
    0.160961,
    0.161296,
    0.167776,
    0.159817,
    0.163507,
    0.158962,
    0.143125,
    0.168797,
    0.13764,
    0.147408,
    0.155961,
    0.136024,
    0.133321,
    0.131498,
    0.128182,
    0.131222,
    0.18443,
    0.131326,
    0.12583,
    0.119372,
    0.134427,
    0.142349,
    0.128985,
    0.117355,
    0.129906,
    0.145693,
    0.122767,
    0.119,
    0.115872,
    0.128982,
    0.107103,
    0.138621,
    0.165182,
    0.111213,
    0.122341,
    0.118978,
    0.169178,
    0.141586,
    0.127719,
    0.126939,
    0.107107,
    0.115207,
    0.137439,
    0.132044,
    0.119197,
    0.124782,
    0.102444,
    0.10997,
    0.125096,
    0.114768,
    0.115494,
    0.121309,
    0.130867,
    0.10911,
    0.125875,
    0.111621,
    0.12076,
    0.107594,
    0.138799,
    0.116532,
    0.117664,
    0.127405,
    0.131105,
    0.123402,
    0.125252,
    0.109615,
    0.107274,
    0.149239,
    0.164916,
    0.115284,
    0.121808,
    0.104653,
    0.12039,
    0.105157,
    0.107611,
    0.116529,
    0.108762,
    0.149102,
    0.109014,
    0.139157,
    0.167246,
    0.119969,
    0.107778,
    0.141155,
    0.111474
  ],
  "val_loss": [
    0.712464,
    0.299622,
    0.189003,
    0.156032,
    0.142529,
    0.127366,
    0.161953,
    0.137151,
    0.143192,
    0.119377,
    0.111504,
    0.10955,
    0.096108,
    0.123857,
    0.093895,
    0.124358,
    0.102363,
    0.09694,
    0.101734,
    0.1107,
    0.094579,
    0.096239,
    0.099648,
    0.089609,
    0.123294,
    0.113956,
    0.079338,
    0.100204,
    0.091647,
    0.080588,
    0.11095,
    0.088332,
    0.094335,
    0.08452,
    0.080251,
    0.078169,
    0.091045,
    0.082771,
    0.094303,
    0.093732,
    0.084763,
    0.085983,
    0.083466,
    0.085407,
    0.12881,
    0.083129,
    0.077791,
    0.096143,
    0.094578,
    0.089921,
    0.075652,
    0.092056,
    0.080963,
    0.076317,
    0.087335,
    0.091769,
    0.080873,
    0.081526,
    0.097679,
    0.082242,
    0.081622,
    0.075732,
    0.072924,
    0.078934,
    0.082883,
    0.085311,
    0.111371,
    0.103938,
    0.094524,
    0.104496,
    0.100652,
    0.078848,
    0.068779,
    0.074274,
    0.08169,
    0.117498,
    0.130432,
    0.083623,
    0.101049,
    0.080386,
    0.094736,
    0.083223,
    0.086729,
    0.07361,
    0.07727,
    0.104022,
    0.089829,
    0.070702,
    0.076526,
    0.074596,
    0.076353,
    0.099244,
    0.08588
  ],
  "best_val_loss": 0.068779,
  "cluster_metrics": {
    "k_range": [
      3,
      4,
      5,
      6,
      7,
      8,
      9,
      10,
      11,
      12
    ],
    "silhouette": [
      0.2726,
      0.2283,
      0.2275,
      0.2274,
      0.2203,
      0.2159,
      0.2196,
      0.2194,
      0.2066,
      0.2021
    ],
    "davies_bouldin": [
      1.3561,
      1.2944,
      1.2634,
      1.3027,
      1.2681,
      1.2968,
      1.2643,
      1.239,
      1.2796,
      1.294
    ],
    "calinski_harabasz": [
      789.03,
      737.95,
      694.65,
      660.76,
      608.96,
      577.08,
      558.52,
      538.16,
      515.71,
      493.63
    ]
  },
  "best_k": 3,
  "test_mse": 0.060951,
  "final_recon_mse": 0.061622
}