{
  "run_id": "20260517_204823",
  "version": "v2",
  "train_loss": [
    0.302118,
    0.229887,
    0.18594,
    0.190607,
    0.188527,
    0.180199,
    0.18634,
    0.181921,
    0.193912,
    0.185064,
    0.198411,
    0.187289,
    0.190984,
    0.197595,
    0.214921,
    0.20193,
    0.222748,
    0.207726,
    0.215879,
    0.215966,
    0.217216,
    0.220953,
    0.21839,
    0.223971,
    0.223159,
    0.226994,
    0.234759,
    0.235502,
    0.237827
  ],
  "val_loss": [
    0.280604,
    0.160235,
    0.156059,
    0.140045,
    0.15334,
    0.149611,
    0.140558,
    0.142843,
    0.158736,
    0.159021,
    0.145453,
    0.151743,
    0.157307,
    0.153859,
    0.167447,
    0.165362,
    0.184997,
    0.161131,
    0.168177,
    0.167726,
    0.168931,
    0.175253,
    0.164994,
    0.172417,
    0.172556,
    0.177174,
    0.17802,
    0.176847,
    0.179394
  ],
  "best_val_loss": 0.140045,
  "test_loss": 0.422319,
  "cluster_metrics": {
    "k_range": [
      5,
      6,
      7,
      8,
      9,
      10
    ],
    "bic": [
      -44827.73,
      -45778.96,
      -46507.83,
      -46494.68,
      -46539.67,
      -46488.53
    ],
    "silhouette": [
      0.2954,
      0.2735,
      0.2549,
      0.2605,
      0.247,
      0.2287
    ],
    "davies_bouldin": [
      1.0408,
      1.1813,
      1.096,
      1.0437,
      1.0324,
      1.0549
    ],
    "calinski_harabasz": [
      1041.86,
      967.66,
      972.98,
      1010.71,
      943.23,
      914.15
    ]
  },
  "best_k": 8,
  "avg_silhouette": 0.2605,
  "anomaly_threshold": 0.504265
}