{
  "run_id": "20260513_162214",
  "train_loss": [
    0.550393,
    0.292795,
    0.244089,
    0.234355,
    0.214331,
    0.216634,
    0.208983,
    0.206824,
    0.21017,
    0.188546,
    0.1855,
    0.191435,
    0.187438,
    0.188088,
    0.195141,
    0.182065,
    0.191631,
    0.17615,
    0.169187,
    0.166214
  ],
  "val_loss": [
    0.601801,
    0.250034,
    0.191682,
    0.175227,
    0.155647,
    0.161124,
    0.149878,
    0.146368,
    0.163331,
    0.131432,
    0.136989,
    0.124519,
    0.123154,
    0.133042,
    0.152905,
    0.121173,
    0.11719,
    0.134093,
    0.122903,
    0.126072
  ],
  "best_val_loss": 0.11719,
  "cluster_metrics": {
    "k_range": [
      2,
      3,
      4,
      5,
      6,
      7,
      8,
      9,
      10,
      11,
      12,
      13,
      14,
      15
    ],
    "silhouette": [
      0.5275,
      0.278,
      0.258,
      0.2531,
      0.2767,
      0.2584,
      0.2458,
      0.23,
      0.245,
      0.253,
      0.2371,
      0.2353,
      0.232,
      0.2365
    ],
    "davies_bouldin": [
      0.9464,
      1.2069,
      1.2289,
      1.1966,
      1.0923,
      1.1576,
      1.168,
      1.2168,
      1.1348,
      1.1067,
      1.1768,
      1.1467,
      1.1436,
      1.1321
    ],
    "calinski_harabasz": [
      957.9,
      933.75,
      863.06,
      800.02,
      795.78,
      755.69,
      728.58,
      696.35,
      685.32,
      674.77,
      653.74,
      647.11,
      627.97,
      607.96
    ]
  },
  "best_k": 2,
  "test_mse": 0.098362,
  "final_recon_mse": 0.105374
}