{
  "run_id": "20260513_170045",
  "train_loss": [
    0.661579,
    0.346489,
    0.277067,
    0.233812,
    0.21176,
    0.217381,
    0.198965,
    0.203601,
    0.185717,
    0.176402,
    0.169067,
    0.180085,
    0.2027,
    0.176034,
    0.184708,
    0.171382,
    0.164584,
    0.178618,
    0.144683,
    0.179028,
    0.148018,
    0.176078,
    0.172514,
    0.181064,
    0.149087,
    0.164929,
    0.162577,
    0.169724,
    0.153299,
    0.163789,
    0.158948,
    0.161207,
    0.153884,
    0.148935,
    0.13982,
    0.137232,
    0.137688,
    0.141022,
    0.14431,
    0.161086,
    0.15901,
    0.141247,
    0.126768,
    0.159877,
    0.179022,
    0.157782,
    0.121708,
    0.138722,
    0.122279,
    0.152758,
    0.166406,
    0.130835,
    0.156669,
    0.146636,
    0.140218,
    0.132674,
    0.134319,
    0.147926,
    0.136952,
    0.135766,
    0.134722,
    0.120142,
    0.15001,
    0.205601,
    0.152502,
    0.117389,
    0.147487,
    0.134997,
    0.121852,
    0.119169,
    0.116139,
    0.119267,
    0.156365,
    0.126348,
    0.110087,
    0.121057,
    0.152657,
    0.114742,
    0.145386,
    0.117765,
    0.114662,
    0.121781,
    0.119836,
    0.127964,
    0.127288,
    0.133973
  ],
  "val_loss": [
    0.757555,
    0.367411,
    0.194788,
    0.183672,
    0.169185,
    0.155518,
    0.137147,
    0.161818,
    0.137277,
    0.131014,
    0.149409,
    0.144242,
    0.153352,
    0.125196,
    0.130625,
    0.116958,
    0.119272,
    0.109893,
    0.130593,
    0.137487,
    0.14163,
    0.120634,
    0.11744,
    0.112777,
    0.116691,
    0.122822,
    0.112588,
    0.125462,
    0.132589,
    0.126018,
    0.131868,
    0.123856,
    0.113476,
    0.118105,
    0.122973,
    0.126096,
    0.109657,
    0.123514,
    0.119835,
    0.129013,
    0.10372,
    0.119161,
    0.103468,
    0.090031,
    0.131479,
    0.113267,
    0.107883,
    0.094564,
    0.110838,
    0.097944,
    0.095914,
    0.096949,
    0.086625,
    0.123142,
    0.100582,
    0.100663,
    0.081727,
    0.119091,
    0.098514,
    0.109934,
    0.078978,
    0.108889,
    0.086749,
    0.147241,
    0.106448,
    0.104448,
    0.08598,
    0.083722,
    0.099451,
    0.100124,
    0.098044,
    0.100024,
    0.104311,
    0.110326,
    0.108798,
    0.109794,
    0.097253,
    0.101277,
    0.080219,
    0.091988,
    0.101898,
    0.091492,
    0.087383,
    0.092145,
    0.099338,
    0.099324
  ],
  "best_val_loss": 0.078978,
  "cluster_metrics": {
    "k_range": [
      5,
      6,
      7,
      8,
      9,
      10
    ],
    "silhouette": [
      0.2442,
      0.2482,
      0.211,
      0.2226,
      0.2192,
      0.2164
    ],
    "davies_bouldin": [
      1.2062,
      1.2215,
      1.2757,
      1.206,
      1.2374,
      1.2354
    ],
    "calinski_harabasz": [
      702.19,
      665.55,
      625.5,
      601.75,
      575.81,
      551.89
    ]
  },
  "best_k": 5,
  "test_mse": 0.067611,
  "final_recon_mse": 0.068262,
  "ensemble_vote_agreement": 0.6316
}